"Authors","Author full names","Author(s) ID","Title","Year","Source title","Volume","Issue","Art. No.","Page start","Page end","Cited by","DOI","Link","Publisher","Document Type","Publication Stage","Open Access","Source","EID"
"van Houtte, M.","van Houtte, Mieke (6602353756)","6602353756","School’s sex-composition, teachers’ accuracy and gender stereotypes: explanations for teachers’ different teachability perceptions of boys and girls","2025","Social Psychology of Education","28","1","81","","","0","10.1007/s11218-025-10044-6","https://www.scopus.com/inward/record.uri?eid=2-s2.0-105000309724&doi=10.1007%2Fs11218-025-10044-6&partnerID=40&md5=38802c290744d08c65f4400b9b1c8adc","Springer Science and Business Media B.V.","Article","Final","","Scopus","2-s2.0-105000309724"
"van Hek, M.","van Hek, Margriet (55778556900)","55778556900","Exploring pathways: How friends' anti-academic behavior contributes to the gender gap in language and math grades","2025","Research in Social Stratification and Mobility","97","","101042","","","1","10.1016/j.rssm.2025.101042","https://www.scopus.com/inward/record.uri?eid=2-s2.0-105002662316&doi=10.1016%2Fj.rssm.2025.101042&partnerID=40&md5=dd119121320b6c815a5a2ccfde110bd7","Emerald Publishing","Article","Final","","Scopus","2-s2.0-105002662316"
"Vandelannote, I.; Demanet, J.","Vandelannote, Isis (57219799330); Demanet, Jannick (36522414300)","57219799330; 36522414300","One way or another: An optimal matching analysis of students' educational pathways and the impact of socioeconomic background and engagement","2025","British Educational Research Journal","51","1","","416","443","0","10.1002/berj.4077","https://www.scopus.com/inward/record.uri?eid=2-s2.0-85206696680&doi=10.1002%2Fberj.4077&partnerID=40&md5=c6c815d7548128043d67047833bdeded","John Wiley and Sons Inc","Article","Final","All Open Access; Green Final Open Access; Green Open Access","Scopus","2-s2.0-85206696680"
"Schümm, W.R.; Crawford, D.W.; Lockett, L.; AlRashed, A.; Bin Ateeq, A.","Schümm, Walter Richard (7007089107); Crawford, Duane W. (7403085604); Lockett, Lorenza (57190301322); AlRashed, Abdullah (57204426611); Bin Ateeq, Asma (56989858600)","7007089107; 7403085604; 57190301322; 57204426611; 56989858600","Research anomalies in criminology: How serious? How extensive over time? And who was responsible?","2025","Accountability in Research","32","1","","22","58","1","10.1080/08989621.2023.2241127","https://www.scopus.com/inward/record.uri?eid=2-s2.0-85166670961&doi=10.1080%2F08989621.2023.2241127&partnerID=40&md5=7c05f50f3569405d26653d8ad9bf26ba","Taylor and Francis Ltd.","Article","Final","","Scopus","2-s2.0-85166670961"
"Payne, E.; Smith, M.J.","Payne, Elizabethe C. (37089453500); Smith, Melissa J. (60223653800)","37089453500; 60223653800","Bullying and LGBTQ+ Students: A Call to Redefine the Problem","2025","","","","","23","65","0","","https://www.scopus.com/inward/record.uri?eid=2-s2.0-105023719276&partnerID=40&md5=b920dd5584f3478b9b3844a8c8985660","University of Minnesota Press","Book chapter","Final","","Scopus","2-s2.0-105023719276"
"Siu, J.C.L.; Zhong, H.","Siu, Jacky Cheuk Lap (58530736400); Zhong, Hua (60079480700)","58530736400; 60079480700","Explaining Juvenile Delinquency via Mainstream Criminological Theories: A Systematic Review of Empirical Studies in Hong Kong","2025","","","","","31","54","0","10.4324/9781003385066-4","https://www.scopus.com/inward/record.uri?eid=2-s2.0-105014668388&doi=10.4324%2F9781003385066-4&partnerID=40&md5=6d043c4c61d889860fb3b75517811810","Taylor and Francis","Book chapter","Final","","Scopus","2-s2.0-105014668388"
"Sokol, R.; Medina del Toro, V.; Degli-Esposti, M.; Kernsmith, P.D.; Victor, B.G.; Hsieh, H.-F.; Heinze, J.E.","Sokol, Rebeccah Lyn (56970660400); Medina del Toro, V. (59743773300); Degli-Esposti, Michelle (57194707273); Kernsmith, Poco D. (8703994200); Victor, Bryan G. (57190580901); Hsieh, Hsingfang (35310564700); Heinze, Justin E. (26432001600)","56970660400; 59743773300; 57194707273; 8703994200; 57190580901; 35310564700; 26432001600","School-Wide Attendance Rates and Firearm-Involved Expulsions in Michigan K-12 Public Schools, 2018–2022","2025","Journal of School Violence","24","4","","531","541","0","10.1080/15388220.2025.2491812","https://www.scopus.com/inward/record.uri?eid=2-s2.0-105002966699&doi=10.1080%2F15388220.2025.2491812&partnerID=40&md5=d9c5d2f6ca5e9c5f70916c375900df02","Routledge","Article","Final","","Scopus","2-s2.0-105002966699"
"Hu, Y.","Hu, Yu (59414622400)","59414622400","How do Confucian schools and Anglo schools differ? A latent profile analysis based on PISA 2015","2024","Large-Scale Assessments in Education","12","1","39","","","2","10.1186/s40536-024-00225-8","https://www.scopus.com/inward/record.uri?eid=2-s2.0-85209364621&doi=10.1186%2Fs40536-024-00225-8&partnerID=40&md5=4a40f89ffdafcc31551ddec6a04f547b","Springer","Article","Final","All Open Access; Gold Open Access","Scopus","2-s2.0-85209364621"
"Hagleitner, W.; Sting, S.; Berger, F.; Groinig, M.; Rossnagl, S.; Maran, T.","Hagleitner, Wolfgang (57262954500); Sting, Stephan (6507276935); Berger, Fred (7201360746); Groinig, Maria (57200721424); Rossnagl, Susanne (57263499400); Maran, Thomas K. (56736562600)","57262954500; 6507276935; 7201360746; 57200721424; 57263499400; 56736562600","Predictors of mental health during young people's transition from out-of-home care in Austria","2024","Child Abuse and Neglect","158","","107139","","","1","10.1016/j.chiabu.2024.107139","https://www.scopus.com/inward/record.uri?eid=2-s2.0-85208965266&doi=10.1016%2Fj.chiabu.2024.107139&partnerID=40&md5=ee5448d025f5311640b191f93501e1fa","Elsevier Ltd","Article","Final","","Scopus","2-s2.0-85208965266"
"Muhammad, T.; Maurya, C.; Thakkar, S.","Muhammad, T. (57220377274); Maurya, Chanda (57219116010); Thakkar, Shriya (57844743400)","57220377274; 57219116010; 57844743400","The cross-sectional correlates and longitudinal predictors of involvement in violent and bullying behavior among adolescents and young adults: evidence from India","2024","Journal of Public Health (Germany)","32","11","","2059","2072","2","10.1007/s10389-023-01945-x","https://www.scopus.com/inward/record.uri?eid=2-s2.0-85163070253&doi=10.1007%2Fs10389-023-01945-x&partnerID=40&md5=be54a74b4347f00ebc4f31a9468abf54","Springer Nature","Article","Final","","Scopus","2-s2.0-85163070253"
"Erdem, C.; Kaya, M.","Erdem, Cahit (57194697900); Kaya, Metin (58091291200)","57194697900; 58091291200","The relationship between school and classroom climate, and academic achievement: A meta-analysis","2024","School Psychology International","45","4","","380","408","21","10.1177/01430343231202923","https://www.scopus.com/inward/record.uri?eid=2-s2.0-85171785474&doi=10.1177%2F01430343231202923&partnerID=40&md5=f8183c46ecae250c3c795ab4afff6249","SAGE Publications Ltd","Article","Final","","Scopus","2-s2.0-85171785474"
"Strohacker, E.; Watts, S.J.; Wright, L.E.","Strohacker, Emily R. (57202011423); Watts, Stephen J. (56890538900); Wright, Lauren E. (57191900240)","57202011423; 56890538900; 57191900240","Socioeconomic Strain, Bullying Perpetration, and Negative Emotions: A Re-specification of GST","2024","Crime and Delinquency","70","4","","1091","1115","7","10.1177/00111287221093326","https://www.scopus.com/inward/record.uri?eid=2-s2.0-85131202570&doi=10.1177%2F00111287221093326&partnerID=40&md5=378a2f9ed087c37fca5dec1228178c1c","SAGE Publications Inc.","Article","Final","","Scopus","2-s2.0-85131202570"
"Namusoke, J.; Amone-P’Olak, K.; Nakanwagi, C.C.; Kibedi, H.; Mayengo, N.; Ssenyonga, J.; Omech, B.","Namusoke, Jane (56748079200); Amone-P’Olak, Kennedy (23007391400); Nakanwagi, Carol Chosen (59150666400); Kibedi, Henry (57201858829); Mayengo, Nathaniel (56747997500); Ssenyonga, Joseph (56227195900); Omech, Bernard G. (57191488309)","56748079200; 23007391400; 59150666400; 57201858829; 56747997500; 56227195900; 57191488309","The mediating role of self-control on the relations between adverse childhood experiences and substance use among adolescents in Uganda","2024","Frontiers in Psychology","15","","1297565","","","2","10.3389/fpsyg.2024.1297565","https://www.scopus.com/inward/record.uri?eid=2-s2.0-85194755896&doi=10.3389%2Ffpsyg.2024.1297565&partnerID=40&md5=6e82c784e558a447c460bc5bcc6d2147","Frontiers Media SA","Article","Final","All Open Access; Gold Open Access; Green Final Open Access; Green Open Access","Scopus","2-s2.0-85194755896"
"van Houtte, M.","van Houtte, Mieke (6602353756)","6602353756","Gender differences in class engagement and disruptive school behaviour: boys’ susceptibility to peers’ motivation culture","2024","Gender and Education","36","5","","393","412","6","10.1080/09540253.2024.2345061","https://www.scopus.com/inward/record.uri?eid=2-s2.0-85191849710&doi=10.1080%2F09540253.2024.2345061&partnerID=40&md5=1a15b57cd86936a6ee569975638cc5bd","Routledge","Article","Final","","Scopus","2-s2.0-85191849710"
"van Eycken, L.; Amitai, A.; van Houtte, M.","van Eycken, Lennart (57763741300); Amitai, Ama (57344062900); van Houtte, Mieke (6602353756)","57763741300; 57344062900; 6602353756","Be true to your school? Teachers’ turnover intentions: the role of socioeconomic composition, teachability perceptions, emotional exhaustion and teacher efficacy","2024","Research Papers in Education","39","1","","24","49","21","10.1080/02671522.2022.2089208","https://www.scopus.com/inward/record.uri?eid=2-s2.0-85132801502&doi=10.1080%2F02671522.2022.2089208&partnerID=40&md5=8bb0b2a46514077da93bc46366c4aeef","Routledge","Article","Final","All Open Access; Green Accepted Open Access; Green Open Access","Scopus","2-s2.0-85132801502"
"Bower, E.","Bower, Erica Rose (57514474600)","57514474600","It takes a village: examining social capital effects of parental and community agency involvement on school delinquency","2024","Social Science Journal","61","3","","625","638","0","10.1080/03623319.2020.1848292","https://www.scopus.com/inward/record.uri?eid=2-s2.0-85097632795&doi=10.1080%2F03623319.2020.1848292&partnerID=40&md5=c6a7cfeaa130fafbe8512b9394d6254a","Taylor and Francis Ltd.","Article","Final","","Scopus","2-s2.0-85097632795"
"Arora, P.G.; Wheeler, L.A.; Lim, K.; Ledesma, A.","Arora, Prerna G. (36945166400); Wheeler, Lorey A. (24726158800); Lim, Karissa (57226674019); Ledesma, Ana (58849444900)","36945166400; 24726158800; 57226674019; 58849444900","Conducting School-Based Research With Newcomer Immigrant Adolescents: Challenges and Solutions","2023","School Psychology","39","2","","144","150","3","10.1037/spq0000599","https://www.scopus.com/inward/record.uri?eid=2-s2.0-85183413302&doi=10.1037%2Fspq0000599&partnerID=40&md5=86400a5bf86b0cf7032ecb795791facc","American Psychological Association","Article","Final","","Scopus","2-s2.0-85183413302"
"Angton, A.","Angton, Alexia (56411919600)","56411919600","Exploring the Discipline Gap: Is School Bonding Protective Against Suspension for Black Girls?","2023","Journal of African American Studies","27","4","","377","397","0","10.1007/s12111-023-09637-2","https://www.scopus.com/inward/record.uri?eid=2-s2.0-85174907330&doi=10.1007%2Fs12111-023-09637-2&partnerID=40&md5=6e1ef0d0d742293ec3826256e1c89478","Springer","Article","Final","","Scopus","2-s2.0-85174907330"
"van Houtte, M.","van Houtte, Mieke (6602353756)","6602353756","When the context withholds girls from gender a-typical conduct: Schools' gender role culture and disruptive school behaviour of boys and girls","2023","Sociology Compass","17","12","e13130","","","3","10.1111/soc4.13130","https://www.scopus.com/inward/record.uri?eid=2-s2.0-85166924417&doi=10.1111%2Fsoc4.13130&partnerID=40&md5=c33d3e420d1738df50c7fa52f97eae01","John Wiley and Sons Inc","Article","Final","","Scopus","2-s2.0-85166924417"
"Overstreet, S.; Sriken, J.; Lapsey, D.S.; McNeeley, S.","Overstreet, Suzanne M. (57195197254); Sriken, Julie (55565172600); Lapsey, David S. (57192684740); McNeeley, Susan (55893490200)","57195197254; 55565172600; 57192684740; 55893490200","School Fairness and Repeated Bullying Victimization Among High School Students","2023","Crime and Delinquency","69","8","","1391","1413","0","10.1177/00111287221130965","https://www.scopus.com/inward/record.uri?eid=2-s2.0-85142761343&doi=10.1177%2F00111287221130965&partnerID=40&md5=91d610317380a1c85a15f63aa53001ed","SAGE Publications Inc.","Article","Final","","Scopus","2-s2.0-85142761343"
"Taylor, J.-P.; Zuber, M.; Shoup, D.","Taylor, Jacob Paul (57455859800); Zuber, Malgorzata J. (57455240200); Shoup, David (57455396600)","57455859800; 57455240200; 57455396600","Determinants of School Discipline: Examination of Institutional Level Factors Impacting Exclusionary Sanctions","2023","Youth and Society","55","3","","581","607","4","10.1177/0044118X221075053","https://www.scopus.com/inward/record.uri?eid=2-s2.0-85124718821&doi=10.1177%2F0044118X221075053&partnerID=40&md5=9547463b554ea8e343f7907769a2d748","SAGE Publications Inc.","Review","Final","","Scopus","2-s2.0-85124718821"
"Schümm, W.R.; Crawford, D.W.; Lockett, L.; Ateeq, A.B.; AlRashed, A.","Schümm, Walter Richard (7007089107); Crawford, Duane W. (7403085604); Lockett, Lorenza (57190301322); Ateeq, Asma Bin (57193333230); AlRashed, Abdullah (57204426611)","7007089107; 7403085604; 57190301322; 57193333230; 57204426611","Can Retracted Social Science Articles Be Distinguished from Non-Retracted Articles by Some of the Same Authors, Using Benford’s Law or Other Statistical Methods?","2023","Publications","11","1","14","","","5","10.3390/publications11010014","https://www.scopus.com/inward/record.uri?eid=2-s2.0-85151085468&doi=10.3390%2Fpublications11010014&partnerID=40&md5=6ea98abeba32d5c6f953d6ca7215c998","MDPI","Article","Final","All Open Access; Gold Open Access; Green Accepted Open Access; Green Open Access","Scopus","2-s2.0-85151085468"
"Delavega, E.; Blumenthal, G.M.","Delavega, Elena (36987843000); Blumenthal, Gregory Miles (58785737300)","36987843000; 58785737300","RACE AND RISK: Poverty in an Urban Setting","2023","","","","","400","408","0","10.4324/9781032632391-24","https://www.scopus.com/inward/record.uri?eid=2-s2.0-85180823663&doi=10.4324%2F9781032632391-24&partnerID=40&md5=a318016f5d7a9218f0de90816b6fca34","Taylor and Francis","Book chapter","Final","","Scopus","2-s2.0-85180823663"
"Iborra, C.P.; García-Monge, A.G.; Gómez González, F.J.; Jiménez Ruiz, M.J.","Iborra, Carmen Pellicer (58202471300); García-Monge, Alfonso (55626782600); Gómez González, Francisco Javier (57194538025); Jiménez Ruiz, María (57203791901)","58202471300; 55626782600; 57194538025; 57203791901","Unraveling components of classroom climate: the case of the Rubik educational project; Desentrañando componentes del clima educativo: el caso del proyecto educativo Rubik","2023","Revista Electronica Interuniversitaria de Formacion del Profesorado","26","2","","17","35","0","10.6018/reifop.559431","https://www.scopus.com/inward/record.uri?eid=2-s2.0-85153856507&doi=10.6018%2Freifop.559431&partnerID=40&md5=a17ba43030cbb6ee492266efbbca28c8","AUFOP","Article","Final","All Open Access; Gold Open Access","Scopus","2-s2.0-85153856507"
"Lazaridou, F.B.; Heinz, A.; Schulze, D.; Bhugra, D.","Lazaridou, Felicia Boma (57470208900); Heinz, Andreas (57201513357); Schulze, Daniel (56659170500); Bhugra, Dinesh Kumar (7006858005)","57470208900; 57201513357; 56659170500; 7006858005","Racialised identity, racism and the mental health of children and adolescents","2023","International Review of Psychiatry","35","3-4","","277","288","8","10.1080/09540261.2023.2181059","https://www.scopus.com/inward/record.uri?eid=2-s2.0-85151991227&doi=10.1080%2F09540261.2023.2181059&partnerID=40&md5=f5d2cfa1f40e249e821275cf133b48fa","Taylor and Francis Ltd.","Article","Final","","Scopus","2-s2.0-85151991227"
"Xu, M.; MacDonnell, M.; Wang, A.; Elias, M.J.","Xu, Maria (57718422600); MacDonnell, Marisa (57193433659); Wang, Angela W. (57718658700); Elias, Maurice Jesse (7202700323)","57718422600; 57193433659; 57718658700; 7202700323","Exploring social-emotional learning, school climate, and social network analysis","2023","Journal of Community Psychology","51","1","","84","102","14","10.1002/jcop.22881","https://www.scopus.com/inward/record.uri?eid=2-s2.0-85131009476&doi=10.1002%2Fjcop.22881&partnerID=40&md5=90d8aa3a9cf27e8736e2f6c063e7da16","John Wiley and Sons Inc","Article","Final","All Open Access; Green Final Open Access; Green Open Access; Hybrid Gold Open Access","Scopus","2-s2.0-85131009476"
"van Houtte, M.","van Houtte, Mieke (6602353756)","6602353756","Understanding the gender gap in school (dis)engagement from three gender dimensions: the individual, the interactional and the institutional","2023","Educational Studies","49","2","","260","278","19","10.1080/03055698.2020.1842722","https://www.scopus.com/inward/record.uri?eid=2-s2.0-85096120694&doi=10.1080%2F03055698.2020.1842722&partnerID=40&md5=44c146086529445a4326a1c43f5b1da6","Routledge","Article","Final","All Open Access; Green Accepted Open Access; Green Open Access","Scopus","2-s2.0-85096120694"
"Papachristou, E.; Flouri, E.; Joshi, H.","Papachristou, Efstathios (53865343000); Flouri, Eirini (7003573629); Joshi, Heather E. (56839879200)","53865343000; 7003573629; 56839879200","The role of primary school composition in affective decision-making: a prospective cohort study","2022","Social Psychiatry and Psychiatric Epidemiology","57","8","","1685","1696","2","10.1007/s00127-022-02252-8","https://www.scopus.com/inward/record.uri?eid=2-s2.0-85129793230&doi=10.1007%2Fs00127-022-02252-8&partnerID=40&md5=61acf65e8360177eb352293c466aac1b","Springer Science and Business Media Deutschland GmbH","Article","Final","All Open Access; Green Accepted Open Access; Green Open Access; Hybrid Gold Open Access","Scopus","2-s2.0-85129793230"
"Green, C.","Green, Cherrell (57210311439)","57210311439","Race, Femininity, and School Suspension","2022","Youth and Society","54","4","","685","706","6","10.1177/0044118X211001098","https://www.scopus.com/inward/record.uri?eid=2-s2.0-85102517610&doi=10.1177%2F0044118X211001098&partnerID=40&md5=295607252b75de259907f4e8cb6cf722","SAGE Publications Inc.","Article","Final","","Scopus","2-s2.0-85102517610"
"Degroote, E.; van Houtte, M.","Degroote, Emma (57208336566); van Houtte, Mieke (6602353756)","57208336566; 6602353756","Sense of Futility as Subject of Disciplinary Action: Do Students With Negative Attitudes Toward the Educational System Get Disciplined More Often?","2022","Behavioral Disorders","47","3","","155","165","1","10.1177/0198742920961354","https://www.scopus.com/inward/record.uri?eid=2-s2.0-85093925616&doi=10.1177%2F0198742920961354&partnerID=40&md5=1c0a1de5138cd3d91227318a7f1aa9b0","SAGE Publications Ltd","Article","Final","All Open Access; Green Accepted Open Access; Green Open Access","Scopus","2-s2.0-85093925616"
"Baz Cores, O.; Fernández Molina, E.","Baz Cores, Olalla (57008977300); Fernández Molina, Esther (57008989300)","57008977300; 57008989300","An empirical approach to the study of legal socialization in adolescence","2022","European Journal of Criminology","19","2","","237","258","12","10.1177/1477370819896212","https://www.scopus.com/inward/record.uri?eid=2-s2.0-85077696640&doi=10.1177%2F1477370819896212&partnerID=40&md5=377dc566e9ed0b382663f52a9b56b7db","SAGE Publications Inc.","Article","Final","","Scopus","2-s2.0-85077696640"
"Hsieh, H.-F.; Lee, D.B.; Zimmerman, M.A.; Pomerantz, N.; Cunningham, M.C.; Messman, E.; Stoddard, S.A.; Grodzinski, A.R.; Heinze, J.E.","Hsieh, Hsingfang (35310564700); Lee, Daniel B. (55860589900); Zimmerman, Marc A. (7202495635); Pomerantz, Naomi F. (57216224426); Cunningham, Mary C. (57205263129); Messman, Elizabeth A. (57236888300); Stoddard, Sarah Anne (36195298300); Grodzinski, Alison R. (6603476346); Heinze, Justin E. (26432001600)","35310564700; 55860589900; 7202495635; 57216224426; 57205263129; 57236888300; 36195298300; 6603476346; 26432001600","The Effectiveness of the Say-Something Anonymous Reporting System in Preventing School Violence: A Cluster Randomized Control Trial in 19 Middle Schools","2022","Journal of School Violence","21","4","","413","428","10","10.1080/15388220.2022.2105858","https://www.scopus.com/inward/record.uri?eid=2-s2.0-85135871838&doi=10.1080%2F15388220.2022.2105858&partnerID=40&md5=435da598f499279d49aed6e74b2e1263","Routledge","Article","Final","","Scopus","2-s2.0-85135871838"
"Wolff, K.T.; Limoncelli, K.E.; Baglivio, M.T.","Wolff, Kevin T. (55243562300); Limoncelli, Katherine E. (57207358344); Baglivio, Michael T. (35097294600)","55243562300; 57207358344; 35097294600","The Effect of Program Staffing Difficulties on Changes in Dynamic Risk and Reoffending among Juvenile Offenders in Residential Placement","2022","Justice Quarterly","39","3","","525","552","4","10.1080/07418825.2020.1825774","https://www.scopus.com/inward/record.uri?eid=2-s2.0-85092175974&doi=10.1080%2F07418825.2020.1825774&partnerID=40&md5=b810c8eec463323c31d59b05228d87f0","Routledge","Article","Final","","Scopus","2-s2.0-85092175974"
"Hughes, C.; Bailey, C.M.; Warren, P.Y.; Stewart, E.A.","Hughes, Cresean (57194766403); Bailey, Caroline M. (57209747694); Warren, Patricia Y. (14421691800); Stewart, Eric A. (35986035500)","57194766403; 57209747694; 14421691800; 35986035500","Net-Widening in Schools?: The Collateral Consequences of Safe School Expenditures for Suspension Rates","2022","Race and Justice","12","1","","70","97","11","10.1177/2153368719857215","https://www.scopus.com/inward/record.uri?eid=2-s2.0-85068608751&doi=10.1177%2F2153368719857215&partnerID=40&md5=e5b933ef3cf282145dafe61feb94b503","SAGE Publications Inc.","Article","Final","","Scopus","2-s2.0-85068608751"
"Kueh, L.-L.; Hung, H.; Tung, Y.-Y.","Kueh, Ling Ling (57218550940); Hung, Hsuan (46461463300); Tung, Yuk-Ying Ying (56797627500)","57218550940; 46461463300; 56797627500","Influence of School Factors on Adolescent Smoking Behavior From the Perspective of Hirschi’s Social Bond Theory","2021","Journal of Research in Education Sciences","66","4","","103","132","1","10.6209/JORIES.202112_66(4).0004","https://www.scopus.com/inward/record.uri?eid=2-s2.0-85130288412&doi=10.6209%2FJORIES.202112_66%284%29.0004&partnerID=40&md5=c210ac7acd1466dbcafdda60eff96e7d","National Taiwan Normal University","Article","Final","","Scopus","2-s2.0-85130288412"
"Zavala, E.; Muniz, C.N.","Zavala, Egbert (30068005000); Muniz, Caitlyn N. (57201357920)","30068005000; 57201357920","Life Domains and Dating Violence Among Latino Youth: A Partial Test of Agnew’s Integrated General Theory","2021","Criminal Justice Review","46","3","","341","360","4","10.1177/0734016820966036","https://www.scopus.com/inward/record.uri?eid=2-s2.0-85092465220&doi=10.1177%2F0734016820966036&partnerID=40&md5=782e401ecf8bed8340d93bd4f066fa31","SAGE Publications Inc.","Article","Final","","Scopus","2-s2.0-85092465220"
"Strohacker, E.; Wright, L.E.; Watts, S.J.","Strohacker, Emily R. (57202011423); Wright, Lauren E. (57191900240); Watts, Stephen J. (56890538900)","57202011423; 57191900240; 56890538900","Gender, Bullying Victimization, Depressive Symptoms, and Suicidality","2021","International Journal of Offender Therapy and Comparative Criminology","65","10-11","","1123","1142","46","10.1177/0306624X19895964","https://www.scopus.com/inward/record.uri?eid=2-s2.0-85077199120&doi=10.1177%2F0306624X19895964&partnerID=40&md5=da780a6147a053496c4773ee6bc7fddf","SAGE Publications Inc.","Article","Final","","Scopus","2-s2.0-85077199120"
"Yang, Y.; Qin, L.; Ning, L.","Yang, Youcai (57202532717); Qin, Lixia (57193385831); Ning, Ling (57223140053)","57202532717; 57193385831; 57223140053","School Violence and Teacher Professional Engagement: A Cross-National Study","2021","Frontiers in Psychology","12","","628809","","","20","10.3389/fpsyg.2021.628809","https://www.scopus.com/inward/record.uri?eid=2-s2.0-85105022209&doi=10.3389%2Ffpsyg.2021.628809&partnerID=40&md5=3548cc51c5dc9aa05621a1afabcddadb","Frontiers Media S.A.","Article","Final","All Open Access; Gold Open Access; Green Accepted Open Access; Green Open Access","Scopus","2-s2.0-85105022209"
"Cobb, C.D.; Glass, G.V.","Cobb, Casey D. (7101858415); Glass, Gene V. (10939588000)","7101858415; 10939588000","PUBLIC AND PRIVATE EDUCATION IN AMERICA: Examining the Facts","2021","","","","","1","226","0","","https://www.scopus.com/inward/record.uri?eid=2-s2.0-85206032805&partnerID=40&md5=81b217fcc6ef6c16ddf64cc6279e67e4","Bloomsbury Publishing Plc.","Book","Final","","Scopus","2-s2.0-85206032805"
"Demirtaş-Zorbaz, S.; Akin-Arikan, C.; Terzi, R.","Demirtaş-Zorbaz, Selen (57193708876); Akin-Arikan, Çiğdem (57189248650); Terzi, Ragip (56992796400)","57193708876; 57189248650; 56992796400","Does school climate that includes students’ views deliver academic achievement? A multilevel meta-analysis","2021","School Effectiveness and School Improvement","32","4","","543","563","28","10.1080/09243453.2021.1920432","https://www.scopus.com/inward/record.uri?eid=2-s2.0-85105285117&doi=10.1080%2F09243453.2021.1920432&partnerID=40&md5=c22d096520ffd8035552ca1107909c49","Routledge","Article","Final","","Scopus","2-s2.0-85105285117"
"Martínez-Fernández, M.B.; Díaz-Aguado, M.J.; Chacón, J.C.; Martín-Babarro, J.; Martínez-Arias, R.","Martínez-Fernández, Mª Belén (57199651598); Díaz-Aguado, María José (56771236900); Chacón, José C. (58334434900); Martín-Babarro, Javier (56530794900); Martínez-Arias, Rosario (6603847640)","57199651598; 56771236900; 58334434900; 56530794900; 6603847640","Student misbehaviour and school climate: A multilevel study; La conducta disruptiva y el clima escolar: Un estudio multinivel","2021","Psicologia Educativa","27","1","","1","11","8","10.5093/PSED2020A10","https://www.scopus.com/inward/record.uri?eid=2-s2.0-85099058880&doi=10.5093%2FPSED2020A10&partnerID=40&md5=906838b00ebb7acc3525aa2b65be6b85","Colegio Oficial de Psicologos de Madrid","Article","Final","All Open Access; Gold Open Access; Green Accepted Open Access; Green Open Access","Scopus","2-s2.0-85099058880"
"Carvalho, C.; Santos, N.N.; António, R.; Martins, D.S.M.","Carvalho, Carolina Fernandes (35204571300); Santos, Natalie Nobrega (56970646900); António, Raquel (57189362405); Martins, D. Sofia Mendonça (56349882600)","35204571300; 56970646900; 57189362405; 56349882600","Supporting students’ engagement with teachers’ feedback: the role of students’ school identification","2021","Educational Psychology","41","7","","863","882","17","10.1080/01443410.2020.1849564","https://www.scopus.com/inward/record.uri?eid=2-s2.0-85096843407&doi=10.1080%2F01443410.2020.1849564&partnerID=40&md5=001215e65fe1c6265534502d0054193c","Routledge","Article","Final","All Open Access; Green Accepted Open Access; Green Open Access","Scopus","2-s2.0-85096843407"
"Huang, F.L.; Olsen, A.A.; Cohen, D.; Coombs, N.","Huang, Francis L. (26537509100); Olsen, Amanda A. (57207108770); Cohen, Daniel R. (57184760400); Coombs, Nicketa (57219872012)","26537509100; 57207108770; 57184760400; 57219872012","Authoritative school climate and out-of-school suspensions: Results from a nationally-representative survey of 10th grade students","2021","Preventing School Failure","65","2","","114","123","5","10.1080/1045988X.2020.1843129","https://www.scopus.com/inward/record.uri?eid=2-s2.0-85095833327&doi=10.1080%2F1045988X.2020.1843129&partnerID=40&md5=fa3c8bdec479d627900ca8e0da3f8edd","Taylor and Francis Ltd.","Article","Final","","Scopus","2-s2.0-85095833327"
"Wu, G.; Liu, J.; Boateng, F.D.; Cui, S.; Shuai, H.","Wu, Guangzhen (57201776292); Liu, Jianhong (55705847700); Boateng, Francis Danso (56121071200); Cui, Shan (57203241048); Shuai, Honglan (57217833691)","57201776292; 55705847700; 56121071200; 57203241048; 57217833691","Do Social Bonds Matter? Social Control Theory and Its Relationship to Desistance From Substance Abuse in China","2021","Journal of Drug Issues","51","1","","50","67","13","10.1177/0022042620957020","https://www.scopus.com/inward/record.uri?eid=2-s2.0-85090936140&doi=10.1177%2F0022042620957020&partnerID=40&md5=010c731b59ab269f6eeabcabe82b6bd1","SAGE Publications Inc.","Article","Final","","Scopus","2-s2.0-85090936140"
"Heyder, A.; van Hek, M.; van Houtte, M.","Heyder, Anke (55808386300); van Hek, Margriet (55778556900); van Houtte, Mieke (6602353756)","55808386300; 55778556900; 6602353756","When Gender Stereotypes Get Male Adolescents into Trouble: A Longitudinal Study on Gender Conformity Pressure as a Predictor of School Misconduct","2021","Sex Roles","84","1-2","","61","75","33","10.1007/s11199-020-01147-9","https://www.scopus.com/inward/record.uri?eid=2-s2.0-85083769778&doi=10.1007%2Fs11199-020-01147-9&partnerID=40&md5=6d1fadf6b1eb064deddcfe206c6ed24b","Springer","Article","Final","All Open Access; Green Final Open Access; Green Open Access; Hybrid Gold Open Access","Scopus","2-s2.0-85083769778"
"Sanders, M.T.; Bierman, K.L.; Heinrichs, B.S.","Sanders, Michael T. (56967541400); Bierman, Karen L. (26425512100); Heinrichs, Brenda S. (7005464339)","56967541400; 26425512100; 7005464339","Longitudinal Associations Linking Elementary and Middle School Contexts with Student Aggression in Early Adolescence","2020","Journal of Abnormal Child Psychology","48","12","","1569","1580","5","10.1007/s10802-020-00697-6","https://www.scopus.com/inward/record.uri?eid=2-s2.0-85091067769&doi=10.1007%2Fs10802-020-00697-6&partnerID=40&md5=bafeb1115e8d66b154d2127431868974","Springer","Article","Final","All Open Access; Green Accepted Open Access; Green Open Access","Scopus","2-s2.0-85091067769"
"Dhungana Sainju, K.","Dhungana Sainju, Karla (57188726942)","57188726942","Beyond the Schoolyard: A Multilevel Examination of Individual, School and School District Variables Associated with Traditional and Cyber Peer Aggression","2020","Child and Youth Care Forum","49","5","","769","797","5","10.1007/s10566-020-09555-4","https://www.scopus.com/inward/record.uri?eid=2-s2.0-85086647880&doi=10.1007%2Fs10566-020-09555-4&partnerID=40&md5=a437e931cf5aa933375c5b0780d1fd95","Springer","Article","Final","","Scopus","2-s2.0-85086647880"
"Safaria, T.; Suyono, H.","Safaria, Triantoro (57041396400); Suyono, Hadi (57190062600)","57041396400; 57190062600","The role of parent-child relationship, school climate, happiness, and empathy to predict cyberbullying behavior","2020","International Journal of Evaluation and Research in Education","9","3","","548","557","19","10.11591/ijere.v9i3.20299","https://www.scopus.com/inward/record.uri?eid=2-s2.0-85090678135&doi=10.11591%2Fijere.v9i3.20299&partnerID=40&md5=3c3abfc3cfbf8c247eb2a13d05806b69","Institute of Advanced Engineering and Science info@iaesjournal.com","Article","Final","All Open Access; Gold Open Access","Scopus","2-s2.0-85090678135"
"Homer, E.M.; Fisher, B.W.; Mowen, T.J.","Homer, Emily M. (57211062580); Fisher, Benjamin W. (56084352400); Mowen, Thomas J. (55507063300)","57211062580; 56084352400; 55507063300","Examining the Moderating Role of Social Bonds in the Relationship between School Victimization and Educational Attainment","2020","Victims and Offenders","15","5","","663","683","0","10.1080/15564886.2020.1771494","https://www.scopus.com/inward/record.uri?eid=2-s2.0-85087397431&doi=10.1080%2F15564886.2020.1771494&partnerID=40&md5=45980a09d022ebeeb64759c1a539a659","Routledge info@tandf.co.uk","Article","Final","All Open Access; Green Accepted Open Access; Green Open Access","Scopus","2-s2.0-85087397431"
"Degroote, E.; Demanet, J.; van Houtte, M.","Degroote, Emma (57208336566); Demanet, Jannick (36522414300); van Houtte, Mieke (6602353756)","57208336566; 36522414300; 6602353756","The influence of school mobility and dropout rates on non-mobile students’ school engagement: a chicken-and-egg situation?","2020","Research Papers in Education","35","4","","443","466","4","10.1080/02671522.2019.1601755","https://www.scopus.com/inward/record.uri?eid=2-s2.0-85064520099&doi=10.1080%2F02671522.2019.1601755&partnerID=40&md5=cad3901d7ff21f53f6139d876e5011bb","Routledge info@tandf.co.uk","Article","Final","","Scopus","2-s2.0-85064520099"
"Pickett, J.T.","Pickett, Justin T. (38061940400)","38061940400","The stewart retractions: A quantitative and qualitative analysis","2020","Econ Journal Watch","17","1","","152","190","12","","https://www.scopus.com/inward/record.uri?eid=2-s2.0-85083093285&partnerID=40&md5=817032618c0a79200ca787cc0d87f5a2","Fraser Institute dklein@gmu.edu","Article","Final","","Scopus","2-s2.0-85083093285"
"Chiang, C.-J.; Chen, Y.-C.; Wei, H.-S.; Jonson-Reid, M.","Chiang, Chien Jen (57201092254); Chen, Yu Chih (57202202858); Wei, Hsisheng (8610315000); Jonson-Reid, Melissa (6701852032)","57201092254; 57202202858; 8610315000; 6701852032","Social bonds and profiles of delinquency among adolescents: Differential effects by gender and age","2020","Children and Youth Services Review","110","","104751","","","12","10.1016/j.childyouth.2020.104751","https://www.scopus.com/inward/record.uri?eid=2-s2.0-85078246615&doi=10.1016%2Fj.childyouth.2020.104751&partnerID=40&md5=828aa82be28a0301592a75b8eee66741","Elsevier Ltd","Article","Final","","Scopus","2-s2.0-85078246615"
"Papachristou, E.; Flouri, E.; Midouhas, E.; Lewis, G.; Joshi, H.","Papachristou, Efstathios (53865343000); Flouri, Eirini (7003573629); Midouhas, Emily (55596489700); Lewis, Glyn H. (7402636617); Joshi, Heather E. (56839879200)","53865343000; 7003573629; 55596489700; 7402636617; 56839879200","The Role of Primary School Composition in the Trajectories of Internalising and Externalising Problems across Childhood and Adolescence","2020","Journal of Abnormal Child Psychology","48","2","","197","211","11","10.1007/s10802-019-00584-9","https://www.scopus.com/inward/record.uri?eid=2-s2.0-85074033610&doi=10.1007%2Fs10802-019-00584-9&partnerID=40&md5=cfbc0c7b2c771abd4aaf8a18e859427e","Springer","Article","Final","All Open Access; Green Final Open Access; Green Open Access; Hybrid Gold Open Access","Scopus","2-s2.0-85074033610"
"Song, J.; Huang, B.; Li, R.; Pandey, R.","Song, Jinglu (57195376991); Huang, Bo (55388074800); Li, Rongrong (56152365500); Pandey, Rishikesh (57219015710)","57195376991; 55388074800; 56152365500; 57219015710","Construction of the Scale-Specific Resilience Index to Facilitate Multiscale Decision Making in Disaster Management: A Case Study of the 2015 Nepal Earthquake","2020","Social Indicators Research","148","1","","189","223","14","10.1007/s11205-019-02188-8","https://www.scopus.com/inward/record.uri?eid=2-s2.0-85073996642&doi=10.1007%2Fs11205-019-02188-8&partnerID=40&md5=a7604cf30a4301f17659ee9ce01151f9","Springer editorial@springerplus.com","Article","Final","","Scopus","2-s2.0-85073996642"
"Nguyen, K.; Yuan, Y.; McNeeley, S.","Nguyen, Kim (57211539834); Yuan, Yue (56661528400); McNeeley, Susan (55893490200)","57211539834; 56661528400; 55893490200","School Security Measures, School Environment, and Avoidance Behaviors","2020","Victims and Offenders","15","1","","43","59","11","10.1080/15564886.2019.1679307","https://www.scopus.com/inward/record.uri?eid=2-s2.0-85074368826&doi=10.1080%2F15564886.2019.1679307&partnerID=40&md5=a21b4dfeb7284641fe4892be99318355","Routledge info@tandf.co.uk","Article","Final","","Scopus","2-s2.0-85074368826"
"Erdoğdu, M.Y.","Erdoğdu, Mustafa Yüksel Yüksel (57216871910)","57216871910","The relationship between school burnout and school engagement: The mediating role of attitude toward learning; Povezanost izgaranja u školi i angažiranosti u školi: Posrednička uloga stava prema učenju","2020","Croatian Journal of Education","22","1","","241","262","6","10.15516/cje.v22i1.3250","https://www.scopus.com/inward/record.uri?eid=2-s2.0-85097054378&doi=10.15516%2Fcje.v22i1.3250&partnerID=40&md5=c7efb15c8e264d7870b23bf60147c46c","FACTEACHEREDUCATION","Article","Final","All Open Access; Bronze Open Access; Green Accepted Open Access; Green Open Access","Scopus","2-s2.0-85097054378"
"Lamb, G.","Lamb, Guy (22947922600)","22947922600","Social cohesion and violence in South Africa: constructing a puzzle with missing pieces","2019","Crime, Law and Social Change","72","4","","365","385","22","10.1007/s10611-019-09828-7","https://www.scopus.com/inward/record.uri?eid=2-s2.0-85062154826&doi=10.1007%2Fs10611-019-09828-7&partnerID=40&md5=6808ba6fea55f4b271a5d4aa85e555c8","Springer Netherlands rbk@louisiana.edu","Article","Final","","Scopus","2-s2.0-85062154826"
"Johnson, O.; Jabbari, J.; Williams, M.; Marcucci, O.","Johnson, Odis D. (57164438100); Jabbari, Jason (57212588444); Williams, Maya (57709262400); Marcucci, Olivia (57192650882)","57164438100; 57212588444; 57709262400; 57192650882","Disparate Impacts: Balancing the Need for Safe Schools With Racial Equity in Discipline","2019","Policy Insights from the Behavioral and Brain Sciences","6","2","","162","169","26","10.1177/2372732219864707","https://www.scopus.com/inward/record.uri?eid=2-s2.0-85077143978&doi=10.1177%2F2372732219864707&partnerID=40&md5=9f1080e66327b797a630188761e6d3ff","SAGE Publications Ltd info@sagepub.co.uk","Article","Final","","Scopus","2-s2.0-85077143978"
"Lehman, B.","Lehman, Brett (55227833000)","55227833000","Stopping the Hate: Applying Insights on Bullying Victimization to Understand and Reduce the Emergence of Hate in Schools*","2019","Sociological Inquiry","89","3","","532","555","12","10.1111/soin.12296","https://www.scopus.com/inward/record.uri?eid=2-s2.0-85067521658&doi=10.1111%2Fsoin.12296&partnerID=40&md5=283b8522469869bca7bcb50f8fc9edfc","Blackwell Publishing Inc. subscrip@blackwellpub.com","Article","Final","","Scopus","2-s2.0-85067521658"
"Novak, A.","Novak, Abigail S. (57201553565)","57201553565","The School-To-Prison Pipeline: An Examination of the Association Between Suspension and Justice System Involvement","2019","Criminal Justice and Behavior","46","8","","1165","1180","66","10.1177/0093854819846917","https://www.scopus.com/inward/record.uri?eid=2-s2.0-85066833266&doi=10.1177%2F0093854819846917&partnerID=40&md5=b19e7ff5d01d54edea51873028ff3713","SAGE Publications Inc. claims@sagepub.com","Article","Final","","Scopus","2-s2.0-85066833266"
"Adams, J.; Mrug, S.","Adams, Jonathan (57204098077); Mrug, Sylvie (24173925200)","57204098077; 24173925200","Individual- and school-level predictors of violence perpetration, victimization, and perceived safety in middle and high schools","2019","Journal of School Violence","18","3","","468","482","12","10.1080/15388220.2018.1528551","https://www.scopus.com/inward/record.uri?eid=2-s2.0-85055113902&doi=10.1080%2F15388220.2018.1528551&partnerID=40&md5=5a239502a2c3a7fe23a7f9032d53b5ac","Routledge aabs@uw.edu","Article","Final","","Scopus","2-s2.0-85055113902"
"Huijsmans, T.; Eichelsheim, V.I.; Weerman, F.; Branje, S.J.T.; Meeus, W.","Huijsmans, Twan (57208389689); Eichelsheim, Veroni I. (26039076100); Weerman, Frank M. (16311093100); Branje, Susan J.T. (6603389186); Meeus, Wim H.J. (56246075800)","57208389689; 26039076100; 16311093100; 6603389186; 56246075800","The Role of Siblings in Adolescent Delinquency Next to Parents, School, and Peers: Do Gender and Age Matter?","2019","Journal of Developmental and Life-Course Criminology","5","2","","220","242","6","10.1007/s40865-018-0094-9","https://www.scopus.com/inward/record.uri?eid=2-s2.0-85070464330&doi=10.1007%2Fs40865-018-0094-9&partnerID=40&md5=78944774fcdcab69cd3ea59cea150321","Springer","Article","Final","All Open Access; Green Accepted Open Access; Green Open Access; Hybrid Gold Open Access","Scopus","2-s2.0-85070464330"
"Nuño, L.E.; Katz, C.M.","Nuño, Lidia E. (57200413446); Katz, Charles Max (7004976776)","57200413446; 7004976776","Understanding Gang Joining from a Cross Classified Multi-Level Perspective","2019","Deviant Behavior","40","3","","301","325","14","10.1080/01639625.2017.1421706","https://www.scopus.com/inward/record.uri?eid=2-s2.0-85041210902&doi=10.1080%2F01639625.2017.1421706&partnerID=40&md5=d7339d69dae9da343d82154c74760453","Taylor and Francis Inc. 325 Chestnut St, Suite 800 Philadelphia PA 19106","Article","Final","","Scopus","2-s2.0-85041210902"
"Demanet, J.; van Houtte, M.","Demanet, Jannick (36522414300); van Houtte, Mieke (6602353756)","36522414300; 6602353756","Socioeconomic status, economic deprivation, and school misconduct: an inquiry into the role of academic self-efficacy in four European cities","2019","Social Psychology of Education","22","1","","1","22","12","10.1007/s11218-018-9470-x","https://www.scopus.com/inward/record.uri?eid=2-s2.0-85056002671&doi=10.1007%2Fs11218-018-9470-x&partnerID=40&md5=c0cb0a97d2d3608bb9c295df30574a08","Springer Science and Business Media B.V.","Article","Final","","Scopus","2-s2.0-85056002671"
"Farina, K.A.","Farina, Katie A. (57128277700)","57128277700","Promoting a Culture of Bullying: Understanding the Role of School Climate and School Sector","2019","Journal of School Choice","13","1","","94","120","25","10.1080/15582159.2018.1526615","https://www.scopus.com/inward/record.uri?eid=2-s2.0-85054721929&doi=10.1080%2F15582159.2018.1526615&partnerID=40&md5=84e369f707abd3ae171cbb49391a6998","Routledge aabs@uw.edu","Article","Final","","Scopus","2-s2.0-85054721929"
"Asici, E.; Ebru Ikiz, F.E.","Asici, Esra (56656440300); Ebru Ikiz, Fatma (26656630500)","56656440300; 26656630500","The prediction of subjective well being in school in terms of school climate and self-efficacy; Okulda Öznel İyi oluşun okul İklimi ve Öz-yeterlik açısından yordanması","2019","Hacettepe Egitim Dergisi","34","3","","621","638","7","10.16986/HUJE.2018038523","https://www.scopus.com/inward/record.uri?eid=2-s2.0-85063584475&doi=10.16986%2FHUJE.2018038523&partnerID=40&md5=8d033764454cce779c893494147f1210","Hacettepe University efdergi@hacettepe.edu.tr","Article","Final","All Open Access; Gold Open Access","Scopus","2-s2.0-85063584475"
"Cash, A.H.; Debnam, K.J.; Waasdorp, T.E.; Wahl, M.; Bradshaw, C.P.","Cash, Anne Henry (55147626000); Debnam, Katrina J. (36711363700); Waasdorp, Tracy Evian (26641580900); Wahl, Mary (57201448974); Bradshaw, Catherine P. (8215624700)","55147626000; 36711363700; 26641580900; 57201448974; 8215624700","Adult and student interactions in nonclassroom settings","2019","Journal of Educational Psychology","111","1","","104","117","5","10.1037/edu0000275","https://www.scopus.com/inward/record.uri?eid=2-s2.0-85044863604&doi=10.1037%2Fedu0000275&partnerID=40&md5=fd73479a8025a6a74e88c37528093149","American Psychological Association Inc. journals@apa.org","Article","Final","All Open Access; Hybrid Gold Open Access","Scopus","2-s2.0-85044863604"
"Wang, M.-T.; Kiuru, N.; Degol, J.L.; Salmela-Aro, K.","Wang, Mingte (35782484700); Kiuru, Noona H. (22940999300); Degol, Jessica Lauren (55849946100); Salmela-Aro, Katariina (6701493794)","35782484700; 22940999300; 55849946100; 6701493794","Friends, academic achievement, and school engagement during adolescence: A social network approach to peer influence and selection effects","2018","Learning and Instruction","58","","","148","160","151","10.1016/j.learninstruc.2018.06.003","https://www.scopus.com/inward/record.uri?eid=2-s2.0-85049319079&doi=10.1016%2Fj.learninstruc.2018.06.003&partnerID=40&md5=886bf09bb735fe6beb2dd1000c392630","Elsevier Ltd","Article","Final","","Scopus","2-s2.0-85049319079"
"Huang, F.L.; Cornell, D.","Huang, Francis L. (26537509100); Cornell, Dewey G. (7005706524)","26537509100; 7005706524","The relationship of school climate with out-of-school suspensions","2018","Children and Youth Services Review","94","","","378","389","44","10.1016/j.childyouth.2018.08.013","https://www.scopus.com/inward/record.uri?eid=2-s2.0-85055094213&doi=10.1016%2Fj.childyouth.2018.08.013&partnerID=40&md5=bcf3fcb069c2df0f516ded3f56e03dfe","Elsevier Ltd","Article","Final","","Scopus","2-s2.0-85055094213"
"Winnaar, L.; Arends, F.; Beku, U.","Winnaar, Lolita D. (36616110400); Arends, Fabian (26038994900); Beku, Unathi (57204906639)","36616110400; 26038994900; 57204906639","Reducing bullying in schools by focusing on school climate and school socio-economic status","2018","South African Journal of Education","38","","","","","20","10.15700/saje.v38ns1a1596","https://www.scopus.com/inward/record.uri?eid=2-s2.0-85057876662&doi=10.15700%2Fsaje.v38ns1a1596&partnerID=40&md5=0967de9405e9b5cfdb4c39d24eda7196","South African Journal Of Education estelle.botha@up.ac.za","Article","Final","All Open Access; Gold Open Access","Scopus","2-s2.0-85057876662"
"Gaston, S.; Doherty, E.E.","Gaston, Shytierra (57190162396); Doherty, Elaine Eggleston (14120993300)","57190162396; 14120993300","Why Don’t More Black Americans Offend? Testing a Theory of African American Offending’s Ethnic-Racial Socialization Hypothesis","2018","Race and Justice","8","4","","366","395","22","10.1177/2153368716688740","https://www.scopus.com/inward/record.uri?eid=2-s2.0-85053854510&doi=10.1177%2F2153368716688740&partnerID=40&md5=30f80332ba2a75be0ec7778b9fa82be3","SAGE Publications Inc. claims@sagepub.com","Article","Final","All Open Access; Green Accepted Open Access; Green Open Access","Scopus","2-s2.0-85053854510"
"Merrill, K.G.; Knight, L.; Namy, S.; Allen, E.; Naker, D.; Devries, K.M.","Merrill, Katherine G. (57194460743); Knight, Louise (56730123400); Namy, Sophie (55327436100); Allen, Elizabeth J. (56684130200); Naker, Dipak (55797630200); Devries, Karen M. (7004422569)","57194460743; 56730123400; 55327436100; 56684130200; 55797630200; 7004422569","Effects of a violence prevention intervention in schools and surrounding communities: Secondary analysis of a cluster randomised-controlled trial in Uganda","2018","Child Abuse and Neglect","84","","","182","195","16","10.1016/j.chiabu.2018.06.007","https://www.scopus.com/inward/record.uri?eid=2-s2.0-85051400028&doi=10.1016%2Fj.chiabu.2018.06.007&partnerID=40&md5=c0c8cf5638213a54c960ee88c3df1c3f","Elsevier Ltd","Article","Final","All Open Access; Green Accepted Open Access; Green Final Open Access; Green Open Access; Hybrid Gold Open Access","Scopus","2-s2.0-85051400028"
"Aldridge, J.M.; Galos, S.","Aldridge, Jill M. (7005768657); Galos, Siobhan (57195673849)","7005768657; 57195673849","Development and validation of an instrument to assess primary school students’ perceptions of the learning environment","2018","Learning Environments Research","21","3","","349","368","6","10.1007/s10984-017-9248-7","https://www.scopus.com/inward/record.uri?eid=2-s2.0-85029480714&doi=10.1007%2Fs10984-017-9248-7&partnerID=40&md5=40eb1d24157566e16b2ad2200f133310","Springer Netherlands rbk@louisiana.edu","Article","Final","","Scopus","2-s2.0-85029480714"
"Shen, Y.; Zhong, H.","Shen, Yinzhi (57192236968); Zhong, Hua Sara (59000809100)","57192236968; 59000809100","Rural-to-Urban Migration and Juvenile Delinquency in Urban China: a Social Control Perspective","2018","Asian Journal of Criminology","13","3","","207","229","24","10.1007/s11417-018-9267-z","https://www.scopus.com/inward/record.uri?eid=2-s2.0-85046748073&doi=10.1007%2Fs11417-018-9267-z&partnerID=40&md5=bd6a44af112da2d8eecd4ddbfd5efcac","Springer Netherlands rbk@louisiana.edu","Article","Final","","Scopus","2-s2.0-85046748073"
"Peguero, A.A.; Marchbanks, M.P.; Varela, K.S.; Eason, J.M.; Blake, J.","Peguero, Anthony A. (12240624500); Marchbanks, Miner P.“Trey” (35606578700); Varela, Kay S. (57200939007); Eason, John Major (36080364100); Blake, Jamilia J. (35321901700)","12240624500; 35606578700; 57200939007; 36080364100; 35321901700","Too Strict or Too Lenient?: Examining The Role of School Strictness With Educational and Juvenile Justice Outcomes","2018","Sociological Spectrum","38","4","","223","242","5","10.1080/02732173.2018.1478350","https://www.scopus.com/inward/record.uri?eid=2-s2.0-85050350504&doi=10.1080%2F02732173.2018.1478350&partnerID=40&md5=2568f4d9797b7409375ef97d85c70b29","Taylor and Francis Inc. 325 Chestnut St, Suite 800 Philadelphia PA 19106","Article","Final","","Scopus","2-s2.0-85050350504"
"Latimore, T.L.; Peguero, A.A.; Popp, A.M.; Shekarkhar, Z.; Koo, D.J.","Latimore, T. Lorraine (14024272700); Peguero, Anthony A. (12240624500); Popp, Ann Marie (39461869900); Shekarkhar, Zahra (36816348100); Koo, Dixie J. (14325263000)","14024272700; 12240624500; 39461869900; 36816348100; 14325263000","School-Based Activities, Misbehavior, Discipline, and Racial and Ethnic Disparities","2018","Education and Urban Society","50","5","","403","434","7","10.1177/0013124517713603","https://www.scopus.com/inward/record.uri?eid=2-s2.0-85037678447&doi=10.1177%2F0013124517713603&partnerID=40&md5=5b787c40c275d276b70ae69acea8c715","SAGE Publications Inc. claims@sagepub.com","Article","Final","","Scopus","2-s2.0-85037678447"
"Tillyer, M.S.; Wilcox, P.; Fissel, E.R.","Tillyer, Marie Skubak (26434483900); Wilcox, Pamela (56228900200); Fissel, Erica R. (57193771874)","26434483900; 56228900200; 57193771874","Violence in Schools: Repeat Victimization, Low Self-Control, and the Mitigating Influence of School Efficacy","2018","Journal of Quantitative Criminology","34","2","","609","632","24","10.1007/s10940-017-9347-8","https://www.scopus.com/inward/record.uri?eid=2-s2.0-85016495619&doi=10.1007%2Fs10940-017-9347-8&partnerID=40&md5=646900a70a4614ecc7da2d4ca3f60859","Springer New York LLC barbara.b.bertram@gsk.com","Article","Final","","Scopus","2-s2.0-85016495619"
"Groß, E.M.; Hövermann, A.; Messner, S.F.","Groß, Eva Maria (14819316700); Hövermann, Andreas (56572913400); Messner, Steven F. (7006416831)","14819316700; 56572913400; 7006416831","MARKETIZED MENTALITY, COMPETITIVE/EGOISTIC SCHOOL CULTURE, AND DELINQUENT ATTITUDES AND BEHAVIOR: AN APPLICATION OF INSTITUTIONAL ANOMIE THEORY*","2018","Criminology","56","2","","333","369","30","10.1111/1745-9125.12173","https://www.scopus.com/inward/record.uri?eid=2-s2.0-85042611580&doi=10.1111%2F1745-9125.12173&partnerID=40&md5=2776b43ca2b324950d516eae10691bf3","Blackwell Publishing Inc. subscrip@blackwellpub.com","Article","Final","","Scopus","2-s2.0-85042611580"
"Malloy, J.M.; Bohanon, H.; Francoeur, K.","Malloy, Joanne Anne M. (7005958371); Bohanon, Hank S. (16068181600); Francoeur, Kathryn (57200126473)","7005958371; 16068181600; 57200126473","Positive Behavioral Interventions and Supports in High Schools: A Case Study From New Hampshire","2018","Journal of Educational and Psychological Consultation","28","2","","219","247","9","10.1080/10474412.2017.1385398","https://www.scopus.com/inward/record.uri?eid=2-s2.0-85039848149&doi=10.1080%2F10474412.2017.1385398&partnerID=40&md5=076265f3e060b2407b2518e5ee3ad446","Routledge aabs@uw.edu","Article","Final","All Open Access; Green Accepted Open Access; Green Open Access","Scopus","2-s2.0-85039848149"
"Tyler, K.M.; Burris, J.L.; Coleman, S.T.","Tyler, Kenneth Maurice (9037845800); Burris, Jennifer L. (57027328400); Coleman, Sean T. (51963451500)","9037845800; 57027328400; 51963451500","Investigating the Association Between Home-School Dissonance and Disruptive Classroom Behaviors for Urban Middle School Students","2018","Journal of Early Adolescence","38","4","","530","553","7","10.1177/0272431616678987","https://www.scopus.com/inward/record.uri?eid=2-s2.0-85043598309&doi=10.1177%2F0272431616678987&partnerID=40&md5=f4dc58ac2c2418114d21634a4b7458d5","SAGE Publications Inc. claims@sagepub.com","Article","Final","","Scopus","2-s2.0-85043598309"
"Patchin, J.W.; Hinduja, S.","Patchin, Justin W. (22958391300); Hinduja, Sameer (12792075700)","22958391300; 12792075700","Deterring Teen Bullying: Assessing the Impact of Perceived Punishment From Police, Schools, and Parents","2018","Youth Violence and Juvenile Justice","16","2","","190","207","51","10.1177/1541204016681057","https://www.scopus.com/inward/record.uri?eid=2-s2.0-85042651385&doi=10.1177%2F1541204016681057&partnerID=40&md5=810f8b279f0dfdebce5d2f0e7b03e4a9","SAGE Publications Inc. claims@sagepub.com","Article","Final","","Scopus","2-s2.0-85042651385"
"Minor, K.A.; Benner, A.D.","Minor, Kelly A. (55489863900); Benner, Aprile D. (16024021900)","55489863900; 16024021900","School Climate and College Attendance for Black Adolescents: Moving Beyond College-Going Culture","2018","Journal of Research on Adolescence","28","1","","160","168","13","10.1111/jora.12361","https://www.scopus.com/inward/record.uri?eid=2-s2.0-85042314260&doi=10.1111%2Fjora.12361&partnerID=40&md5=0a0d4e52114f3b3ace79884b8d4171c7","Blackwell Publishing Inc. subscrip@blackwellpub.com","Article","Final","All Open Access; Green Accepted Open Access; Green Open Access","Scopus","2-s2.0-85042314260"
"Aldridge, J.M.; McChesney, K.","Aldridge, Jill M. (7005768657); McChesney, Katrina (57195718638)","7005768657; 57195718638","The relationships between school climate and adolescent mental health and wellbeing: A systematic literature review","2018","International Journal of Educational Research","88","","","121","145","356","10.1016/j.ijer.2018.01.012","https://www.scopus.com/inward/record.uri?eid=2-s2.0-85042215323&doi=10.1016%2Fj.ijer.2018.01.012&partnerID=40&md5=6bd96fa8fe1a5f046b0e2523fb4b6d84","Elsevier Ltd","Article","Final","","Scopus","2-s2.0-85042215323"
"Reaves, S.; McMahon, S.D.; Duffy, S.N.; Ruiz, L.","Reaves, Samantha (57197764215); McMahon, Susan Dvorak (7102013926); Duffy, Sophia N. (54787485500); Ruiz, Linda D. (57197754921)","57197764215; 7102013926; 54787485500; 57197754921","The test of time: A meta-analytic review of the relation between school climate and problem behavior","2018","Aggression and Violent Behavior","39","","","100","108","115","10.1016/j.avb.2018.01.006","https://www.scopus.com/inward/record.uri?eid=2-s2.0-85042173652&doi=10.1016%2Fj.avb.2018.01.006&partnerID=40&md5=94d2830e56ce7b242c23f782e6934072","Elsevier Ltd","Review","Final","","Scopus","2-s2.0-85042173652"
"Jaggers, J.W.; Bolland, A.C.; Tomek, S.; Bolland, K.A.; Hooper, L.M.; Church, W.T.; Bolland, J.M.","Jaggers, Jeremiah W. (26535880200); Bolland, Anneliese C. (56290626300); Tomek, Sara (54908093100); Bolland, Kathleen A. (6602119817); Hooper, Lisa M. (23004645500); Church, Wesley T. (8839420600); Bolland, John M. (6603983476)","26535880200; 56290626300; 54908093100; 6602119817; 23004645500; 8839420600; 6603983476","The Longitudinal Impact of Distal, Non-Familial Relationships on Parental Monitoring: Implications for Delinquent Behavior","2018","Youth and Society","50","2","","160","182","2","10.1177/0044118X15602415","https://www.scopus.com/inward/record.uri?eid=2-s2.0-85041096312&doi=10.1177%2F0044118X15602415&partnerID=40&md5=e85be13c8d262cb9eb1e43c09d23b3be","SAGE Publications Inc. claims@sagepub.com","Article","Final","","Scopus","2-s2.0-85041096312"
"Koth, C.W.","Koth, Christine W. (36829626800)","36829626800","School climate","2018","","","","","3266","3271","0","10.1007/978-3-319-33228-4_223","https://www.scopus.com/inward/record.uri?eid=2-s2.0-105014303812&doi=10.1007%2F978-3-319-33228-4_223&partnerID=40&md5=bf31711af6662210739fc67621368f14","Springer International Publishing","Book chapter","Final","","Scopus","2-s2.0-105014303812"
"Randa, R.; Mitchell, M.","Randa, Ryan (36158506800); Mitchell, Meghan M. (57190665156)","36158506800; 57190665156","Vulnerability, context, and fear of victimization: Exploring race and ethnicity","2018","Journal of Ethnicity in Criminal Justice","16","1","","22","39","9","10.1080/15377938.2017.1416718","https://www.scopus.com/inward/record.uri?eid=2-s2.0-85042232218&doi=10.1080%2F15377938.2017.1416718&partnerID=40&md5=d49accf2f34ade52840d056ad68ff519","Routledge aabs@uw.edu","Article","Final","","Scopus","2-s2.0-85042232218"
"Payne, E.; Smith, M.J.","Payne, Elizabethe C. (37089453500); Smith, Melissa J. (15037288100)","37089453500; 15037288100","Violence against LGBTQ Students: Punishing and Marginalizing Difference","2018","","","","","393","415","14","10.1002/9781118966709.ch19","https://www.scopus.com/inward/record.uri?eid=2-s2.0-85207998182&doi=10.1002%2F9781118966709.ch19&partnerID=40&md5=31c2596b0ac5fb259fece7a49a22b9ee","wiley","Book chapter","Final","","Scopus","2-s2.0-85207998182"
"Gottfredson, G.D.; Gottfredson, D.C.","Gottfredson, Gary D. (6701776024); Gottfredson, Denise C. (7004855068)","6701776024; 7004855068","School Violence","2018","","","","","557","574","4","10.1017/9781316847992.031","https://www.scopus.com/inward/record.uri?eid=2-s2.0-85108655621&doi=10.1017%2F9781316847992.031&partnerID=40&md5=f080ef5402efb4f802f687f165bdcd7b","Cambridge University Press","Book chapter","Final","","Scopus","2-s2.0-85108655621"
"Cretacci, M.A.; Zheng, L.; Gao, Y.","Cretacci, Michael A. (24723837900); Zheng, Liu (57203619802); Gao, Yandong (57203618339)","24723837900; 57203619802; 57203618339","Young pandas cheat and smoke: A social control theory explanation of Chinese University students' exam cheating and smoking","2018","International Journal of Criminal Justice Sciences","13","2","","264","282","0","10.5281/zenodo.2654315","https://www.scopus.com/inward/record.uri?eid=2-s2.0-85066125152&doi=10.5281%2Fzenodo.2654315&partnerID=40&md5=abfe539898695b46cfccacd283cc216d","International Journal of Criminal Justice Sciences","Article","Final","","Scopus","2-s2.0-85066125152"
"van der Gaag, R.S.; Steketee, M.","van der Gaag, Renske Sanne (57208344559); Steketee, Majone J. (35754054300)","57208344559; 35754054300","Direct and indirect influences of school system on youth delinquent offending among migrant and native-born students in eight countries","2018","","","","","137","165","0","10.1007/978-3-319-89462-1_6","https://www.scopus.com/inward/record.uri?eid=2-s2.0-85064562258&doi=10.1007%2F978-3-319-89462-1_6&partnerID=40&md5=7dbb8a76500bf47412b723a133f35bd4","Springer International Publishing","Book chapter","Final","","Scopus","2-s2.0-85064562258"
"Bugay, A.; Avcı, D.; Özdemir, S.","Bugay, Asli (36458272200); Avcı, Dilek (57224770002); Özdemir, Selçuk (57202483460)","36458272200; 57224770002; 57202483460","Examining the psychometric properties of the turkish version of the parent school climate survey and measuring of parents’ perceptions of school climate by gender; Ebeveyn okul iklimi ölçeği türkçe formu’nun psikometrik özelliklerinin incelenmesi ve ebeveyn okul iklimi algısının cinsiyete göre belirlenmesi","2018","Elementary Education Online","17","1","","70","81","0","10.17051/ilkonline.2018.413743","https://www.scopus.com/inward/record.uri?eid=2-s2.0-85047481599&doi=10.17051%2Filkonline.2018.413743&partnerID=40&md5=090aa1f41f2c6c0d41d79165e6d174b9","Ankara University ioo.editor@gmail.com","Article","Final","All Open Access; Gold Open Access","Scopus","2-s2.0-85047481599"
"Demanet, J.; van den Broeck, L.; van Houtte, M.","Demanet, Jannick (36522414300); van den Broeck, Laura (57202015000); van Houtte, Mieke (6602353756)","36522414300; 57202015000; 6602353756","Social inequality in attitudes and behavior: The implications of the flemish tracking system for equity","2018","","","","","159","181","5","10.4324/9781351128421","https://www.scopus.com/inward/record.uri?eid=2-s2.0-85047187415&doi=10.4324%2F9781351128421&partnerID=40&md5=097d4138d3d7588d2ad7a9cbf9010add","Taylor and Francis","Book chapter","Final","","Scopus","2-s2.0-85047187415"
"Kim, E.G.","Kim, Eungyeong (56527548800)","56527548800","Multilevel analysis of the risk factors in high-risk health behavior among Korean adolescents","2018","Osong Public Health and Research Perspectives","9","1","","3","8","4","10.24171/J.PHRP.2018.9.1.02","https://www.scopus.com/inward/record.uri?eid=2-s2.0-85046533564&doi=10.24171%2FJ.PHRP.2018.9.1.02&partnerID=40&md5=b2cb210cf226a252eab9a277b58e24c4","Korean Disease Control and Prevention Agency","Article","Final","All Open Access; Gold Open Access; Green Accepted Open Access; Green Open Access","Scopus","2-s2.0-85046533564"
"Swartz, K.; Wilcox, P.; Ousey, G.C.","Swartz, Kristin (26030123800); Wilcox, Pamela (56228900200); Ousey, Graham C. (6603422927)","26030123800; 56228900200; 6603422927","Culture as Values or Culture in Action? Street Codes and Student Violent Offending","2017","Victims and Offenders","12","6","","868","890","13","10.1080/15564886.2017.1307294","https://www.scopus.com/inward/record.uri?eid=2-s2.0-85032215691&doi=10.1080%2F15564886.2017.1307294&partnerID=40&md5=4348014dfd6db89ae528783933f3820a","Routledge info@tandf.co.uk","Article","Final","All Open Access; Green Accepted Open Access; Green Open Access","Scopus","2-s2.0-85032215691"
"Dunstan, L.; Hewitt, B.; Tomaszewski, W.","Dunstan, Laura (57197871763); Hewitt, B. A. (9745115800); Tomaszewski, Wojtek (56059293700)","57197871763; 9745115800; 56059293700","Indigenous children’s affective engagement with school: The influence of socio-structural, subjective and relational factors","2017","Australian Journal of Education","61","3","","250","269","11","10.1177/0004944117732637","https://www.scopus.com/inward/record.uri?eid=2-s2.0-85035802145&doi=10.1177%2F0004944117732637&partnerID=40&md5=f789e19ac0611d008734c71946de380e","SAGE Publications Ltd info@sagepub.co.uk","Article","Final","","Scopus","2-s2.0-85035802145"
"van Houtte, M.","van Houtte, Mieke (6602353756)","6602353756","Gender Differences in Context: The Impact of Track Position on Study Involvement in Flemish Secondary Education","2017","Sociology of Education","90","4","","275","295","18","10.1177/0038040717731604","https://www.scopus.com/inward/record.uri?eid=2-s2.0-85032493190&doi=10.1177%2F0038040717731604&partnerID=40&md5=75dc90b4b06f847ff45500f0eeacd65e","SAGE Publications Inc. claims@sagepub.com","Article","Final","","Scopus","2-s2.0-85032493190"
"Servoss, T.J.","Servoss, Timothy J. (6508122341)","6508122341","School Security and Student Misbehavior: A Multi-Level Examination","2017","Youth and Society","49","6","","755","778","29","10.1177/0044118X14561007","https://www.scopus.com/inward/record.uri?eid=2-s2.0-85026671593&doi=10.1177%2F0044118X14561007&partnerID=40&md5=c12251d3becf278c791d77face56dacc","SAGE Publications Inc. claims@sagepub.com","Article","Final","","Scopus","2-s2.0-85026671593"
"Crosby, S.D.; Somers, C.L.; Day, A.G.; Zammit, M.; Shier, J.M.; Baroni, B.A.","Crosby, Shantel D. (56592370600); Somers, Cheryl L. (55950578800); Day, Angelique Gabrielle (35209709900); Zammit, Meredith (57194150202); Shier, Jenna M. (57194142262); Baroni, Beverly A. (56032035900)","56592370600; 55950578800; 35209709900; 57194150202; 57194142262; 56032035900","Examining School Attachment, Social Support, and Trauma Symptomatology Among Court-Involved, Female Students","2017","Journal of Child and Family Studies","26","9","","2539","2546","19","10.1007/s10826-017-0766-9","https://www.scopus.com/inward/record.uri?eid=2-s2.0-85018932633&doi=10.1007%2Fs10826-017-0766-9&partnerID=40&md5=20a13eca5da0cabb8f16f40acbe10082","Springer New York LLC barbara.b.bertram@gsk.com","Article","Final","","Scopus","2-s2.0-85018932633"
"Payne, A.A.","Payne, Allison Ann (8837283100)","8837283100","A multilevel analysis of the relationships among communal school organization, student bonding, and delinquency","2017","","","","","127","153","0","","https://www.scopus.com/inward/record.uri?eid=2-s2.0-85131650400&partnerID=40&md5=cae03e0ab16c7ed3f3c343c8d48cb69b","Taylor and Francis","Book chapter","Final","","Scopus","2-s2.0-85131650400"
"Agnich, L.E.; Kahle, L.L.; Peguero, A.A.; Murphy, J.L.; Foroughi, O.; Nester, J.N.","Agnich, Laura E. (36496567800); Kahle, Lindsay L. (56538121400); Peguero, Anthony A. (12240624500); Murphy, Jennifer L. (59284277600); Foroughi, Olivia (57193896522); Nester, Jennifer N. (57193900696)","36496567800; 56538121400; 12240624500; 59284277600; 57193896522; 57193900696","Does breaking gender stereotypes contribute to victimization at school?","2017","Criminal Justice Studies","30","3","","257","275","1","10.1080/1478601X.2017.1315335","https://www.scopus.com/inward/record.uri?eid=2-s2.0-85017465843&doi=10.1080%2F1478601X.2017.1315335&partnerID=40&md5=52fb706550488d4c059c037f103ff2cb","Routledge info@tandf.co.uk","Article","Final","","Scopus","2-s2.0-85017465843"
"Intravia, J.; Pelletier, E.; Wolff, K.T.; Baglivio, M.T.","Intravia, Jonathan (40461630300); Pelletier, Emily K. (57194573623); Wolff, Kevin T. (55243562300); Baglivio, Michael T. (35097294600)","40461630300; 57194573623; 55243562300; 35097294600","Community Disadvantage, Prosocial Bonds, and Juvenile Reoffending: A Multilevel Mediation Analysis","2017","Youth Violence and Juvenile Justice","15","3","","240","263","18","10.1177/1541204016639350","https://www.scopus.com/inward/record.uri?eid=2-s2.0-85020913056&doi=10.1177%2F1541204016639350&partnerID=40&md5=30c2684efaba871230ac896648ef5394","SAGE Publications Inc. claims@sagepub.com","Article","Final","","Scopus","2-s2.0-85020913056"
"Jiang, X.; Peguero, A.A.","Jiang, Xin (59840310100); Peguero, Anthony A. (12240624500)","59840310100; 12240624500","Immigrant Generations and Delinquency: Assessing the Relative Effects of Family, School, and Delinquent Friends","2017","Race and Justice","7","3","","199","225","25","10.1177/2153368716640324","https://www.scopus.com/inward/record.uri?eid=2-s2.0-85020307070&doi=10.1177%2F2153368716640324&partnerID=40&md5=b95ca8c6a8ed4e3c6355830f8384091f","SAGE Publications Inc. claims@sagepub.com","Article","Final","","Scopus","2-s2.0-85020307070"
"Han, S.; Lee, J.; Park, K.-G.","Han, Sehee (55487891800); Lee, Jonathan (55609529200); Park, Kyunggook (57194234013)","55487891800; 55609529200; 57194234013","The impact of extracurricular activities participation on youth delinquent behaviors: An instrumental variables approach","2017","Journal of Adolescence","58","","","84","95","16","10.1016/j.adolescence.2017.05.006","https://www.scopus.com/inward/record.uri?eid=2-s2.0-85019457945&doi=10.1016%2Fj.adolescence.2017.05.006&partnerID=40&md5=13d7a333b0d3e47e5c35de0731881fd4","Academic Press","Article","Final","","Scopus","2-s2.0-85019457945"
"Oldfield, J.; Humphrey, N.; Hebron, J.","Oldfield, Jeremy (56481280000); Humphrey, Neil (7005855451); Hebron, Judith (55256214000)","56481280000; 7005855451; 55256214000","Risk factors in the development of behaviour difficulties among students with special educational needs and disabilities: A multilevel analysis","2017","British Journal of Educational Psychology","87","2","","146","169","15","10.1111/bjep.12141","https://www.scopus.com/inward/record.uri?eid=2-s2.0-85012936214&doi=10.1111%2Fbjep.12141&partnerID=40&md5=4a0bf49d0395e3a7d34defc42332c5df","John Wiley and Sons Ltd. customer@wiley.co.uk","Article","Final","All Open Access; Green Accepted Open Access; Green Open Access","Scopus","2-s2.0-85012936214"
"Alvarez-Rivera, L.L.; Price, A.M.; Ticknor, B.","Alvarez-Rivera, Lorna L. (24079578700); Price, Anne M. (24503440200); Ticknor, Bobbie (57190336093)","24079578700; 24503440200; 57190336093","The Effect of Attachment and Self-Control on Status Offending among Puerto Rican High School Students","2017","American Journal of Criminal Justice","42","2","","329","349","4","10.1007/s12103-016-9359-1","https://www.scopus.com/inward/record.uri?eid=2-s2.0-84979201730&doi=10.1007%2Fs12103-016-9359-1&partnerID=40&md5=1b409495d5535a66e0c13899cf61b4af","Springer New York LLC barbara.b.bertram@gsk.com","Article","Final","","Scopus","2-s2.0-84979201730"
"D‘hondt, F.; Eccles, J.S.; van Houtte, M.; Stevens, P.A.J.","D‘hondt, Fanny (57188922642); Eccles, Jaquelynne S. (35617329400); van Houtte, Mieke (6602353756); Stevens, Peter A.J. (16507646800)","57188922642; 35617329400; 6602353756; 16507646800","The Relationships of Teacher Ethnic Discrimination, Ethnic Identification, and Host National Identification to School Misconduct of Turkish and Moroccan Immigrant Adolescents in Belgium","2017","Deviant Behavior","38","3","","318","333","14","10.1080/01639625.2016.1197004","https://www.scopus.com/inward/record.uri?eid=2-s2.0-84979293999&doi=10.1080%2F01639625.2016.1197004&partnerID=40&md5=3736c8756e0621fc23a91317e66c5657","Taylor and Francis Inc. 325 Chestnut St, Suite 800 Philadelphia PA 19106","Article","Final","","Scopus","2-s2.0-84979293999"
"Reynolds, K.J.; Lee, E.; Turner, I.; Bromhead, D.; Subašić, E.","Reynolds, Katherine J. (7201538077); Lee, Eunro (56573109400); Turner, Isobel (56573597600); Bromhead, David (25931337600); Subašić, Emina (22235749900)","7201538077; 56573109400; 56573597600; 25931337600; 22235749900","How does school climate impact academic achievement? An examination of social identity processes","2017","School Psychology International","38","1","","78","97","79","10.1177/0143034316682295","https://www.scopus.com/inward/record.uri?eid=2-s2.0-85012181024&doi=10.1177%2F0143034316682295&partnerID=40&md5=1e04af91cf5b5a7cb7a64a0fb5b18981","SAGE Publications Ltd info@sagepub.co.uk","Article","Final","","Scopus","2-s2.0-85012181024"
"Dole, S.; Bloom, L.; Doss, K.K.","Dole, Sharon (6701357729); Bloom, Lisa A. (36766225000); Doss, Kristy Kowalske (57195236173)","6701357729; 36766225000; 57195236173","Engaged learning: Impact of PBL and PjBL with elementary and middle grade students","2017","Interdisciplinary Journal of Problem-based Learning","11","2","9","","","32","10.7771/1541-5015.1685","https://www.scopus.com/inward/record.uri?eid=2-s2.0-85026433378&doi=10.7771%2F1541-5015.1685&partnerID=40&md5=96ffbb7be5112d5d151ad50bb6cdb55a","Purdue University Press","Article","Final","All Open Access; Gold Open Access; Green Accepted Open Access; Green Open Access","Scopus","2-s2.0-85026433378"
"Massarwi, A.A.; Khoury-Kassabri, M.","Massarwi, Adeem Ahmad (57192575408); Khoury-Kassabri, Mona (6508226937)","57192575408; 6508226937","Serious physical violence among Arab-Palestinian adolescents: The role of exposure to neighborhood violence, perceived ethnic discrimination, normative beliefs, and, parental communication","2017","Child Abuse and Neglect","63","","","233","244","42","10.1016/j.chiabu.2016.11.002","https://www.scopus.com/inward/record.uri?eid=2-s2.0-85006900839&doi=10.1016%2Fj.chiabu.2016.11.002&partnerID=40&md5=fc7b44bbc083c274e95fea3441aecd8f","Elsevier Ltd","Article","Final","","Scopus","2-s2.0-85006900839"
"Boylan, R.L.; Renzulli, L.","Boylan, Rebecca L. (56233329900); Renzulli, Linda A. (6701453800)","56233329900; 6701453800","Routes and Reasons Out, Paths Back: The Influence of Push and Pull Reasons for Leaving School on Students’ School Reengagement","2017","Youth and Society","49","1","","46","71","40","10.1177/0044118X14522078","https://www.scopus.com/inward/record.uri?eid=2-s2.0-85001950530&doi=10.1177%2F0044118X14522078&partnerID=40&md5=fb10de502ba8e0c9d144729f88555057","SAGE Publications Inc. claims@sagepub.com","Article","Final","","Scopus","2-s2.0-85001950530"
"Kim, Y.S.","Kim, Young S. (25923880100)","25923880100","Examination of the Relative Effects of Neighborhoods and Schools on Juvenile Delinquency: A Multilevel Cross-Classified Model Approach","2016","Deviant Behavior","37","10","","1196","1214","13","10.1080/01639625.2016.1170537","https://www.scopus.com/inward/record.uri?eid=2-s2.0-84966714383&doi=10.1080%2F01639625.2016.1170537&partnerID=40&md5=680ba05bdf474dee4d138992a6069eaa","Taylor and Francis Inc. 325 Chestnut St, Suite 800 Philadelphia PA 19106","Article","Final","","Scopus","2-s2.0-84966714383"
"Gajos, J.M.; Beaver, K.M.","Gajos, Jamie M. (56166896800); Beaver, Kevin Michael (8609621100)","56166896800; 8609621100","The development of self-control from kindergarten to fifth grade: the effects of neuropsychological functioning and adversity","2016","Early Child Development and Care","186","10","","1571","1583","3","10.1080/03004430.2015.1111881","https://www.scopus.com/inward/record.uri?eid=2-s2.0-84951299305&doi=10.1080%2F03004430.2015.1111881&partnerID=40&md5=095e6ebac9c2684ea3c6227c984aaaa0","Routledge info@tandf.co.uk","Article","Final","","Scopus","2-s2.0-84951299305"
"Sulak, T.N.","Sulak, Tracey N. (35729416500)","35729416500","School Climate and Academic Achievement in Suburban Schools","2016","Education and Urban Society","48","7","","672","684","11","10.1177/0013124514541465","https://www.scopus.com/inward/record.uri?eid=2-s2.0-84981229211&doi=10.1177%2F0013124514541465&partnerID=40&md5=790922bc50ca8aa74eb5ed233742df2a","SAGE Publications Inc. claims@sagepub.com","Article","Final","","Scopus","2-s2.0-84981229211"
"Oldfield, J.; Hebron, J.; Humphrey, N.","Oldfield, Jeremy (56481280000); Hebron, Judith (55256214000); Humphrey, Neil (7005855451)","56481280000; 55256214000; 7005855451","THE ROLE OF SCHOOL LEVEL PROTECTIVE FACTORS IN OVERCOMING CUMULATIVE RISK FOR BEHAVIOR DIFFICULTIES IN CHILDREN WITH SPECIAL EDUCATIONAL NEEDS AND DISABILITIES","2016","Psychology in the Schools","53","8","","831","847","5","10.1002/pits.21950","https://www.scopus.com/inward/record.uri?eid=2-s2.0-84981169482&doi=10.1002%2Fpits.21950&partnerID=40&md5=fb977985646f892615534cde6bf167a7","Wiley-Liss Inc. info@wiley.com","Article","Final","All Open Access; Green Accepted Open Access; Green Open Access","Scopus","2-s2.0-84981169482"
"Thrash, C.R.; Warner, T.D.","Thrash, Courtney R. (57140559800); Warner, Tara D. (24082064700)","57140559800; 24082064700","The Geography of Normative Climates: An Application to Adolescent Substance Use","2016","Journal of Youth and Adolescence","45","8","","1587","1603","13","10.1007/s10964-016-0444-z","https://www.scopus.com/inward/record.uri?eid=2-s2.0-84959171586&doi=10.1007%2Fs10964-016-0444-z&partnerID=40&md5=eeceb08c5d8f6080ef55a059419a88b7","Springer New York LLC barbara.b.bertram@gsk.com","Article","Final","","Scopus","2-s2.0-84959171586"
"Payne, A.A.; Welch, K.","Payne, Allison Ann (8837283100); Welch, Kelly (19337850800)","8837283100; 19337850800","The Centrality of Schools in the Lifecourse: The Case for Focusing on School-Related Influences in Developmental Theory and Research","2016","Deviant Behavior","37","7","","748","760","12","10.1080/01639625.2015.1071134","https://www.scopus.com/inward/record.uri?eid=2-s2.0-84961216691&doi=10.1080%2F01639625.2015.1071134&partnerID=40&md5=1b7412c405951539e3d55a9522c5091d","Taylor and Francis Inc. 325 Chestnut St, Suite 800 Philadelphia PA 19106","Article","Final","","Scopus","2-s2.0-84961216691"
"Peguero, A.A.; Ovink, S.M.; Li, Y.L.","Peguero, Anthony A. (12240624500); Ovink, Sarah M. (36617627900); Li, Yunling (59794227100)","12240624500; 36617627900; 59794227100","Social Bonding to School and Educational Inequality","2016","Sociological Perspectives","59","2","","317","344","32","10.1177/0731121415586479","https://www.scopus.com/inward/record.uri?eid=2-s2.0-84965170999&doi=10.1177%2F0731121415586479&partnerID=40&md5=22ccda8184530adf006f753f1981b53b","SAGE Publications Inc.","Article","Final","","Scopus","2-s2.0-84965170999"
"Wang, M.-T.; Degol, J.L.","Wang, Mingte (35782484700); Degol, Jessica Lauren (55849946100)","35782484700; 55849946100","School Climate: a Review of the Construct, Measurement, and Impact on Student Outcomes","2016","Educational Psychology Review","28","2","","315","352","921","10.1007/s10648-015-9319-1","https://www.scopus.com/inward/record.uri?eid=2-s2.0-84932095010&doi=10.1007%2Fs10648-015-9319-1&partnerID=40&md5=485c342606512c4e0389408ec8843aac","Springer New York LLC barbara.b.bertram@gsk.com","Review","Final","","Scopus","2-s2.0-84932095010"
"Donner, C.; Maskaly, J.; Fridell, L.","Donner, Christopher M. (51763400500); Maskaly, Jon (39861783900); Fridell, Lorie A. (24324782300)","51763400500; 39861783900; 24324782300","Social bonds and police misconduct: An examination of social control theory and its relationship to workplace deviance among police supervisors","2016","Policing","39","2","","416","431","16","10.1108/PIJPSM-10-2015-0109","https://www.scopus.com/inward/record.uri?eid=2-s2.0-84964825535&doi=10.1108%2FPIJPSM-10-2015-0109&partnerID=40&md5=04785e0a4d8c8003abd30c6fcb339383","Emerald Group Publishing Ltd. Howard House Wagon Lane, Bingley BD16 1WA","Article","Final","","Scopus","2-s2.0-84964825535"
"Smith, M.J.; Payne, E.","Smith, Melissa J. (15037288100); Payne, Elizabethe C. (37089453500)","15037288100; 37089453500","Educator evaluations of school climate for LGBTQ Students: A reiteration of the bullying discourse","2016","","","","","73","86","4","10.4324/9781315643403","https://www.scopus.com/inward/record.uri?eid=2-s2.0-84979955413&doi=10.4324%2F9781315643403&partnerID=40&md5=21d82e4b9cbe3cd7fcd242bb6482aac7","Taylor and Francis Inc.","Book chapter","Final","","Scopus","2-s2.0-84979955413"
"Gerlinger, J.; Wo, J.C.","Gerlinger, Julie (55845226200); Wo, James C. (55653006900)","55845226200; 55653006900","Preventing School Bullying: Should Schools Prioritize an Authoritative School Discipline Approach Over Security Measures?","2016","Journal of School Violence","15","2","","133","157","71","10.1080/15388220.2014.956321","https://www.scopus.com/inward/record.uri?eid=2-s2.0-84960441460&doi=10.1080%2F15388220.2014.956321&partnerID=40&md5=8202b1bcb2b4dec80b416a02804434f0","Routledge aabs@uw.edu","Article","Final","","Scopus","2-s2.0-84960441460"
"Theriot, M.T.","Theriot, Matthew T. (6508137074)","6508137074","The Impact of School Resource Officer Interaction on Students’ Feelings About School and School Police","2016","Crime and Delinquency","62","4","","446","469","86","10.1177/0011128713503526","https://www.scopus.com/inward/record.uri?eid=2-s2.0-84960392737&doi=10.1177%2F0011128713503526&partnerID=40&md5=7127c3c95c9961d532524d3565f1d4c1","SAGE Publications Inc. claims@sagepub.com","Article","Final","","Scopus","2-s2.0-84960392737"
"Barrett, K.L.; Lynch, M.J.; Stretesky, P.B.","Barrett, Kimberly L. (54886129000); Lynch, Michael J. (57201765260); Stretesky, Paul B. (6701440288)","54886129000; 57201765260; 6701440288","Green Criminology and the Reconceptualization of School Violence: Comparing Green School Violence and Traditional Forms of School Violence for School Children","2016","Critical Criminology","24","1","","19","37","8","10.1007/s10612-015-9280-9","https://www.scopus.com/inward/record.uri?eid=2-s2.0-84959149283&doi=10.1007%2Fs10612-015-9280-9&partnerID=40&md5=ff52520c2cf577818392d294180b9c82","Springer Netherlands","Article","Final","","Scopus","2-s2.0-84959149283"
"Peguero, A.A.; Jiang, X.","Peguero, Anthony A. (12240624500); Jiang, Xin (59840310100)","12240624500; 59840310100","Backlash for Breaking Racial and Ethnic Breaking Stereotypes: Adolescent School Victimization Across Contexts","2016","Journal of Interpersonal Violence","31","6","","1047","1073","10","10.1177/0886260514564063","https://www.scopus.com/inward/record.uri?eid=2-s2.0-84956905847&doi=10.1177%2F0886260514564063&partnerID=40&md5=27c6c3baf00f77ae1823c8147bbf5a76","SAGE Publications Inc. claims@sagepub.com","Article","Final","","Scopus","2-s2.0-84956905847"
"Udris, R.","Udris, Reinis (56404673000)","56404673000","Cyber deviance among adolescents and the role of family, school, and neighborhood: A cross-national study","2016","International Journal of Cyber Criminology","10","2","","127","146","45","10.5281/zenodo.163393","https://www.scopus.com/inward/record.uri?eid=2-s2.0-85010500658&doi=10.5281%2Fzenodo.163393&partnerID=40&md5=dd07620e260010d32a6fef87383dfc33","Manonmaniam Sundaranar University Thirunelveli TamilNadu","Article","Final","","Scopus","2-s2.0-85010500658"
"Lehman, B.","Lehman, Brett (55227833000)","55227833000","Physical and nonphysical bullying victimization of academically oriented students: The role of gender and school type","2015","American Journal of Education","122","1","","133","159","5","10.1086/683294","https://www.scopus.com/inward/record.uri?eid=2-s2.0-84947733544&doi=10.1086%2F683294&partnerID=40&md5=d6952e10d05288d2e27f4cb47d80cf34","University of Chicago Press","Article","Final","","Scopus","2-s2.0-84947733544"
"Cornell, D.; Shukla, K.; Konold, T.","Cornell, Dewey G. (7005706524); Shukla, Kathan Dushyant (56198734000); Konold, Timothy R. (6701746776)","7005706524; 56198734000; 6701746776","Peer victimization and authoritative school climate: A multilevel approach","2015","Journal of Educational Psychology","107","4","","1186","1201","114","10.1037/edu0000038","https://www.scopus.com/inward/record.uri?eid=2-s2.0-84928380958&doi=10.1037%2Fedu0000038&partnerID=40&md5=491bbc826a2ed49f1d60d7f98d7417c5","American Psychological Association Inc. journals@apa.org","Article","Final","All Open Access; Hybrid Gold Open Access","Scopus","2-s2.0-84928380958"
"DiPietro, S.M.; Slocum, L.A.; Esbensen, F.-A.","DiPietro, Stephanie M. (13004739500); Slocum, Lee Ann (16308449300); Esbensen, Finn Aage (6603758432)","13004739500; 16308449300; 6603758432","School Climate and Violence: Does Immigrant Status Matter?","2015","Youth Violence and Juvenile Justice","13","4","","299","322","21","10.1177/1541204014547589","https://www.scopus.com/inward/record.uri?eid=2-s2.0-84940044077&doi=10.1177%2F1541204014547589&partnerID=40&md5=4250c112ec143e010459a485e30cd96c","SAGE Publications Inc.","Article","Final","","Scopus","2-s2.0-84940044077"
"Crosby, S.D.","Crosby, Shantel D. (56592370600)","56592370600","An Ecological Perspective on Emerging Trauma-Informed Teaching Practices","2015","Children and Schools","37","4","","223","230","98","10.1093/cs/cdv027","https://www.scopus.com/inward/record.uri?eid=2-s2.0-84943426328&doi=10.1093%2Fcs%2Fcdv027&partnerID=40&md5=56e196a2075914e5ff987a5f3dea508e","National Association of Social Workers","Article","Final","","Scopus","2-s2.0-84943426328"
"Areepattamannil, S.; Chiam, C.L.; Lee, D.H.L.; Hong, H.","Areepattamannil, Shaljan (36613013300); Chiam, Ching Leen (56928186400); Lee, Daphnee Hui Lin (55531154400); Hong, Helen (56413877100)","36613013300; 56928186400; 55531154400; 56413877100","Correlates of science achievement in Singapore: A multilevel exploration","2015","","","","","607","629","2","10.1007/978-3-319-16390-1_25","https://www.scopus.com/inward/record.uri?eid=2-s2.0-84946784510&doi=10.1007%2F978-3-319-16390-1_25&partnerID=40&md5=78a8767b82bd6283ab1e6eec47395057","Springer International Publishing","Book chapter","Final","","Scopus","2-s2.0-84946784510"
"Armstrong, T.A.; Armstrong, G.S.; Katz, C.M.","Armstrong, Todd A. (7202834420); Armstrong, Gaylene S. (14824477500); Katz, Charles Max (7004976776)","7202834420; 14824477500; 7004976776","Testing the Influence of Community Characteristics on School Misconduct","2015","Justice Quarterly","32","5","","792","817","6","10.1080/07418825.2013.807349","https://www.scopus.com/inward/record.uri?eid=2-s2.0-84938423001&doi=10.1080%2F07418825.2013.807349&partnerID=40&md5=566b98b98a065d876c8fef97e5855279","Routledge","Article","Final","","Scopus","2-s2.0-84938423001"
"Zullig, K.J.; Collins, R.; Ghani, N.; Hunter, A.A.; Patton, J.M.; Huebner, E.S.; Zhang, J.","Zullig, Keith John (6603501256); Collins, Rani (56003715900); Ghani, Nadia (56500125300); Hunter, Amy A. (57204778598); Patton, Jon M. (8592297000); Huebner, Eugene Scott (7005171804); Zhang, Jianjun (56084241800)","6603501256; 56003715900; 56500125300; 57204778598; 8592297000; 7005171804; 56084241800","Preliminary development of a revised version of the school climate measure","2015","Psychological Assessment","27","3","","1072","1081","44","10.1037/pas0000070","https://www.scopus.com/inward/record.uri?eid=2-s2.0-84940102685&doi=10.1037%2Fpas0000070&partnerID=40&md5=21a6946c41ee1a399f0808e63976924f","American Psychological Association Inc. journals@apa.org","Article","Final","","Scopus","2-s2.0-84940102685"
"Dymnicki, A.B.; Henry, D.B.; Myford, C.M.","Dymnicki, Allison B. (16425406000); Henry, David B. (36013066800); Myford, Carol M. (6602409531)","16425406000; 36013066800; 6602409531","The development of an instrument to measure school readiness for a prevention program","2015","Learning Environments Research","18","2","","267","287","2","10.1007/s10984-015-9183-4","https://www.scopus.com/inward/record.uri?eid=2-s2.0-84938253113&doi=10.1007%2Fs10984-015-9183-4&partnerID=40&md5=5abad7c57f46e73f731fd17b38ed3d70","Kluwer Academic Publishers","Article","Final","","Scopus","2-s2.0-84938253113"
"Payne, A.A.; Welch, K.","Payne, Allison Ann (8837283100); Welch, Kelly (19337850800)","8837283100; 19337850800","Restorative Justice in Schools: The Influence of Race on Restorative Discipline","2015","Youth and Society","47","4","","539","564","160","10.1177/0044118X12473125","https://www.scopus.com/inward/record.uri?eid=2-s2.0-84930465875&doi=10.1177%2F0044118X12473125&partnerID=40&md5=7c417f990eb8fdd81ca360fcb9cc5378","SAGE Publications Inc.","Article","Final","","Scopus","2-s2.0-84930465875"
"Dufur, M.J.; Hoffmann, J.P.; Braudt, D.B.; Parcel, T.L.; Spence, K.R.","Dufur, Mikaela J. (6507474727); Hoffmann, John P. (7401871634); Braudt, David B. (56743201800); Parcel, Toby L. (6602577379); Spence, Karen R. (36696966700)","6507474727; 7401871634; 56743201800; 6602577379; 36696966700","Examining the Effects of Family and School Social Capital on Delinquent Behavior","2015","Deviant Behavior","36","7","","511","526","65","10.1080/01639625.2014.944069","https://www.scopus.com/inward/record.uri?eid=2-s2.0-84927044808&doi=10.1080%2F01639625.2014.944069&partnerID=40&md5=c102a3fbf8f59656d827391236c82a55","Bellwether Publishing, Ltd.","Article","Final","","Scopus","2-s2.0-84927044808"
"Bradshaw, C.P.; Waasdorp, T.E.; Lindstrom Johnson, S.L.","Bradshaw, Catherine P. (8215624700); Waasdorp, Tracy Evian (26641580900); Lindstrom Johnson, Sarah R. (55466707400)","8215624700; 26641580900; 55466707400","Overlapping Verbal, Relational, Physical, and Electronic Forms of Bullying in Adolescence: Influence of School Context","2015","Journal of Clinical Child and Adolescent Psychology","44","3","","494","508","136","10.1080/15374416.2014.893516","https://www.scopus.com/inward/record.uri?eid=2-s2.0-84926418514&doi=10.1080%2F15374416.2014.893516&partnerID=40&md5=99f81a52db78a657298c86e94ae55793","Routledge","Article","Final","","Scopus","2-s2.0-84926418514"
"Peguero, A.A.; Popp, A.M.; Koo, D.J.","Peguero, Anthony A. (12240624500); Popp, Ann Marie (39461869900); Koo, Dixie J. (14325263000)","12240624500; 39461869900; 14325263000","Race, Ethnicity, and School-Based Adolescent Victimization","2015","Crime and Delinquency","61","3","","323","349","55","10.1177/0011128711398021","https://www.scopus.com/inward/record.uri?eid=2-s2.0-84924917673&doi=10.1177%2F0011128711398021&partnerID=40&md5=7351a178727825f625110898b84f59df","SAGE Publications Inc.","Article","Final","","Scopus","2-s2.0-84924917673"
"Lacoe, J.R.","Lacoe, Johanna R. (14065990000)","14065990000","Unequally Safe: The Race Gap in School Safety","2015","Youth Violence and Juvenile Justice","13","2","","143","168","70","10.1177/1541204014532659","https://www.scopus.com/inward/record.uri?eid=2-s2.0-84924905041&doi=10.1177%2F1541204014532659&partnerID=40&md5=4867490ee2718905ce53aa5a6cdbc465","SAGE Publications Inc.","Article","Final","","Scopus","2-s2.0-84924905041"
"James, K.; Bunch, J.; Clay-Warner, J.","James, Katie R. (55953966000); Bunch, Jackson M. (56115772700); Clay-Warner, Jody (6602724058)","55953966000; 56115772700; 6602724058","Perceived Injustice and School Violence: An Application of General Strain Theory","2015","Youth Violence and Juvenile Justice","13","2","","169","189","51","10.1177/1541204014521251","https://www.scopus.com/inward/record.uri?eid=2-s2.0-84924863312&doi=10.1177%2F1541204014521251&partnerID=40&md5=8cd048479e62f124bf95c083c0accbb1","SAGE Publications Inc.","Article","Final","","Scopus","2-s2.0-84924863312"
"Han, Y.; Kim, H.; Ma, J.","Han, Yoonsun (56114754500); Kim, Heejoo (56591068700); Ma, Julie (54923873800)","56114754500; 56591068700; 54923873800","School bonds and the onset of substance use among Korean youth: An examination of social control theory","2015","International Journal of Environmental Research and Public Health","12","3","","2923","2940","19","10.3390/ijerph120302923","https://www.scopus.com/inward/record.uri?eid=2-s2.0-84927645585&doi=10.3390%2Fijerph120302923&partnerID=40&md5=cb77aa38fc35b207446339cc31ae9c30","MDPI","Article","Final","All Open Access; Gold Open Access; Green Final Open Access; Green Open Access","Scopus","2-s2.0-84927645585"
"Byrd, K.M.; Kahle, L.L.; Peguero, A.A.; Popp, A.M.","Byrd, Kaitland M. (56538149300); Kahle, Lindsay L. (56538121400); Peguero, Anthony A. (12240624500); Popp, Ann Marie (39461869900)","56538149300; 56538121400; 12240624500; 39461869900","Social Control and Intersectionality: A Multilevel Analysis of School Misconduct, Location, Race, Ethnicity, and Sex","2015","Sociological Spectrum","35","2","","109","135","13","10.1080/02732173.2014.1000552","https://www.scopus.com/inward/record.uri?eid=2-s2.0-84924119138&doi=10.1080%2F02732173.2014.1000552&partnerID=40&md5=ce81f7452de9da55ab7afd9de5f7ecdf","Bellwether Publishing, Ltd.","Article","Final","","Scopus","2-s2.0-84924119138"
"Joo, H.J.; Jo, Y.","Joo, Heejong Jacob (56496328000); Jo, Youngoh (55262337100)","56496328000; 55262337100","Family, School, Peers, and Recidivism Among South Korean Juvenile Offenders: an Event History Analysis","2015","Asian Journal of Criminology","10","1","","99","116","8","10.1007/s11417-015-9205-2","https://www.scopus.com/inward/record.uri?eid=2-s2.0-84925521732&doi=10.1007%2Fs11417-015-9205-2&partnerID=40&md5=0772c4dec68811b14a75e8b6e31484f8","Kluwer Academic Publishers","Article","Final","","Scopus","2-s2.0-84925521732"
"Berten, H.; van Rossem, R.","Berten, Hans (35315434700); van Rossem, Ronan (55927632800)","35315434700; 55927632800","Homophily in Adolescence: Is Similarity in Status Characteristics Associated with Similarity in Anti-school Behaviour?","2015","Young","23","1","","76","96","2","10.1177/1103308814557400","https://www.scopus.com/inward/record.uri?eid=2-s2.0-84923873046&doi=10.1177%2F1103308814557400&partnerID=40&md5=e3c94cbc7c5ff95dab65fec3e7ad29ca","SAGE Publications Inc.","Article","Final","","Scopus","2-s2.0-84923873046"
"Burfeind, J.; Bartusch, D.J.","Burfeind, James (57226138301); Bartusch, Dawn Jeglum (6506870551)","57226138301; 6506870551","Juvenile delinquency: An integrated approach","2015","","","","","1","514","9","10.4324/9781315731094","https://www.scopus.com/inward/record.uri?eid=2-s2.0-85110623179&doi=10.4324%2F9781315731094&partnerID=40&md5=cf6849b588941d266bbcbd5a098b4525","Taylor and Francis","Book","Final","","Scopus","2-s2.0-85110623179"
"Peguero, A.A.; Portillos, E.L.; González, J.C.","Peguero, Anthony A. (12240624500); Portillos, Edwardo L. (6506620387); González, Juan Carlos Vinuesa (7404493058)","12240624500; 6506620387; 7404493058","School securitization and Latina/o educational progress","2015","Urban Education","50","7","","812","838","17","10.1177/0042085914534860","https://www.scopus.com/inward/record.uri?eid=2-s2.0-84960436516&doi=10.1177%2F0042085914534860&partnerID=40&md5=053e3270f4fc17dcdbc79794e8cb8ae5","SAGE Publications Inc.","Article","Final","","Scopus","2-s2.0-84960436516"
"Saǧkal, A.S.; Kabasakal, Z.T.; Türnüklü, A.","Saǧkal, Ali Serdar (55344212500); Kabasakal, Zekâvet Hatice (35320055100); Türnüklü, Abbas (7801338380)","55344212500; 35320055100; 7801338380","Turkish adaptation of the connected classroom climate inventory (CCCI); Sınıf iklimi envanteri’nin (SİE) Türkçe’ye uyarlanması","2015","Elementary Education Online","14","4","","1179","1192","6","10.17051/io.2015.30422","https://www.scopus.com/inward/record.uri?eid=2-s2.0-84952652796&doi=10.17051%2Fio.2015.30422&partnerID=40&md5=f3a9829eb078a52c63034cb294687887","Ankara University ioo.editor@gmail.com","Article","Final","All Open Access; Gold Open Access","Scopus","2-s2.0-84952652796"
"Payne, A.A.; Welch, K.","Payne, Allison Ann (8837283100); Welch, Kelly (19337850800)","8837283100; 19337850800","How school and education impact the development of criminal and antisocial behavior","2015","","","","","237","251","13","10.1007/978-3-319-08720-7_15","https://www.scopus.com/inward/record.uri?eid=2-s2.0-84944549235&doi=10.1007%2F978-3-319-08720-7_15&partnerID=40&md5=d6795e10c3e0cbe4825e1da77aee85de","Springer International Publishing","Book chapter","Final","","Scopus","2-s2.0-84944549235"
"Berkowitz, R.; Glickman, H.; Benbenishty, R.; Ben-Artzi, E.; Raz, T.; Lipshtat, N.; Astor, R.A.","Berkowitz, Ruth (54898986600); Glickman, Hagit (56743127600); Benbenishty, Rami (7004139075); Ben-Artzi, Elisheva (6603319953); Raz, Tal (56742960200); Lipshtat, Nurit (16233373100); Astor, Ron Avi (55667464100)","54898986600; 56743127600; 7004139075; 6603319953; 56742960200; 16233373100; 55667464100","Compensating, mediating, and moderating effects of school climate on academic achievement gaps in Israel","2015","Teachers College Record","117","7","","1","34","39","","https://www.scopus.com/inward/record.uri?eid=2-s2.0-84938264520&partnerID=40&md5=66badd4ef5b5ca037033da150a0527f9","Teachers College, Columbia University","Article","Final","","Scopus","2-s2.0-84938264520"
"Bao, Z.; Li, D.; Zhang, W.; Wang, Y.","Bao, Zhenzhou (55710810800); Li, Dongping (55711850800); Zhang, Wei (35068902000); Wang, Yanhui (55710973200)","55710810800; 55711850800; 35068902000; 55710973200","School Climate and Delinquency Among Chinese Adolescents: Analyses of Effortful Control as a Moderator and Deviant Peer Affiliation as a Mediator","2015","Journal of Abnormal Child Psychology","43","1","","81","93","65","10.1007/s10802-014-9903-8","https://www.scopus.com/inward/record.uri?eid=2-s2.0-84937483617&doi=10.1007%2Fs10802-014-9903-8&partnerID=40&md5=e7d77cd80d43e72e512e7b7920f908b9","Springer New York LLC journals@springer-sbm.com","Article","Final","","Scopus","2-s2.0-84937483617"
"Peguero, A.A.; Popp, A.M.; Shekarkhar, Z.","Peguero, Anthony A. (12240624500); Popp, Ann Marie (39461869900); Shekarkhar, Zahra (36816348100)","12240624500; 39461869900; 36816348100","Breaking Stereotypes and School Punishment: Family Socioeconomic Status, Test Scores, Academic and Sport Activities, Backlash, and Racial and Ethnic Discipline Disparities","2015","Journal of Ethnicity in Criminal Justice","13","1","","59","85","8","10.1080/15377938.2014.893219","https://www.scopus.com/inward/record.uri?eid=2-s2.0-84922418753&doi=10.1080%2F15377938.2014.893219&partnerID=40&md5=2e2b2ebb8731ace5e674557b7a5f9a90","Routledge aabs@uw.edu","Article","Final","","Scopus","2-s2.0-84922418753"
"Demanet, J.; van Houtte, M.","Demanet, Jannick (36522414300); van Houtte, Mieke (6602353756)","36522414300; 6602353756","Social-ethnic school composition and disengagement: An inquiry into the perceived control explanation","2014","Social Science Journal","51","4","","659","675","30","10.1016/j.soscij.2014.09.001","https://www.scopus.com/inward/record.uri?eid=2-s2.0-84912118855&doi=10.1016%2Fj.soscij.2014.09.001&partnerID=40&md5=e529c166ec1826a4e76782aad98e618f","Elsevier Inc.","Article","Final","","Scopus","2-s2.0-84912118855"
"Lehman, B.","Lehman, Brett (55227833000)","55227833000","Gender Differences in Bullying Victimization: The Role of Academics and School Context","2014","Sociological Spectrum","34","6","","549","570","8","10.1080/02732173.2014.947454","https://www.scopus.com/inward/record.uri?eid=2-s2.0-84909948256&doi=10.1080%2F02732173.2014.947454&partnerID=40&md5=f5ba82564788aadfcf52851b7dd4590f","Bellwether Publishing, Ltd.","Article","Final","","Scopus","2-s2.0-84909948256"
"Crosby, A.E.; Hall, J.E.; Parks, S.","Crosby, Alex E. (7006500906); Hall, Jeffrey E. (55309071600); Parks, Sharyn E. (35789175900)","7006500906; 55309071600; 35789175900","Youth and school violence: An epidemiological criminology perspective","2014","","","","","139","151","0","","https://www.scopus.com/inward/record.uri?eid=2-s2.0-85122376719&partnerID=40&md5=5a151539ac9e045a25f55e86836e08d6","Taylor and Francis","Book chapter","Final","","Scopus","2-s2.0-85122376719"
"Schroeder, R.","Schroeder, Ryan D. (16040390300)","16040390300","Social bonding and crime","2014","","","","","218","235","3","10.4135/9781483349114.n13","https://www.scopus.com/inward/record.uri?eid=2-s2.0-84949921575&doi=10.4135%2F9781483349114.n13&partnerID=40&md5=f12c7eec0104f7d1e6cf8a81bb3afd7e","SAGE Publications Inc.","Book chapter","Final","","Scopus","2-s2.0-84949921575"
"Laeheem, K.","Laeheem, Kasetchai (26531352300)","26531352300","Factors associated with Islamic behavior among Thai Muslim youth in the three Southern Border Provinces, Thailand","2014","Kasetsart Journal - Social Sciences","35","2","","356","367","12","","https://www.scopus.com/inward/record.uri?eid=2-s2.0-84923809896&partnerID=40&md5=67985db14537c57e859408660e09207b","Kasetsart University","Article","Final","","Scopus","2-s2.0-84923809896"
"Finn, J.D.; Servoss, T.J.","Finn, Jeremy D. (58834547500); Servoss, Timothy J. (6508122341)","58834547500; 6508122341","Misbehavior, suspensions, and security measures in high school: Racial/ethnic and gender differences","2014","Journal of Applied Research on Children","5","2","","","","60","","https://www.scopus.com/inward/record.uri?eid=2-s2.0-84922788685&partnerID=40&md5=908a8f53c1b2b00b69bf394aaf2767b2","Texas Medical Center Library kathryn.krause@exch.library.tmc.edu","Article","Final","","Scopus","2-s2.0-84922788685"
"Debnam, K.J.; Lindstrom Johnson, S.L.; Waasdorp, T.E.; Bradshaw, C.P.","Debnam, Katrina J. (36711363700); Lindstrom Johnson, Sarah R. (55466707400); Waasdorp, Tracy Evian (26641580900); Bradshaw, Catherine P. (8215624700)","36711363700; 55466707400; 26641580900; 8215624700","Equity, connection, and engagement in the school context to promote positive youth development","2014","Journal of Research on Adolescence","24","3","","447","459","63","10.1111/jora.12083","https://www.scopus.com/inward/record.uri?eid=2-s2.0-84906064078&doi=10.1111%2Fjora.12083&partnerID=40&md5=cd10c38ed6d948014fca12fed87abca6","Blackwell Publishing Inc. subscrip@blackwellpub.com","Article","Final","","Scopus","2-s2.0-84906064078"
"Dymnicki, A.B.","Dymnicki, Allison B. (16425406000)","16425406000","Moderating effects of school climate on outcomes for the multisite violence prevention project universal program","2014","Journal of Research on Adolescence","24","2","","383","398","13","10.1111/jora.12073","https://www.scopus.com/inward/record.uri?eid=2-s2.0-84901457448&doi=10.1111%2Fjora.12073&partnerID=40&md5=0a1fc22a0e03a6876d7b9e5dd503a2c0","Blackwell Publishing Inc. subscrip@blackwellpub.com","Article","Final","","Scopus","2-s2.0-84901457448"
"Wissink, I.B.; Dekovič, M.; Stams, G.-J.; Asscher, J.J.; Rutten, E.; Zijlstra, B.J.H.","Wissink, Inge B. (6505610787); Dekovič, Maja (6701827782); Stams, Geert Jan Jm M. (16065196600); Asscher, Jessica J. (12785104900); Rutten, Esther A. (16069407200); Zijlstra, Bonne J.H. (6508060157)","6505610787; 6701827782; 16065196600; 12785104900; 16069407200; 6508060157","Moral Orientation and Relationships in School and Adolescent Pro- and Antisocial Behaviors: A Multilevel Study","2014","Journal of School Nursing","30","3","","216","225","21","10.1177/1059840513497402","https://www.scopus.com/inward/record.uri?eid=2-s2.0-84900397485&doi=10.1177%2F1059840513497402&partnerID=40&md5=9ee0b32c6cb6c9823db3d1fe90e8c09e","SAGE Publications Inc. claims@sagepub.com","Article","Final","","Scopus","2-s2.0-84900397485"
"Peguero, A.A.; Jiang, X.","Peguero, Anthony A. (12240624500); Jiang, Xin (59840310100)","12240624500; 59840310100","Social Control Across Immigrant Generations: Adolescent Violence at School and Examining the Immigrant Paradox","2014","Journal of Criminal Justice","42","3","","276","287","42","10.1016/j.jcrimjus.2014.01.003","https://www.scopus.com/inward/record.uri?eid=2-s2.0-84899629256&doi=10.1016%2Fj.jcrimjus.2014.01.003&partnerID=40&md5=34c93fa4fd122d24a99d61d2579e1f20","Elsevier BV","Article","Final","","Scopus","2-s2.0-84899629256"
"Servoss, T.J.; Finn, J.D.","Servoss, Timothy J. (6508122341); Finn, Jeremy D. (58834547500)","6508122341; 58834547500","School Security: For Whom and With What Results?","2014","Leadership and Policy in Schools","13","1","","61","92","20","10.1080/15700763.2014.890734","https://www.scopus.com/inward/record.uri?eid=2-s2.0-84898972700&doi=10.1080%2F15700763.2014.890734&partnerID=40&md5=4196d9819df360ebec9bc0af3b4a7acb","Taylor and Francis Inc. 325 Chestnut St, Suite 800 Philadelphia PA 19106","Article","Final","","Scopus","2-s2.0-84898972700"
"Free, J.L.","Free, Janese L. (55945118000)","55945118000","The importance of rule fairness: The influence of school bonds on at-risk students in an alternative school","2014","Educational Studies","40","2","","144","163","13","10.1080/03055698.2013.858614","https://www.scopus.com/inward/record.uri?eid=2-s2.0-84897027476&doi=10.1080%2F03055698.2013.858614&partnerID=40&md5=829ec65feaf6156797d86a4718bae6fb","Routledge info@tandf.co.uk","Article","Final","","Scopus","2-s2.0-84897027476"
"Phillips, M.D.; Turner, M.G.; Holt, T.J.","Phillips, Matthew D. (55367978800); Turner, Michael G. (7403215101); Holt, Thomas J. (57203081096)","55367978800; 7403215101; 57203081096","Exploring Resiliency Within Schools: An Investigation of the Effects of Protective Factors","2014","Youth and Society","46","1","","89","111","6","10.1177/0044118X11425644","https://www.scopus.com/inward/record.uri?eid=2-s2.0-84893523086&doi=10.1177%2F0044118X11425644&partnerID=40&md5=8c08980b733c808b73c7ac7b6bd3f8e1","","Article","Final","","Scopus","2-s2.0-84893523086"
"Zimmerman, G.M.; Rees, C.","Zimmerman, Gregory M. (35979083300); Rees, Carter (37116010000)","35979083300; 37116010000","Do school disciplinary policies have positive social impacts? Examining the attenuating effects of school policies on the relationship between personal and peer delinquency","2014","Journal of Criminal Justice","42","1","","54","65","21","10.1016/j.jcrimjus.2013.12.003","https://www.scopus.com/inward/record.uri?eid=2-s2.0-84891791180&doi=10.1016%2Fj.jcrimjus.2013.12.003&partnerID=40&md5=5696faa8c1bf336f2169ce66631df404","","Article","Final","","Scopus","2-s2.0-84891791180"
"Cook, P.J.; Gottfredson, D.C.; Na, C.","Cook, Phillip J. (7402055817); Gottfredson, Denise C. (7004855068); Na, Chongmin (55171769600)","7402055817; 7004855068; 55171769600","School Structural Characteristics and Crime","2014","","","","","4645","4655","0","10.1007/978-1-4614-5690-2_136","https://www.scopus.com/inward/record.uri?eid=2-s2.0-105011782302&doi=10.1007%2F978-1-4614-5690-2_136&partnerID=40&md5=6c4c531f7c6938d7ed7999a5b8e91b89","Springer Science+Business Media","Book chapter","Final","","Scopus","2-s2.0-105011782302"
"Vogel, M.; Barton, M.S.","Vogel, Matt (55327690800); Barton, Michael S. (57162290300)","55327690800; 57162290300","Impulsivity, School Context, and School Misconduct","2013","Youth and Society","45","4","","455","479","24","10.1177/0044118X11421941","https://www.scopus.com/inward/record.uri?eid=2-s2.0-84888422546&doi=10.1177%2F0044118X11421941&partnerID=40&md5=6e98387ef118fb2846ee7282f23efc7b","","Article","Final","","Scopus","2-s2.0-84888422546"
"Demanet, J.; van Houtte, M.","Demanet, Jannick (36522414300); van Houtte, Mieke (6602353756)","36522414300; 6602353756","Grade retention and its association with school misconduct in adolescence: A multilevel approach","2013","School Effectiveness and School Improvement","24","4","","417","434","32","10.1080/09243453.2012.727834","https://www.scopus.com/inward/record.uri?eid=2-s2.0-84879552857&doi=10.1080%2F09243453.2012.727834&partnerID=40&md5=03b6a2a9499008edd599e4c816b1b507","","Article","Final","","Scopus","2-s2.0-84879552857"
"Peguero, A.A.","Peguero, Anthony A. (12240624500)","12240624500","An Adolescent Victimization Immigrant Paradox? School-Based Routines, Lifestyles, and Victimization Across Immigration Generations","2013","Journal of Youth and Adolescence","42","11","","1759","1773","51","10.1007/s10964-012-9904-2","https://www.scopus.com/inward/record.uri?eid=2-s2.0-84885856213&doi=10.1007%2Fs10964-012-9904-2&partnerID=40&md5=f749c30ec058528456a1015bfca02c42","","Article","Final","","Scopus","2-s2.0-84885856213"
"Wang, C.; Berry, B.; Swearer, S.M.","Wang, Cixin (56313008300); Berry, Brandi (55877856900); Swearer, Susan M. (6701596801)","56313008300; 55877856900; 6701596801","The Critical Role of School Climate in Effective Bullying Prevention","2013","Theory into Practice","52","4","","296","302","121","10.1080/00405841.2013.829735","https://www.scopus.com/inward/record.uri?eid=2-s2.0-84885367216&doi=10.1080%2F00405841.2013.829735&partnerID=40&md5=bc895052bf4872a8e3dd00e1bbe9d505","","Review","Final","","Scopus","2-s2.0-84885367216"
"Carson, D.C.; Esbensen, F.-A.; Taylor, T.J.","Carson, Dena C. (25924223700); Esbensen, Finn Aage (6603758432); Taylor, Terrance J. (9639276500)","25924223700; 6603758432; 9639276500","A Longitudinal Analysis of the Relationship Between School Victimization and Student Mobility","2013","Youth Violence and Juvenile Justice","11","4","","275","295","16","10.1177/1541204013477118","https://www.scopus.com/inward/record.uri?eid=2-s2.0-84884155843&doi=10.1177%2F1541204013477118&partnerID=40&md5=51abc960636a87d50ba25babcb057749","","Article","Final","","Scopus","2-s2.0-84884155843"
"DeCamp, W.D.; Daly, K.","DeCamp, Whitney (57210180457); Daly, Kevin (35721779500)","57210180457; 35721779500","Health Behaviors and Standardized Test Scores: The Impact of School Health Climate on Performance","2013","International Journal of School and Educational Psychology","1","3","","166","175","2","10.1080/21683603.2013.805173","https://www.scopus.com/inward/record.uri?eid=2-s2.0-84919724570&doi=10.1080%2F21683603.2013.805173&partnerID=40&md5=df44ef9e303901eb11ef0b4eccc9bffe","Routledge aabs@uw.edu","Article","Final","","Scopus","2-s2.0-84919724570"
"van Houtte, M.; Demanet, J.; Stevens, P.A.J.","van Houtte, Mieke (6602353756); Demanet, Jannick (36522414300); Stevens, Peter A.J. (16507646800)","6602353756; 36522414300; 16507646800","Curriculum tracking and teacher evaluations of individual students: Selection, adjustment or labeling?","2013","Social Psychology of Education","16","3","","329","352","32","10.1007/s11218-013-9216-8","https://www.scopus.com/inward/record.uri?eid=2-s2.0-84884163701&doi=10.1007%2Fs11218-013-9216-8&partnerID=40&md5=3cc53f560882bf453bf977b1b9053b1f","","Article","Final","","Scopus","2-s2.0-84884163701"
"Hoffmann, J.P.; Erickson, L.D.; Spence, K.R.","Hoffmann, John P. (7401871634); Erickson, Lance D. (7201639309); Spence, Karen R. (36696966700)","7401871634; 7201639309; 36696966700","Modeling The Association Between Academic Achievement And Delinquency: An Application Of Interactional Theory","2013","Criminology","51","3","","629","660","66","10.1111/1745-9125.12014","https://www.scopus.com/inward/record.uri?eid=2-s2.0-84881613484&doi=10.1111%2F1745-9125.12014&partnerID=40&md5=4bb2833f8541138e5e8ccc8d1680ba66","","Article","Final","","Scopus","2-s2.0-84881613484"
"Geller, J.D.; Voight, A.; Wegman, H.; Nation, M.","Geller, Joanna D. (55872546200); Voight, Adam M. (36462012900); Wegman, Holly L. (35333302900); Nation, Maury A. (6602264006)","55872546200; 36462012900; 35333302900; 6602264006","How Do Varying Types of Youth Civic Engagement Relate to Perceptions of School Climate?","2013","Applied Developmental Science","17","3","","135","147","19","10.1080/10888691.2013.804377","https://www.scopus.com/inward/record.uri?eid=2-s2.0-84884997785&doi=10.1080%2F10888691.2013.804377&partnerID=40&md5=7599dd868d82065c79829a8c794aad24","","Article","Final","","Scopus","2-s2.0-84884997785"
"Kataoka, S.; Vandell, D.L.","Kataoka, Sabrina (55872917500); Vandell, Deborah Lowe (7004376368)","55872917500; 7004376368","Quality of Afterschool Activities and Relative Change in Adolescent Functioning Over Two Years","2013","Applied Developmental Science","17","3","","123","134","41","10.1080/10888691.2013.804375","https://www.scopus.com/inward/record.uri?eid=2-s2.0-84884991452&doi=10.1080%2F10888691.2013.804375&partnerID=40&md5=4a5df8c36c3a5ab8faeca995a45d490f","","Article","Final","","Scopus","2-s2.0-84884991452"
"Weller, B.E.; Bowen, N.K.; Bowen, G.L.","Weller, Bridget E. (23029579100); Bowen, Natasha K. (7006490410); Bowen, Gary Lee (36003975900)","23029579100; 7006490410; 36003975900","Linking students to appropriate interventions: A typology for social workers based on general strain theory","2013","Journal of Social Work","13","4","","361","381","7","10.1177/1468017311435446","https://www.scopus.com/inward/record.uri?eid=2-s2.0-84879535782&doi=10.1177%2F1468017311435446&partnerID=40&md5=01f5671835c69ed131c87d59e82e9318","","Article","Final","","Scopus","2-s2.0-84879535782"
"Demanet, J.; Vanderwegen, P.; Vermeersch, H.; van Houtte, M.","Demanet, Jannick (36522414300); Vanderwegen, Pieter (55626293600); Vermeersch, Hans (57225408444); van Houtte, Mieke (6602353756)","36522414300; 55626293600; 57225408444; 6602353756","Unravelling gender composition effects on rule-breaking at school: a focus on study attitudes","2013","Gender and Education","25","4","","466","485","28","10.1080/09540253.2013.772567","https://www.scopus.com/inward/record.uri?eid=2-s2.0-84879550548&doi=10.1080%2F09540253.2013.772567&partnerID=40&md5=7b359a4483d24b46631f3158264ff89b","","Article","Final","","Scopus","2-s2.0-84879550548"
"Aldridge, J.M.; Ala'I, K.","Aldridge, Jill M. (7005768657); Ala'I, Kate (55624870200)","7005768657; 55624870200","Assessing students' views of school climate: Developing and validating the What's Happening In This School? (WHITS) questionnaire","2013","Improving Schools","16","1","","47","66","48","10.1177/1365480212473680","https://www.scopus.com/inward/record.uri?eid=2-s2.0-84875072655&doi=10.1177%2F1365480212473680&partnerID=40&md5=29a52d99d0c52f6976a0271c35e0979d","","Article","Final","","Scopus","2-s2.0-84875072655"
"Steffgen, G.; Recchia, S.; Viechtbauer, W.","Steffgen, Georges (16033344800); Recchia, Sophie (24338928400); Viechtbauer, Wolfgang (8920585400)","16033344800; 24338928400; 8920585400","The link between school climate and violence in school: A meta-analytic review","2013","Aggression and Violent Behavior","18","2","","300","309","141","10.1016/j.avb.2012.12.001","https://www.scopus.com/inward/record.uri?eid=2-s2.0-84873733166&doi=10.1016%2Fj.avb.2012.12.001&partnerID=40&md5=7727e82b35b8b623ab95e7ddc77240ff","","Review","Final","All Open Access; Bronze Open Access; Green Final Open Access; Green Open Access","Scopus","2-s2.0-84873733166"
"Vermeersch, H.; T'Sjoen, G.; Kaufman, J.-M.; van Houtte, M.","Vermeersch, Hans (57225408444); T'Sjoen, Guy Gaby R. (6602235323); Kaufman, Jean Marc M. (7403022650); van Houtte, Mieke (6602353756)","57225408444; 6602235323; 7403022650; 6602353756","Social Science Theories on Adolescent Risk-Taking: The Relevance of Behavioral Inhibition and Activation","2013","Youth and Society","45","1","","27","53","4","10.1177/0044118X11409014","https://www.scopus.com/inward/record.uri?eid=2-s2.0-84872902688&doi=10.1177%2F0044118X11409014&partnerID=40&md5=686f7a514cb1d9cf1dda2d45b542c79f","","Article","Final","","Scopus","2-s2.0-84872902688"
"Koutrouba, K.","Koutrouba, Konstantina (14826670400)","14826670400","Student misbehaviour in secondary education: Greek teachers' views and attitudes","2013","Educational Review","65","1","","1","19","10","10.1080/00131911.2011.628122","https://www.scopus.com/inward/record.uri?eid=2-s2.0-84872563460&doi=10.1080%2F00131911.2011.628122&partnerID=40&md5=46dc830591d56e494a2293c547fefc28","","Article","Final","","Scopus","2-s2.0-84872563460"
"Howe, R.B.; Covell, K.","Howe, R. Brian (8128823000); Covell, Katherine (6602084472)","8128823000; 6602084472","Education in the best interests of the child: A children’s rights perspective on closing the achievement gap","2013","","","","","1","259","16","","https://www.scopus.com/inward/record.uri?eid=2-s2.0-84967239676&partnerID=40&md5=0d47424d15f5d23e6293d70cb9100f80","University of Toronto Press","Book","Final","","Scopus","2-s2.0-84967239676"
"Payne, A.A.; Welch, K.","Payne, Allison Ann (8837283100); Welch, Kelly (19337850800)","8837283100; 19337850800","The impact of schools and education on antisocial behavior over the lifecourse","2013","","","","","93","109","10","10.1007/978-1-4614-5113-6_6","https://www.scopus.com/inward/record.uri?eid=2-s2.0-84960200399&doi=10.1007%2F978-1-4614-5113-6_6&partnerID=40&md5=900d298c96aecaa468449f3a8ade3d17","Springer New York","Book chapter","Final","","Scopus","2-s2.0-84960200399"
"Crosby, A.E.; Hall, J.E.; Parks, S.","Crosby, Alex E. (7006500906); Hall, Jeffrey E. (55309071600); Parks, Sharyn E. (35789175900)","7006500906; 55309071600; 35789175900","Youth and school violence: An epidemiological criminology perspective","2013","","","","","139","151","0","10.4324/9780203083420","https://www.scopus.com/inward/record.uri?eid=2-s2.0-84918876624&doi=10.4324%2F9780203083420&partnerID=40&md5=14cd08c185f2bb6bc37f9f3797e63388","Taylor and Francis","Book chapter","Final","","Scopus","2-s2.0-84918876624"
"Popp, A.M.; Peguero, A.A.","Popp, Ann Marie (39461869900); Peguero, Anthony A. (12240624500)","39461869900; 12240624500","Social Bonds and the Role of School-Based Victimization","2012","Journal of Interpersonal Violence","27","17","","3366","3388","58","10.1177/0886260512445386","https://www.scopus.com/inward/record.uri?eid=2-s2.0-84868091982&doi=10.1177%2F0886260512445386&partnerID=40&md5=9fc46bcfb497a252b4fbb6ff31e9880f","","Article","Final","","Scopus","2-s2.0-84868091982"
"Popp, A.M.","Popp, Ann Marie (39461869900)","39461869900","The Effects of Exposure, Proximity, and Capable Guardians on the Risk of Bullying Victimization","2012","Youth Violence and Juvenile Justice","10","4","","315","332","46","10.1177/1541204011434833","https://www.scopus.com/inward/record.uri?eid=2-s2.0-84866705083&doi=10.1177%2F1541204011434833&partnerID=40&md5=b293a3dfa3ad8ec2a95141e4841f8553","","Article","Final","","Scopus","2-s2.0-84866705083"
"Bryan, J.; Moore-Thomas, C.; Gaenzle, S.; Kim, J.; Lin, C.-H.; Na, G.","Bryan, Julia Green (34879450300); Moore-Thomas, Cheryl (15837089700); Gaenzle, Stacey (55359118400); Kim, Jungnam (55359555500); Lin, Chiahuei (56110410500); Na, Goeun (55359337000)","34879450300; 15837089700; 55359118400; 55359555500; 56110410500; 55359337000","The effects of school bonding on high school Seniors' academic achievement","2012","Journal of Counseling and Development","90","4","","467","480","77","10.1002/j.1556-6676.2012.00058.x","https://www.scopus.com/inward/record.uri?eid=2-s2.0-84866265232&doi=10.1002%2Fj.1556-6676.2012.00058.x&partnerID=40&md5=28efda01748379f0890d57f776271559","","Article","Final","","Scopus","2-s2.0-84866265232"
"Martinez-Ferrer, B.; Povedano-Diaz, A.; Amador-Muñoz, L.V.; Moreno-Ruiz, D.","Martinez-Ferrer, Belen (16043061500); Povedano-Diaz, Amapola (26657516400); Amador-Muñoz, Luís Vicente (57212766205); Moreno-Ruiz, David (57197985139)","16043061500; 26657516400; 57212766205; 57197985139","School climate, satisfaction with live, and school victimization. An analysis of the moderating effect of gender; Clima escolar, satisfacción con la vida y victimización en la escuela. un análisis del efecto moderador del género","2012","Anales de Psicologia","28","3","","875","882","22","10.6018/analesps.28.3.156121","https://www.scopus.com/inward/record.uri?eid=2-s2.0-84866241268&doi=10.6018%2Fanalesps.28.3.156121&partnerID=40&md5=f3c2a494daa34105b6471e880d3d2dcc","","Article","Final","All Open Access; Gold Open Access","Scopus","2-s2.0-84866241268"
"Gregory, A.; Cornell, D.; Fan, X.","Gregory, Anne C. (22957393700); Cornell, Dewey G. (7005706524); Fan, Xitao (7403394115)","22957393700; 7005706524; 7403394115","Teacher safety and authoritative school climate in high schools","2012","American Journal of Education","118","4","","401","425","107","10.1086/666362","https://www.scopus.com/inward/record.uri?eid=2-s2.0-84863905119&doi=10.1086%2F666362&partnerID=40&md5=04ba2a97f2cb3681d22b8217d0dcb096","","Article","Final","","Scopus","2-s2.0-84863905119"
"Demanet, J.; van Houtte, M.","Demanet, Jannick (36522414300); van Houtte, Mieke (6602353756)","36522414300; 6602353756","Teachers' attitudes and students' opposition. School misconduct as a reaction to teachers' diminished effort and affect","2012","Teaching and Teacher Education","28","6","","860","869","71","10.1016/j.tate.2012.03.008","https://www.scopus.com/inward/record.uri?eid=2-s2.0-84861704818&doi=10.1016%2Fj.tate.2012.03.008&partnerID=40&md5=703a53b039afdd2290e715f30c4c96c6","","Article","Final","All Open Access; Bronze Open Access","Scopus","2-s2.0-84861704818"
"Khoury-Kassabri, M.","Khoury-Kassabri, Mona (6508226937)","6508226937","Perpetration of Aggressive Behaviors Against Peers and Teachers as Predicted by Student and Contextual Factors","2012","Aggressive Behavior","38","4","","253","262","23","10.1002/ab.21424","https://www.scopus.com/inward/record.uri?eid=2-s2.0-84862315433&doi=10.1002%2Fab.21424&partnerID=40&md5=e1da01eccfb22bb59f610ad15a662c1c","","Article","Final","","Scopus","2-s2.0-84862315433"
"Mahasneh, A.M.M.; Nor, S.M.; Aroff, A.R.B.M.; Abdullah, N.S.M.; Samah, B.A.; Mahasneh, A.M.M.; Asiri, M.J.S.","Mahasneh, Ameen Mohammed Mousa (55086944300); Nor, Sharifah Md (35303332500); Aroff, Abdul Rahman Md (55089975900); Abdullah, Nur Surayyah Madhubala (55091988800); Samah, Bahaman Abu (23470884900); Mahasneh, Ahmad Mohammed Mousa (55086944400); Asiri, Mohammed Jaber Sherbib (55194086500)","55086944300; 35303332500; 55089975900; 55091988800; 23470884900; 55086944400; 55194086500","Misbehaviour in Jordanian secondary schools","2012","Asian Social Science","8","6","","121","131","1","10.5539/ass.v8n6p121","https://www.scopus.com/inward/record.uri?eid=2-s2.0-84860168882&doi=10.5539%2Fass.v8n6p121&partnerID=40&md5=c3f52c16ed406796f3dadff9281b76da","","Article","Final","All Open Access; Hybrid Gold Open Access","Scopus","2-s2.0-84860168882"
"Koo, D.J.; Peguero, A.A.; Shekarkhar, Z.","Koo, Dixie J. (14325263000); Peguero, Anthony A. (12240624500); Shekarkhar, Zahra (36816348100)","14325263000; 12240624500; 36816348100","The ""Model Minority"" Victim: Immigration, Gender, and Asian American Vulnerabilities to Violence at School","2012","Journal of Ethnicity in Criminal Justice","10","2","","129","147","69","10.1080/15377938.2011.609405","https://www.scopus.com/inward/record.uri?eid=2-s2.0-84860794775&doi=10.1080%2F15377938.2011.609405&partnerID=40&md5=d62ed7a7b3ec305ffd9fd855f0e646d8","","Article","Final","","Scopus","2-s2.0-84860794775"
"Shirley, E.L.M.; Cornell, D.","Shirley, Erica L M (55088798000); Cornell, Dewey G. (7005706524)","55088798000; 7005706524","The contribution of student perceptions of school climate to understanding the disproportionate punishment of African American students in a middle school","2012","School Psychology International","33","2","","115","134","79","10.1177/0143034311406815","https://www.scopus.com/inward/record.uri?eid=2-s2.0-84858170729&doi=10.1177%2F0143034311406815&partnerID=40&md5=63220ec2b78db2169bdb5c28dadc5ed2","","Article","Final","","Scopus","2-s2.0-84858170729"
"Demanet, J.; van Houtte, M.","Demanet, Jannick (36522414300); van Houtte, Mieke (6602353756)","36522414300; 6602353756","School Belonging and School Misconduct: The Differing Role of Teacher and Peer Attachment","2012","Journal of Youth and Adolescence","41","4","","499","514","169","10.1007/s10964-011-9674-2","https://www.scopus.com/inward/record.uri?eid=2-s2.0-84858007830&doi=10.1007%2Fs10964-011-9674-2&partnerID=40&md5=860ee448c1a9b68ad0eb26c88cd900b1","","Article","Final","","Scopus","2-s2.0-84858007830"
"Wang, M.-T.; Dishion, T.J.","Wang, Mingte (35782484700); Dishion, Thomas J. (7004092864)","35782484700; 7004092864","The Trajectories of Adolescents' Perceptions of School Climate, Deviant Peer Affiliation, and Behavioral Problems During the Middle School Years","2012","Journal of Research on Adolescence","22","1","","40","53","208","10.1111/j.1532-7795.2011.00763.x","https://www.scopus.com/inward/record.uri?eid=2-s2.0-84857193560&doi=10.1111%2Fj.1532-7795.2011.00763.x&partnerID=40&md5=679a62d55ee28a93f528185ea35255dc","","Article","Final","All Open Access; Bronze Open Access; Green Accepted Open Access; Green Open Access","Scopus","2-s2.0-84857193560"
"Blomberg, T.G.; Bales, W.D.; Piquero, A.R.","Blomberg, Thomas G. (6602741594); Bales, William D. (18036692300); Piquero, Alex R. (57208461287)","6602741594; 18036692300; 57208461287","Is Educational Achievement a Turning Point for Incarcerated Delinquents Across Race and Sex?","2012","Journal of Youth and Adolescence","41","2","","202","216","50","10.1007/s10964-011-9680-4","https://www.scopus.com/inward/record.uri?eid=2-s2.0-84855651152&doi=10.1007%2Fs10964-011-9680-4&partnerID=40&md5=6917997d57f81885403ba8cd9ba27975","","Article","Final","","Scopus","2-s2.0-84855651152"
"Finn, J.D.; Zimmer, K.S.","Finn, Jeremy D. (58834547500); Zimmer, Kayla S. (57198810549)","58834547500; 57198810549","Student engagement: What is it? Why does it matter?","2012","","","","","97","131","787","10.1007/978-1-4614-2018-7_5","https://www.scopus.com/inward/record.uri?eid=2-s2.0-84975176813&doi=10.1007%2F978-1-4614-2018-7_5&partnerID=40&md5=fa0e846688df23312af3fa249c0fd1bc","Springer US","Book chapter","Final","","Scopus","2-s2.0-84975176813"
"Raby, R.","Raby, Rebecca (57203448415)","57203448415","School rules: Obedience, discipline, and elusive democracy","2012","","","","","1","332","28","","https://www.scopus.com/inward/record.uri?eid=2-s2.0-84967188643&partnerID=40&md5=6d8709ce2e2218e053efc7aa9eafe33c","University of Toronto Press","Book","Final","","Scopus","2-s2.0-84967188643"
"Payne, A.A.","Payne, Allison Ann (8837283100)","8837283100","Communal school organization effects on school disorder: Interactions with school structure","2012","Deviant Behavior","33","7","","507","524","13","10.1080/01639625.2011.636686","https://www.scopus.com/inward/record.uri?eid=2-s2.0-84930453478&doi=10.1080%2F01639625.2011.636686&partnerID=40&md5=1548bdeeb930ab05e748f319785cdc90","","Article","Final","","Scopus","2-s2.0-84930453478"
"Voelkl, K.E.","Voelkl, Kristin E. (6603357363)","6603357363","School identification","2012","","","","","193","218","109","10.1007/978-1-4614-2018-7_9","https://www.scopus.com/inward/record.uri?eid=2-s2.0-84881011447&doi=10.1007%2F978-1-4614-2018-7_9&partnerID=40&md5=14e46e31edf64ea4393be7651270eac4","Springer US","Book chapter","Final","","Scopus","2-s2.0-84881011447"
"Zaykowski, H.; DeCamp, W.D.","Zaykowski, Heather (36054308400); DeCamp, Whitney (57210180457)","36054308400; 57210180457","Youth Victimization: School Climate or Deviant Lifestyles?","2012","Journal of Interpersonal Violence","27","3","","431","452","44","10.1177/0886260511421678","https://www.scopus.com/inward/record.uri?eid=2-s2.0-84857409825&doi=10.1177%2F0886260511421678&partnerID=40&md5=ab16eacfcef12061a9ae6c90dee6330f","SAGE Publications Inc. claims@sagepub.com","Article","Final","","Scopus","2-s2.0-84857409825"
"Peguero, A.A.; Popp, A.M.","Peguero, Anthony A. (12240624500); Popp, Ann Marie (39461869900)","12240624500; 39461869900","Youth violence at school and the intersection of gender, race, and ethnicity","2012","Journal of Criminal Justice","40","1","","1","9","44","10.1016/j.jcrimjus.2011.11.005","https://www.scopus.com/inward/record.uri?eid=2-s2.0-82655174373&doi=10.1016%2Fj.jcrimjus.2011.11.005&partnerID=40&md5=f86a90323d161315a7838f10020fe8ed","","Article","Final","","Scopus","2-s2.0-82655174373"
"Covell, K.; MacLean, R.","Covell, Katherine (6602084472); MacLean, Robin (56110989800)","6602084472; 56110989800","Fighting hunger the rights way: Using videogames and children's human rights education as a means of promoting global citizenship","2011","","","","","141","159","1","10.4018/978-1-61350-332-4.ch010","https://www.scopus.com/inward/record.uri?eid=2-s2.0-84898270374&doi=10.4018%2F978-1-61350-332-4.ch010&partnerID=40&md5=17b597a6f3dc83a3ab7c71a64b55a510","IGI Global","Book chapter","Final","","Scopus","2-s2.0-84898270374"
"Mahasneh, A.M.M.; Nor, S.M.; Aroff, A.R.B.M.; Abdullah, N.S.M.; Samah, B.A.; Mahasneh, A.M.M.","Mahasneh, Ameen Mohammed Mousa (55086944300); Nor, Sharifah Md (35303332500); Aroff, Abdul Rahman Md (55089975900); Abdullah, Nur Surayyah Madhubala (55091988800); Samah, Bahaman Abu (23470884900); Mahasneh, Ahmad Mohammed Mousa (55086944400)","55086944300; 35303332500; 55089975900; 55091988800; 23470884900; 55086944400","Characterizing misbehaviour among jordanian high school students","2011","Asian Social Science","7","12","","3","13","0","10.5539/ass.v7n12p3","https://www.scopus.com/inward/record.uri?eid=2-s2.0-84858229234&doi=10.5539%2Fass.v7n12p3&partnerID=40&md5=45125c23dbb46e6506730da768a0a067","","Article","Final","All Open Access; Hybrid Gold Open Access","Scopus","2-s2.0-84858229234"
"Peguero, A.A.","Peguero, Anthony A. (12240624500)","12240624500","Violence, schools, and dropping out: Racial and ethnic disparities in the educational consequence of student victimization","2011","Journal of Interpersonal Violence","26","18","","3753","3772","74","10.1177/0886260511403764","https://www.scopus.com/inward/record.uri?eid=2-s2.0-83355168119&doi=10.1177%2F0886260511403764&partnerID=40&md5=7b15aeeb81d2bf0941c5b8163cf3bdc5","","Article","Final","","Scopus","2-s2.0-83355168119"
"Peguero, A.A.","Peguero, Anthony A. (12240624500)","12240624500","Immigration, schools, and violence: Assimilation and student misbehavior","2011","Sociological Spectrum","31","6","","695","717","35","10.1080/02732173.2011.606726","https://www.scopus.com/inward/record.uri?eid=2-s2.0-80053506310&doi=10.1080%2F02732173.2011.606726&partnerID=40&md5=467c1310b830fe23bbc23185e44b58e6","","Article","Final","","Scopus","2-s2.0-80053506310"
"Farmer, T.W.; Hamm, J.V.; Leung, M.-C.; Lambert, K.; Gravelle, M.","Farmer, Thomas W. (7005226443); Hamm, Jill V. (7101754526); Leung, Manchi (7201944801); Lambert, Kerrylin (46062340100); Gravelle, Maggie (36188275800)","7005226443; 7101754526; 7201944801; 46062340100; 36188275800","Early Adolescent Peer Ecologies in Rural Communities: Bullying in Schools That Do and Do not Have a Transition During the Middle Grades","2011","Journal of Youth and Adolescence","40","9","","1106","1117","64","10.1007/s10964-011-9684-0","https://www.scopus.com/inward/record.uri?eid=2-s2.0-79960620802&doi=10.1007%2Fs10964-011-9684-0&partnerID=40&md5=393ef9df582ee949c91b70146a9663a9","","Article","Final","","Scopus","2-s2.0-79960620802"
"Espinoza, G.; Juvonen, J.","Espinoza, Guadalupe (25632006900); Juvonen, Jaana (7004597731)","25632006900; 7004597731","Perceptions of the school social context across the transition to middle school: Heightened sensitivity among latino students?","2011","Journal of Educational Psychology","103","3","","749","758","38","10.1037/a0023811","https://www.scopus.com/inward/record.uri?eid=2-s2.0-80051817549&doi=10.1037%2Fa0023811&partnerID=40&md5=53514cb52eda64e73c45a20ff3af0654","","Article","Final","","Scopus","2-s2.0-80051817549"
"Popp, A.M.; Peguero, A.A.","Popp, Ann Marie (39461869900); Peguero, Anthony A. (12240624500)","39461869900; 12240624500","Routine activities and victimization at school: The significance of gender","2011","Journal of Interpersonal Violence","26","12","","2413","2436","108","10.1177/0886260510383021","https://www.scopus.com/inward/record.uri?eid=2-s2.0-79959732287&doi=10.1177%2F0886260510383021&partnerID=40&md5=47ec6ab952f9437cc5ceeeeab9bd1207","","Article","Final","","Scopus","2-s2.0-79959732287"
"Peguero, A.A.; Popp, A.M.; Latimore, T.L.; Shekarkhar, Z.; Koo, D.J.","Peguero, Anthony A. (12240624500); Popp, Ann Marie (39461869900); Latimore, T. Lorraine (14024272700); Shekarkhar, Zahra (36816348100); Koo, Dixie J. (14325263000)","12240624500; 39461869900; 14024272700; 36816348100; 14325263000","Social control theory and school misbehavior: Examining the role of race and ethnicity","2011","Youth Violence and Juvenile Justice","9","3","","259","275","54","10.1177/1541204010389197","https://www.scopus.com/inward/record.uri?eid=2-s2.0-79958236868&doi=10.1177%2F1541204010389197&partnerID=40&md5=8cded5b960657748b32eb8262df04249","","Article","Final","","Scopus","2-s2.0-79958236868"
"Vieno, A.; Gini, G.; Santinello, M.; Lenzi, M.; Nation, M.","Vieno, Alessio (8514392900); Gini, Gianluca (12446084100); Santinello, Massimo (8694739800); Lenzi, Michela (35310915700); Nation, Maury A. (6602264006)","8514392900; 12446084100; 8694739800; 35310915700; 6602264006","Violent behavior and unfairness in school: Multilevel analysis of Italian schools","2011","Journal of Community Psychology","39","5","","534","550","15","10.1002/jcop.20450","https://www.scopus.com/inward/record.uri?eid=2-s2.0-79957933034&doi=10.1002%2Fjcop.20450&partnerID=40&md5=8529a7242f7a22154f7dcfa56ea21878","","Article","Final","","Scopus","2-s2.0-79957933034"
"Berten, H.; van Rossem, R.","Berten, Hans (35315434700); van Rossem, Ronan (55927632800)","35315434700; 55927632800","Mechanisms of peer influence among adolescents: Cohesion versus structural equiva lence","2011","Sociological Perspectives","54","2","","183","204","24","10.1525/sop.2011.54.2.183","https://www.scopus.com/inward/record.uri?eid=2-s2.0-79959453954&doi=10.1525%2Fsop.2011.54.2.183&partnerID=40&md5=9118bc5001a3f36ad84a393e50d0320f","","Article","Final","","Scopus","2-s2.0-79959453954"
"Wynne, S.L.; Joo, H.-J.","Wynne, Susan L. (37109136700); Joo, Hee-jong (8538658700)","37109136700; 8538658700","Predictors of school victimization: Individual, familial, and school factors","2011","Crime and Delinquency","57","3","","458","488","52","10.1177/0011128710389586","https://www.scopus.com/inward/record.uri?eid=2-s2.0-79955390838&doi=10.1177%2F0011128710389586&partnerID=40&md5=9e44b5c66c3ef4fb393a30eeb32d7e9a","","Article","Final","","Scopus","2-s2.0-79955390838"
"Khoury-Kassabri, M.","Khoury-Kassabri, Mona (6508226937)","6508226937","Student victimization by peers in elementary schools: Individual, teacher-class, and school-level predictors","2011","Child Abuse and Neglect","35","4","","273","282","35","10.1016/j.chiabu.2011.01.004","https://www.scopus.com/inward/record.uri?eid=2-s2.0-79955916490&doi=10.1016%2Fj.chiabu.2011.01.004&partnerID=40&md5=bfe0b6ef5924f30ee2bc2798d65d4615","","Article","Final","","Scopus","2-s2.0-79955916490"
"Bosworth, K.; Ford, L.; Hernandez, D.","Bosworth, Kris (7004131831); Ford, Lysbeth (37017282300); Hernandez, Diley (55353543900)","7004131831; 37017282300; 55353543900","School Climate Factors Contributing to Student and Faculty Perceptions of Safety in Select Arizona Schools","2011","Journal of School Health","81","4","","194","201","68","10.1111/j.1746-1561.2010.00579.x","https://www.scopus.com/inward/record.uri?eid=2-s2.0-79952508385&doi=10.1111%2Fj.1746-1561.2010.00579.x&partnerID=40&md5=e436e4712d7ebc637543bb261f59c454","","Article","Final","","Scopus","2-s2.0-79952508385"
"Theriot, M.T.; Anfara, V.A.","Theriot, Matthew T. (6508137074); Anfara, Vincent A. (6506546884)","6508137074; 6506546884","School Resource Officers in Middle Grades School Communities","2011","Middle School Journal","42","4","","56","64","4","10.1080/00940771.2011.11461775","https://www.scopus.com/inward/record.uri?eid=2-s2.0-85019540480&doi=10.1080%2F00940771.2011.11461775&partnerID=40&md5=b4b65fe81572ec7c2774c4ad9120d150","Taylor and Francis Ltd. michael.wagreich@univie.ac.at","Article","Final","","Scopus","2-s2.0-85019540480"
"Brian Howe, R.; Covell, K.","Brian Howe, R. (6504807505); Covell, Katherine (6602084472)","6504807505; 6602084472","Countering disadvantage, promoting health: The value of children's human rights education","2011","Journal of Educational Thought","45","1","","59","85","5","","https://www.scopus.com/inward/record.uri?eid=2-s2.0-80053578947&partnerID=40&md5=b7f87841f55dfa25a204c8f98c12a1c9","","Article","Final","","Scopus","2-s2.0-80053578947"
"Ünal-Reşitoğlu, H.; Çukur, C.S.","Ünal-Reşitoğlu, Halime (57656962500); Çukur, Cem Şafak (6506736718)","57656962500; 6506736718","The effects of school bonds, discipline techniques in school and victimization on delinquency of high school students","2011","","11","2","","560","570","16","","https://www.scopus.com/inward/record.uri?eid=2-s2.0-79958142677&partnerID=40&md5=a32df5de1596a3eb6fcd53e1a347572a","","Article","Final","","Scopus","2-s2.0-79958142677"
"Eccles, J.S.; Roeser, R.W.","Eccles, Jaquelynne S. (35617329400); Roeser, Robert W. (7004294409)","35617329400; 7004294409","Schools as developmental contexts during adolescence","2011","Journal of Research on Adolescence","21","1","","225","241","1073","10.1111/j.1532-7795.2010.00725.x","https://www.scopus.com/inward/record.uri?eid=2-s2.0-79951575151&doi=10.1111%2Fj.1532-7795.2010.00725.x&partnerID=40&md5=120a1fea5d36867b8d086fe8d28a5140","","Article","Final","","Scopus","2-s2.0-79951575151"
"Demanet, J.; van Houtte, M.","Demanet, Jannick (36522414300); van Houtte, Mieke (6602353756)","36522414300; 6602353756","Social-ethnic school composition and school misconduct: Does sense of futility clarify the picture?","2011","Sociological Spectrum","31","2","","224","256","47","10.1080/02732173.2011.541343","https://www.scopus.com/inward/record.uri?eid=2-s2.0-79551599985&doi=10.1080%2F02732173.2011.541343&partnerID=40&md5=a36fadfd27decb4584ccff4120d14743","","Article","Final","","Scopus","2-s2.0-79551599985"
"Verdugo, V.C.; Fraijo-Sing, B.; Frías-Armenta, M.; Tapia-Fonllem, C.","Verdugo, Víctor Corral (56486070200); Fraijo-Sing, Blanca Silvia (56000896800); Frías-Armenta, Martha (6603072717); Tapia-Fonllem, César Octavio (56002695700)","56486070200; 56000896800; 6603072717; 56002695700","Environmental and personal variables predicting school bullying: A study with Mexican adolescents","2011","","","","","193","215","0","","https://www.scopus.com/inward/record.uri?eid=2-s2.0-84896409980&partnerID=40&md5=1fdc3f8db2c82110c0a6541b8fa7107d","Nova Science Publishers, Inc.","Book chapter","Final","","Scopus","2-s2.0-84896409980"
"Ren, L.; Zhao, J.; He, N.; Marshall, I.H.; Zhang, H.; Zhao, R.; Jin, C.","Ren, Ling (36015643400); Zhao, Jihong (24598277500); He, Niphil (Phil) (8528381900); Marshall, Ineke Haen (12794686100); Zhang, Hongwei (56411179700); Zhao, Ruohui (36125649300); Jin, Cheng (35218848500)","36015643400; 24598277500; 8528381900; 12794686100; 56411179700; 36125649300; 35218848500","Testing for Measurement Invariance of Attachment Across Chinese and American Adolescent Samples","2011","International Journal of Offender Therapy and Comparative Criminology","60","8","","964","991","7","10.1177/0306624X14566602","https://www.scopus.com/inward/record.uri?eid=2-s2.0-84964265407&doi=10.1177%2F0306624X14566602&partnerID=40&md5=98276ae09dc564933acfe03d04f73b95","SAGE Publications Inc. claims@sagepub.com","Article","Final","All Open Access; Bronze Open Access","Scopus","2-s2.0-84964265407"
"Goldkind, L.","Goldkind, Lauri (54417145200)","54417145200","A leadership opportunity for school social workers: Bridging the gaps in school reentry for juvenile justice system youths","2011","Children and Schools","33","4","","229","239","16","10.1093/cs/33.4.229","https://www.scopus.com/inward/record.uri?eid=2-s2.0-82755195259&doi=10.1093%2Fcs%2F33.4.229&partnerID=40&md5=db42d8b4413a8fe557a95cb3d3daf9df","National Association of Social Workers 750 First Street. NE. Suite 700 Washington DC 20002","Article","Final","","Scopus","2-s2.0-82755195259"
"Lee, T.; Cornell, D.; Gregory, A.; Fan, X.","Lee, Talisha (35932549900); Cornell, Dewey G. (7005706524); Gregory, Anne C. (22957393700); Fan, Xitao (7403394115)","35932549900; 7005706524; 22957393700; 7403394115","High suspension schools and dropout rates for black and white students","2011","Education and Treatment of Children","34","2","","167","192","111","10.1353/etc.2011.0014","https://www.scopus.com/inward/record.uri?eid=2-s2.0-80051658192&doi=10.1353%2Fetc.2011.0014&partnerID=40&md5=2e23af2d328ff7355eed0dc9f816fdf1","West Virginia University Press hattfiel@wvu.edu","Article","Final","","Scopus","2-s2.0-80051658192"
"Gregory, A.; Cornell, D.; Fan, X.","Gregory, Anne C. (22957393700); Cornell, Dewey G. (7005706524); Fan, Xitao (7403394115)","22957393700; 7005706524; 7403394115","The relationship of school structure and support to suspension rates for black and white high school students","2011","American Educational Research Journal","48","4","","904","934","180","10.3102/0002831211398531","https://www.scopus.com/inward/record.uri?eid=2-s2.0-79960299570&doi=10.3102%2F0002831211398531&partnerID=40&md5=10af4519789423d08db15d1d571cb8fc","SAGE Publications Inc.","Article","Final","","Scopus","2-s2.0-79960299570"
"Covell, K.; Howe, R.B.; Polegato, J.L.","Covell, Katherine (6602084472); Howe, R. Brian (8128823000); Polegato, Jillian L. (57204225728)","6602084472; 8128823000; 57204225728","Children's human rights education as a counter to social disadvantage: A case study from England","2011","Educational Research","53","2","","193","206","25","10.1080/00131881.2011.572367","https://www.scopus.com/inward/record.uri?eid=2-s2.0-79956195795&doi=10.1080%2F00131881.2011.572367&partnerID=40&md5=03a7daaed7bf4e581aa00430ef388d3d","Routledge","Article","Final","","Scopus","2-s2.0-79956195795"
"Klein, J.; Cornell, D.","Klein, Jennifer (58331056300); Cornell, Dewey G. (7005706524)","58331056300; 7005706524","Is the Link Between Large High Schools and Student Victimization an Illusion?","2010","Journal of Educational Psychology","102","4","","933","946","60","10.1037/a0019896","https://www.scopus.com/inward/record.uri?eid=2-s2.0-78649702757&doi=10.1037%2Fa0019896&partnerID=40&md5=9a07fdd9911d35bcc934dd958e62375f","","Article","Final","","Scopus","2-s2.0-78649702757"
"Wylie, L.E.; Gibson, C.L.; Brank, E.M.; Fondacaro, M.R.; Smith, S.W.; Brown, V.E.; Miller, S.A.","Wylie, Lindsey E. (36455144400); Gibson, Chris L. (35262059700); Brank, Eve M. (6507099839); Fondacaro, Mark R. (6602933026); Smith, Stephen W. (55702306500); Brown, Veda Evanell (16834721500); Miller, Scott A. (24280056900)","36455144400; 35262059700; 6507099839; 6602933026; 55702306500; 16834721500; 24280056900","Assessing school and student predictors of weapons reporting","2010","Youth Violence and Juvenile Justice","8","4","","351","372","13","10.1177/1541204010368641","https://www.scopus.com/inward/record.uri?eid=2-s2.0-77956213374&doi=10.1177%2F1541204010368641&partnerID=40&md5=83b6ef7188670af8e8922e0ae82bc779","","Article","Final","","Scopus","2-s2.0-77956213374"
"Alvarez-Rivera, L.L.; Fox, K.A.","Alvarez-Rivera, Lorna L. (24079578700); Fox, Kathleen A. (7402445105)","24079578700; 7402445105","Instittutional attachments and self-control: Understanding deviance among Hispanic adolescents","2010","Journal of Criminal Justice","38","4","","666","674","25","10.1016/j.jcrimjus.2010.04.040","https://www.scopus.com/inward/record.uri?eid=2-s2.0-77954759727&doi=10.1016%2Fj.jcrimjus.2010.04.040&partnerID=40&md5=443f3ced9aaac6666c32973a01b99b1d","","Article","Final","","Scopus","2-s2.0-77954759727"
"Wang, M.-T.; Selman, R.L.; Dishion, T.J.; Stormshak, E.A.","Wang, Mingte (35782484700); Selman, Robert L. (6701510077); Dishion, Thomas J. (7004092864); Stormshak, Elizabeth A. (6602865867)","35782484700; 6701510077; 7004092864; 6602865867","A tobit regression analysis of the covariation between middle school students' perceived school climate and behavioral problems","2010","Journal of Research on Adolescence","20","2","","274","286","128","10.1111/j.1532-7795.2010.00648.x","https://www.scopus.com/inward/record.uri?eid=2-s2.0-77954009270&doi=10.1111%2Fj.1532-7795.2010.00648.x&partnerID=40&md5=9cd37d6c35e3b425f77711d8a64c7d21","","Article","Final","All Open Access; Green Accepted Open Access; Green Open Access","Scopus","2-s2.0-77954009270"
"Dupper, D.R.","Dupper, David R. (6508347724)","6508347724","A New Model of School Discipline: Engaging Students and Preventing Behavior Problems","2010","","","","","1","128","18","10.1093/acprof:oso/9780195378078.001.0001","https://www.scopus.com/inward/record.uri?eid=2-s2.0-80054080841&doi=10.1093%2Facprof%3Aoso%2F9780195378078.001.0001&partnerID=40&md5=ce3f01c47b9198d3121f781fcacb7735","Oxford University Press","Book","Final","","Scopus","2-s2.0-80054080841"
"Gregory, A.; Cornell, D.; Fan, X.; Sheras, P.; Shih, T.-H.; Huang, F.L.","Gregory, Anne C. (22957393700); Cornell, Dewey G. (7005706524); Fan, Xitao (7403394115); Sheras, Peter L. (6508130414); Shih, Tsehua (23668963600); Huang, Francis L. (26537509100)","22957393700; 7005706524; 7403394115; 6508130414; 23668963600; 26537509100","Authoritative School Discipline: High School Practices Associated With Lower Bullying and Victimization","2010","Journal of Educational Psychology","102","2","","483","496","339","10.1037/a0018562","https://www.scopus.com/inward/record.uri?eid=2-s2.0-77955027215&doi=10.1037%2Fa0018562&partnerID=40&md5=8f9957fea8d93d0acb450586cfe40174","","Article","Final","","Scopus","2-s2.0-77955027215"
"Covell, K.","Covell, Katherine (6602084472)","6602084472","School engagement and rights-respecting schools","2010","Cambridge Journal of Education","40","1","","39","51","51","10.1080/03057640903567021","https://www.scopus.com/inward/record.uri?eid=2-s2.0-77949525477&doi=10.1080%2F03057640903567021&partnerID=40&md5=21d8c5e18210e2e5628c3c7ef3710156","","Article","Final","","Scopus","2-s2.0-77949525477"
"Kupchik, A.","Kupchik, Aaron C. (15058953200)","15058953200","Homeroom security: School discipline in an age of fear","2010","","","","","1","260","379","","https://www.scopus.com/inward/record.uri?eid=2-s2.0-84900575554&partnerID=40&md5=e8f710d9e58fcf170b01ba6a18d0063e","New York University Press","Book","Final","","Scopus","2-s2.0-84900575554"
"Cook, P.J.; Gottfredson, D.C.; Na, C.","Cook, Phillip J. (7402055817); Gottfredson, Denise C. (7004855068); Na, Chongmin (55171769600)","7402055817; 7004855068; 55171769600","School crime control and prevention","2010","Crime and Justice","39","","","313","440","99","10.1086/652387","https://www.scopus.com/inward/record.uri?eid=2-s2.0-79251627893&doi=10.1086%2F652387&partnerID=40&md5=7f4b9581a421389caf197fb0c9843ef6","University of Chicago Press subscriptions@press.uchicago.edu","Article","Final","","Scopus","2-s2.0-79251627893"
"Ripski, M.B.; Gregory, A.","Ripski, Michael B. (25623680200); Gregory, Anne C. (22957393700)","25623680200; 22957393700","Unfair, unsafe, and unwelcome: Do high school students' perceptions of unfairness, hostility, and victimization in school predict engagement and achievement?","2009","Journal of School Violence","8","4","","355","375","93","10.1080/15388220903132755","https://www.scopus.com/inward/record.uri?eid=2-s2.0-77950777330&doi=10.1080%2F15388220903132755&partnerID=40&md5=e502307b799e831534a12080ee6176b0","","Article","Final","","Scopus","2-s2.0-77950777330"
"Peguero, A.A.","Peguero, Anthony A. (12240624500)","12240624500","Victimizing the children of immigrants: Latino and Asian American student victimization","2009","Youth and Society","41","2","","186","208","150","10.1177/0044118X09333646","https://www.scopus.com/inward/record.uri?eid=2-s2.0-70449379184&doi=10.1177%2F0044118X09333646&partnerID=40&md5=c24a95258c44a9a4966f7d3fa564b9aa","","Article","Final","","Scopus","2-s2.0-70449379184"
"Shapira – Lishchinsky, O.; Rosenblatt, Z.","Shapira – Lishchinsky, Orly (18435051900); Rosenblatt, Zehava (6603461474)","18435051900; 6603461474","Organizational ethics and teachers' intent to leave: An integrative approach","2009","Educational Administration Quarterly","45","5","","725","758","36","10.1177/0013161X09347340","https://www.scopus.com/inward/record.uri?eid=2-s2.0-70350662905&doi=10.1177%2F0013161X09347340&partnerID=40&md5=8cf68f882c90b52834022dbcb706ecfc","","Article","Final","","Scopus","2-s2.0-70350662905"
"Payne, A.A.","Payne, Allison Ann (8837283100)","8837283100","Girls, boys, and schools: Gender differences in the relationships between school-related factors and student deviance","2009","Criminology","47","4","","1167","1200","33","10.1111/j.1745-9125.2009.00172.x","https://www.scopus.com/inward/record.uri?eid=2-s2.0-71949100928&doi=10.1111%2Fj.1745-9125.2009.00172.x&partnerID=40&md5=5d8c1260ac12f47cd59fc0ff845a8d26","","Article","Final","","Scopus","2-s2.0-71949100928"
"Watkins, A.M.; Melde, C.","Watkins, Adam M. (15758541100); Melde, Chris (15056154000)","15758541100; 15056154000","Immigrants, assimilation, and perceived school disorder: An examination of the ""other"" ethnicities","2009","Journal of Criminal Justice","37","6","","627","635","16","10.1016/j.jcrimjus.2009.09.011","https://www.scopus.com/inward/record.uri?eid=2-s2.0-70449569038&doi=10.1016%2Fj.jcrimjus.2009.09.011&partnerID=40&md5=b0231d9205aa855b60f994179f9c7968","","Article","Final","","Scopus","2-s2.0-70449569038"
"Peguero, A.A.","Peguero, Anthony A. (12240624500)","12240624500","Opportunity, involvement, and student exposure to school violence","2009","Youth Violence and Juvenile Justice","7","4","","299","312","50","10.1177/1541204008330634","https://www.scopus.com/inward/record.uri?eid=2-s2.0-70350048040&doi=10.1177%2F1541204008330634&partnerID=40&md5=a6a9d7b4887015ae4274ebfb16ed0d82","","Article","Final","","Scopus","2-s2.0-70350048040"
"Lindstrom Johnson, S.L.","Lindstrom Johnson, Sarah R. (55466707400)","55466707400","Improving the school environment to reduce school violence: A review of the literature","2009","Journal of School Health","79","10","","451","465","159","10.1111/j.1746-1561.2009.00435.x","https://www.scopus.com/inward/record.uri?eid=2-s2.0-70349100375&doi=10.1111%2Fj.1746-1561.2009.00435.x&partnerID=40&md5=7e474b6d14266c6a73005cb47f4102b0","","Article","Final","","Scopus","2-s2.0-70349100375"
"Berten, H.; van Rossem, R.","Berten, Hans (35315434700); van Rossem, Ronan (55927632800)","35315434700; 55927632800","Doing worse but knowing better: An exploration of the relationship between HIV/AIDS knowledge and sexual behavior among adolescents in Flemish secondary schools","2009","Journal of Adolescence","32","5","","1303","1319","26","10.1016/j.adolescence.2008.12.004","https://www.scopus.com/inward/record.uri?eid=2-s2.0-68949210680&doi=10.1016%2Fj.adolescence.2008.12.004&partnerID=40&md5=e7bda3298def6bd0775d78432347d932","","Article","Final","","Scopus","2-s2.0-68949210680"
"Covell, K.; McNeil, J.K.; Howe, R.B.","Covell, Katherine (6602084472); McNeil, Justin K. (56749500200); Howe, R. Brian (8128823000)","6602084472; 56749500200; 8128823000","Reducing teacher burnout by increasing student engagement: A children's rights approach","2009","School Psychology International","30","3","","282","290","54","10.1177/0143034309106496","https://www.scopus.com/inward/record.uri?eid=2-s2.0-67650646150&doi=10.1177%2F0143034309106496&partnerID=40&md5=243e368b15d120057d4b6ce66a97370d","","Article","Final","","Scopus","2-s2.0-67650646150"
"Eaton, J.; Theuer, A.","Eaton, Judy (7202998159); Theuer, Anna (29167553200)","7202998159; 29167553200","Apology and remorse in the last statements of death row prisoners","2009","Justice Quarterly","26","2","","327","347","23","10.1080/07418820802245078","https://www.scopus.com/inward/record.uri?eid=2-s2.0-67749124266&doi=10.1080%2F07418820802245078&partnerID=40&md5=03affc7a91b6be27247dcd7f6a57985b","","Article","Final","","Scopus","2-s2.0-67749124266"
"Bradshaw, C.P.; Sawyer, A.L.; O'Brennan, L.M.","Bradshaw, Catherine P. (8215624700); Sawyer, Anne L. (57196654350); O'Brennan, Lindsey M. (22734553700)","8215624700; 57196654350; 22734553700","A social disorganization perspective on bullying-related attitudes and behaviors: The influence of school context","2009","American Journal of Community Psychology","43","3-4","","204","220","238","10.1007/s10464-009-9240-1","https://www.scopus.com/inward/record.uri?eid=2-s2.0-67349260673&doi=10.1007%2Fs10464-009-9240-1&partnerID=40&md5=93853b2f5c2cf48b14cf637945eae117","","Article","Final","","Scopus","2-s2.0-67349260673"
"Savage, J.","Savage, Joanne (7201665964)","7201665964","The Development of Persistent Criminality","2009","","","","","1","560","15","10.1093/acprof:oso/9780195310313.001.0001","https://www.scopus.com/inward/record.uri?eid=2-s2.0-78149491044&doi=10.1093%2Facprof%3Aoso%2F9780195310313.001.0001&partnerID=40&md5=823bbd4354c9283deb55688ab85b769e","Oxford University Press","Book","Final","","Scopus","2-s2.0-78149491044"
"Khoury-Kassabri, M.; Astor, R.A.; Benbenishty, R.","Khoury-Kassabri, Mona (6508226937); Astor, Ron Avi (55667464100); Benbenishty, Rami (7004139075)","6508226937; 55667464100; 7004139075","Middle eastern adolescents' perpetration of school violence against peers and teachers: A cross-cultural and ecological analysis","2009","Journal of Interpersonal Violence","24","1","","159","182","97","10.1177/0886260508315777","https://www.scopus.com/inward/record.uri?eid=2-s2.0-57049088097&doi=10.1177%2F0886260508315777&partnerID=40&md5=acbef336313906c9edee37a36338634c","","Article","Final","","Scopus","2-s2.0-57049088097"
"van Houtte, M.; Stevens, P.A.J.","van Houtte, Mieke (6602353756); Stevens, Peter A.J. (16507646800)","6602353756; 16507646800","Sense of futility: The missing link between track position and self-reported school misconduct","2008","Youth and Society","40","2","","245","264","85","10.1177/0044118X08316251","https://www.scopus.com/inward/record.uri?eid=2-s2.0-54249112256&doi=10.1177%2F0044118X08316251&partnerID=40&md5=58ed8ab474939d6aac5daf7fe0a075b1","","Article","Final","","Scopus","2-s2.0-54249112256"
"Payne, A.A.","Payne, Allison Ann (8837283100)","8837283100","A multilevel analysis of the relationships among communal school organization, student bonding, and delinquency","2008","Journal of Research in Crime and Delinquency","45","4","","429","455","104","10.1177/0022427808322621","https://www.scopus.com/inward/record.uri?eid=2-s2.0-54749135459&doi=10.1177%2F0022427808322621&partnerID=40&md5=ca9110f6fcf2f078bbe2c06754c7f129","","Article","Final","","Scopus","2-s2.0-54749135459"
"Yi, Y.; Gong, T.","Yi, Youjae (7202372673); Gong, Taeshik (23977893800)","7202372673; 23977893800","If employees ""go the extra mile,"" do customers reciprocate with similar behavior?","2008","Psychology and Marketing","25","10","","961","986","109","10.1002/mar.20248","https://www.scopus.com/inward/record.uri?eid=2-s2.0-55249103373&doi=10.1002%2Fmar.20248&partnerID=40&md5=1419f987b40cfa1862d1f51e5c69c2de","","Article","Final","","Scopus","2-s2.0-55249103373"
"Watkins, A.M.","Watkins, Adam M. (15758541100)","15758541100","Effects of community, school, and student factors on school-based weapon carrying","2008","Youth Violence and Juvenile Justice","6","4","","386","409","15","10.1177/1541204008320258","https://www.scopus.com/inward/record.uri?eid=2-s2.0-52349093469&doi=10.1177%2F1541204008320258&partnerID=40&md5=e8c587a60aa26cf241d7c048ca7088d8","","Article","Final","","Scopus","2-s2.0-52349093469"
"Raby, R.","Raby, Rebecca (57203448415)","57203448415","Frustrated, resigned, outspoken: Students' engagement with school rules and some implications for participatory citizenship","2008","International Journal of Children's Rights","16","1","","77","98","30","10.1163/092755608X267148","https://www.scopus.com/inward/record.uri?eid=2-s2.0-42149121478&doi=10.1163%2F092755608X267148&partnerID=40&md5=fc618a9ec28a1c485912a9a48f3e015d","","Article","Final","","Scopus","2-s2.0-42149121478"
"Hoffmann, J.P.","Hoffmann, John P. (7401871634)","7401871634","Family and school capital effects on delinquency: Substitutes or complements?","2008","Sociological Perspectives","51","1","","29","62","64","10.1525/sop.2008.51.1.29","https://www.scopus.com/inward/record.uri?eid=2-s2.0-40349106418&doi=10.1525%2Fsop.2008.51.1.29&partnerID=40&md5=cf5f7a39d7803fd625403dd958afcbe1","","Article","Final","","Scopus","2-s2.0-40349106418"
"Roberts, S.D.; Wilcox, P.; May, D.C.; Clayton, R.R.","Roberts, Staci D. (15045781800); Wilcox, Pamela (56228900200); May, David C. (7202898694); Clayton, Richard R. (7201885554)","15045781800; 56228900200; 7202898694; 7201885554","My school or our school? The effects of individual versus shared school experiences on teacher perceptions of safety","2007","Journal of School Violence","6","4","","33","55","16","10.1300/J202v06n04_03","https://www.scopus.com/inward/record.uri?eid=2-s2.0-67649422419&doi=10.1300%2FJ202v06n04_03&partnerID=40&md5=a7fe44834db7613f21220c69d1ea7f00","","Article","Final","","Scopus","2-s2.0-67649422419"
"LeBlanc, L.; Swisher, R.; Vitaro, F.; Tremblay, R.E.","LeBlanc, Line (23011894000); Swisher, Raymond R. (8912089100); Vitaro, Frank (56803476500); Tremblay, Richard E. (57188642378)","23011894000; 8912089100; 56803476500; 57188642378","School social climate and teachers' perceptions of classroom behavior problems: A 10 year longitudinal and multilevel study","2007","Social Psychology of Education","10","4","","429","442","24","10.1007/s11218-007-9027-x","https://www.scopus.com/inward/record.uri?eid=2-s2.0-36448932386&doi=10.1007%2Fs11218-007-9027-x&partnerID=40&md5=3eb0e2f40303866c1e4dbf88eec97299","","Article","Final","","Scopus","2-s2.0-36448932386"
"Gomez, B.J.; Ang, P.M.-M.","Gomez, Brendan J. (12772671800); Ang, Patricia M. (16400731100)","12772671800; 16400731100","Promoting positive youth development in schools","2007","Theory into Practice","46","2","","97","104","30","10.1080/00405840701232752","https://www.scopus.com/inward/record.uri?eid=2-s2.0-34249718465&doi=10.1080%2F00405840701232752&partnerID=40&md5=13e178945f8785c06965816ca3dbc202","","Article","Final","","Scopus","2-s2.0-34249718465"
"Raby, R.; Domitrek, J.","Raby, Rebecca (57203448415); Domitrek, Julie (23060035500)","57203448415; 23060035500","Slippery as fish... But already caught? Secondary students' engagement with school rules","2007","Canadian Journal of Education","30","3","","931","958","17","10.2307/20466669","https://www.scopus.com/inward/record.uri?eid=2-s2.0-37049039692&doi=10.2307%2F20466669&partnerID=40&md5=cc100187c2c5806112300453f9b325d3","Canadian Society for the Study of Education (CSSE) csse@csse.ca","Article","Final","All Open Access; Gold Open Access","Scopus","2-s2.0-37049039692"
"Boeri, M.W.; Sterk, C.E.; Elifson, K.W.","Boeri, Miriam Williams (6602845937); Sterk, Claire E. (7005035862); Elifson, Kirk W. (6603907321)","6602845937; 7005035862; 6603907321","Baby boomer drug users: Career phases, social control, and social learning theory","2006","Sociological Inquiry","76","2","","264","291","33","10.1111/j.1475-682X.2006.00154.x","https://www.scopus.com/inward/record.uri?eid=2-s2.0-33645314412&doi=10.1111%2Fj.1475-682X.2006.00154.x&partnerID=40&md5=b5096bc5bf4bf9f367f6e1307f347dc4","","Article","Final","","Scopus","2-s2.0-33645314412"
"Matsueda, R.L.; Huizinga, D.; Kreager, D.A.","Matsueda, Ross L. (6701776355); Huizinga, David H. (35846423200); Kreager, Derek A. (8155618100)","6701776355; 35846423200; 8155618100","Deterring delinquents: A rational choice model of theft and violence","2006","American Sociological Review","71","1","","95","122","372","10.1177/000312240607100105","https://www.scopus.com/inward/record.uri?eid=2-s2.0-33845680628&doi=10.1177%2F000312240607100105&partnerID=40&md5=d929aa28d5da313352c146e5b9b820d6","American Sociological Association executive.office@asanet.org","Article","Final","","Scopus","2-s2.0-33845680628"
"Gottfredson, G.D.; Gottfredson, D.C.; Payne, A.A.; Gottfredson, N.C.","Gottfredson, Gary D. (6701776024); Gottfredson, Denise C. (7004855068); Payne, Allison Ann (8837283100); Gottfredson, Nisha C. (8837283200)","6701776024; 7004855068; 8837283100; 8837283200","School climate predictors of school disorder: Results from a national study of delinquency prevention in schools","2005","Journal of Research in Crime and Delinquency","42","4","","412","444","543","10.1177/0022427804271931","https://www.scopus.com/inward/record.uri?eid=2-s2.0-26844449376&doi=10.1177%2F0022427804271931&partnerID=40&md5=7758c60bea74e5743074ced90611dbee","","Article","Final","","Scopus","2-s2.0-26844449376"
"Wilcox, P.; Augustine, M.C.; Roberts, S.D.","Wilcox, Pamela (56228900200); Augustine, Michelle Campbell (35961300600); Roberts, Staci D. (15045781800)","56228900200; 35961300600; 15045781800","The “reality” of middle-school crime objective vs. Subjective experiences among a sample of Kentucky youth","2005","Journal of School Violence","4","2","","3","28","43","10.1300/J202v04n02_02","https://www.scopus.com/inward/record.uri?eid=2-s2.0-34247661905&doi=10.1300%2FJ202v04n02_02&partnerID=40&md5=f1b28ec1533af5b5c7fe0e3e8489ce55","","Article","Final","","Scopus","2-s2.0-34247661905"
