"Authors","Author full names","Author(s) ID","Title","Year","Source title","Volume","Issue","Art. No.","Page start","Page end","Cited by","DOI","Link","Publisher","Document Type","Publication Stage","Open Access","Source","EID"
"Arpitha, P.; Bolorin-Vargas, L.; Gonzalez-Viera, G.; Rodriguez-Garcia, M.; Jovet-Toledo, G.; Molina-Vicenty, I.L.; Collazo-Rodriguez, L.; Reyes-Rabanillo, M.L.","Arpitha, Parthasarathy (12446161300); Bolorin-Vargas, Laura (59938900600); Gonzalez-Viera, Glorisel (59939214500); Rodriguez-Garcia, Marta (59939109900); Jovet-Toledo, Gerardo G. (49863728000); Molina-Vicenty, Irma L. (57148324600); Collazo-Rodriguez, Luis (59939004300); Reyes-Rabanillo, María Leticia (35387050100)","12446161300; 59938900600; 59939214500; 59939109900; 49863728000; 57148324600; 59939004300; 35387050100","Natural disasters and SARS-CoV-2: potential risk factors for exacerbating mental health conditions among veterans","2025","Discover Mental Health","5","1","28","","","0","10.1007/s44192-025-00147-z","https://www.scopus.com/inward/record.uri?eid=2-s2.0-105007713290&doi=10.1007%2Fs44192-025-00147-z&partnerID=40&md5=9855807098ffc193ba0a48f00dcba5fc","Springer Nature","Article","Final","All Open Access; Gold Open Access; Green Accepted Open Access; Green Open Access","Scopus","2-s2.0-105007713290"
"Li, B.; Liang, Y.; Liu, B.; Yao, Y.","Li, Bin (56387774700); Liang, Yilan (57363369600); Liu, Bin (57113791400); Yao, Yao (57216923937)","56387774700; 57363369600; 57113791400; 57216923937","How Does Climate Risk Affect Corporate Investment Efficiency? Evidence From China","2025","World Economy","48","8","","1897","1921","1","10.1111/twec.13728","https://www.scopus.com/inward/record.uri?eid=2-s2.0-105007973283&doi=10.1111%2Ftwec.13728&partnerID=40&md5=c03649ffe1550468065e5cef04153f1a","John Wiley and Sons Inc","Article","Final","","Scopus","2-s2.0-105007973283"
"Arai, T.","Arai, Takahiro (58916400200)","58916400200","Short-Term Preliminary Evaluation of Suicide Following the 2024 Noto Peninsula Earthquake in Japan Using Time Series Analysis","2025","Crisis","46","4","","218","224","0","10.1027/0227-5910/a001003","https://www.scopus.com/inward/record.uri?eid=2-s2.0-105004341656&doi=10.1027%2F0227-5910%2Fa001003&partnerID=40&md5=095452cce770444bbebc74bcc3ff167a","Hogrefe Publishing GmbH","Article","Final","All Open Access; Green Accepted Open Access; Green Open Access; Hybrid Gold Open Access","Scopus","2-s2.0-105004341656"
"Kaplan, V.; Düken, M.E.; Kaya, R.; Alkasaby, M.","Kaplan, Veysel (57217609128); Düken, Mehmet Emin (57208036512); Kaya, Rabia (58066552200); Alkasaby, Muhammad Abdullatif (57339160700)","57217609128; 57208036512; 58066552200; 57339160700","The impact of Kahramanmaraş (2023) earthquake on adolescents: Exploring psychological impact, suicide possibility and future expectations","2024","Cambridge Prisms: Global Mental Health","11","","e115","","","4","10.1017/gmh.2024.90","https://www.scopus.com/inward/record.uri?eid=2-s2.0-85210930625&doi=10.1017%2Fgmh.2024.90&partnerID=40&md5=e2ce04a6f36239c94b1bd4b99b7625f7","Cambridge University Press","Article","Final","All Open Access; Gold Open Access; Green Accepted Open Access; Green Open Access","Scopus","2-s2.0-85210930625"
"Li, B.; Yao, Y.; Usman, M.; Han, M.","Li, Bin (56387774700); Yao, Yao (57216923937); Usman, Muhammad (57207835757); Han, Miaodi (57226133597)","56387774700; 57216923937; 57207835757; 57226133597","How does climate risk affect corporate innovation? Evidence from China","2024","Accounting and Finance","64","3","","2279","2319","15","10.1111/acfi.13215","https://www.scopus.com/inward/record.uri?eid=2-s2.0-85180723290&doi=10.1111%2Facfi.13215&partnerID=40&md5=9a1622769c6203b22a12522ff622889d","John Wiley and Sons Inc","Article","Final","","Scopus","2-s2.0-85180723290"
"Mendoza-Saldaña, Y.R.; Fajardo-Alfaro, W.","Mendoza-Saldaña, Yeny Roxana (59010402700); Fajardo-Alfaro, Williams (59009392200)","59010402700; 59009392200","Suicide mortality and its behavioral characteristics in the city of Lima during the years 2017-2022; Mortalidad por suicidio y sus características de comportamiento en la ciudad de Lima durante los años 2017-2022","2024","Revista de Neuro-Psiquiatria","87","1","","4","17","0","10.20453/rnp.v87i1.4950","https://www.scopus.com/inward/record.uri?eid=2-s2.0-85191863093&doi=10.20453%2Frnp.v87i1.4950&partnerID=40&md5=82ad6d3e55cef9e4aae5471a9308b97e","Universidad Peruana Cayetano Heredia, Facultad de Medicina Alberto Hurtado","Article","Final","All Open Access; Gold Open Access","Scopus","2-s2.0-85191863093"
"Mani, V.; Puri, M.; Manikappa, S.K.; Goyal, A.K.; Christy, J.; Dinakaran, D.; Benegal, V.","Mani, Vinisha (58635352800); Puri, Madhavi (58634433500); Manikappa, Sanjeev Kumar (57218649647); Goyal, Ajay Kumar (57225022038); Christy, Jayakumar (57208747499); Dinakaran, Damodharan (56493276400); Benegal, Vivek (14633169900)","58635352800; 58634433500; 57218649647; 57225022038; 57208747499; 56493276400; 14633169900","Changes in Suicide Rate Following Major Disasters in India","2024","Indian Journal of Psychological Medicine","46","1","","92","93","1","10.1177/02537176231198096","https://www.scopus.com/inward/record.uri?eid=2-s2.0-85173488208&doi=10.1177%2F02537176231198096&partnerID=40&md5=bebc4db24d7c94a50a3813f55b97bbd8","SAGE Publications Ltd","Letter","Final","All Open Access; Gold Open Access; Green Accepted Open Access; Green Open Access","Scopus","2-s2.0-85173488208"
"Rahmani, M.; Silverman, A.L.; Thompson, A.; Pumariega, A.","Rahmani, Mariam (56038677700); Silverman, Andrew L. (57209471264); Thompson, Andrew (58629211400); Pumariega, Andrés J. (7003447197)","56038677700; 57209471264; 58629211400; 7003447197","Youth Suicidality in the Context of Disasters","2023","Current Psychiatry Reports","25","11","","587","602","8","10.1007/s11920-023-01454-4","https://www.scopus.com/inward/record.uri?eid=2-s2.0-85173019710&doi=10.1007%2Fs11920-023-01454-4&partnerID=40&md5=10840fe2fba94016d5822cd4ee1e3bcc","Springer","Review","Final","","Scopus","2-s2.0-85173019710"
"Teismann, T.; Naghavi, A.; Asgari, Z.; Grundei, L.; Brailovskaia, J.","Teismann, Tobias (25224099600); Naghavi, Azam (57209218125); Asgari, Zahra Mirza (59795695800); Grundei, Lena (57695533900); Brailovskaia, Julia (56872888600)","25224099600; 57209218125; 59795695800; 57695533900; 56872888600","Posttraumatic stress disorder symptoms and suicidal ideation/behavior: The moderating effects of positive mental health and social support among Iranian and German students","2023","Current Psychology","42","24","","20757","20764","6","10.1007/s12144-022-03187-8","https://www.scopus.com/inward/record.uri?eid=2-s2.0-85130107482&doi=10.1007%2Fs12144-022-03187-8&partnerID=40&md5=ce83d1ddbdb5383472ac0c7c05a117f5","Springer","Article","Final","All Open Access; Hybrid Gold Open Access","Scopus","2-s2.0-85130107482"
"Pavicic, M.; Walker, A.M.; Sullivan, K.A.; Lagergren, J.; Cliff, A.; Romero, J.; Streich, J.; Garvin, M.R.; Pestian, J.; McMahon, B.; Oslin, D.W.; Beckham, J.C.; Kimbrel, N.A.; Jacobson, D.A.","Pavicic, Mirko (57193874019); Walker, Angelica M. (57211404457); Sullivan, Kyle A. (57200677258); Lagergren, John H. (57201419035); Cliff, Ashley M. (57212212927); Romero, Jonathon C. (57209345429); Streich, Jared C. (57204116291); Garvin, Michael R. (20433521400); Pestian, John P. (8058174500); McMahon, Benjamin H. (7102944152); Oslin, David W. (7005150966); Beckham, Jean C. (56713428900); Kimbrel, Nathan A. (15829507600); Jacobson, Dan A. (56548186700)","57193874019; 57211404457; 57200677258; 57201419035; 57212212927; 57209345429; 57204116291; 20433521400; 8058174500; 7102944152; 7005150966; 56713428900; 15829507600; 56548186700","Using iterative random forest to find geospatial environmental and Sociodemographic predictors of suicide attempts","2023","Frontiers in Psychiatry","14","","1178633","","","4","10.3389/fpsyt.2023.1178633","https://www.scopus.com/inward/record.uri?eid=2-s2.0-85168272825&doi=10.3389%2Ffpsyt.2023.1178633&partnerID=40&md5=64cff8cd6f0599f2eb2ab78ad47bc501","Frontiers Media SA","Article","Final","All Open Access; Gold Open Access; Green Accepted Open Access; Green Open Access","Scopus","2-s2.0-85168272825"
"Kim, Y.; Lee, E.","Kim, Yujeong (57200941945); Lee, Eunmi (57202264064)","57200941945; 57202264064","The Suicidal Ideation of Disaster Victims: A Nationwide Cross-Sectional Study","2023","Psychology Research and Behavior Management","16","","","905","914","0","10.2147/PRBM.S405667","https://www.scopus.com/inward/record.uri?eid=2-s2.0-85151754621&doi=10.2147%2FPRBM.S405667&partnerID=40&md5=42983dd9f0364ce06291531dc663a0b8","Dove Medical Press Ltd","Article","Final","All Open Access; Gold Open Access; Green Accepted Open Access; Green Open Access","Scopus","2-s2.0-85151754621"
"Corvetto, J.F.; Helou, A.Y.; Dambach, P.; Müller, T.; Sauerborn, R.","Corvetto, Julia Feriato (58075829400); Helou, Ammir Yacoub (57226857953); Dambach, Peter (55122850800); Müller, Thomas Jörg (56383349000); Sauerborn, Rainer S. (7003791584)","58075829400; 57226857953; 55122850800; 56383349000; 7003791584","A Systematic Literature Review of the Impact of Climate Change on the Global Demand for Psychiatric Services","2023","International Journal of Environmental Research and Public Health","20","2","1190","","","13","10.3390/ijerph20021190","https://www.scopus.com/inward/record.uri?eid=2-s2.0-85146799284&doi=10.3390%2Fijerph20021190&partnerID=40&md5=d5345f66fb1af6229f4f9a97a669fb5d","MDPI","Review","Final","All Open Access; Gold Open Access; Green Final Open Access; Green Open Access","Scopus","2-s2.0-85146799284"
"Goto, R.; Okubo, Y.; Skokauskas, N.","Goto, Ryunosuke (57209652604); Okubo, Yusuke (56414212000); Skokauskas, Norbert (25629856500)","57209652604; 56414212000; 25629856500","Reasons and trends in youth's suicide rates during the COVID-19 pandemic","2022","The Lancet Regional Health - Western Pacific","27","","100567","","","53","10.1016/j.lanwpc.2022.100567","https://www.scopus.com/inward/record.uri?eid=2-s2.0-85136640083&doi=10.1016%2Fj.lanwpc.2022.100567&partnerID=40&md5=f12586af79475a48c6750b2e3f3b36e1","Elsevier Ltd","Article","Final","All Open Access; Gold Open Access; Green Final Open Access; Green Open Access","Scopus","2-s2.0-85136640083"
"Cheng, X.; Wang, Y.; Wu, X.","Cheng, Xinbin (57854980100); Wang, Yudong (35091539100); Wu, Xi (57216650014)","57854980100; 35091539100; 57216650014","The effects of drought on stock prices: An industry-specific perspective","2022","Frontiers in Environmental Science","10","","978404","","","6","10.3389/fenvs.2022.978404","https://www.scopus.com/inward/record.uri?eid=2-s2.0-85136498122&doi=10.3389%2Ffenvs.2022.978404&partnerID=40&md5=90eb72c9e1484455f10c4c1e9fe35731","Frontiers Media S.A.","Article","Final","All Open Access; Gold Open Access; Green Accepted Open Access; Green Open Access","Scopus","2-s2.0-85136498122"
"Zhang, R.; Zhang, Y.; Dai, Z.","Zhang, Rui (57373142000); Zhang, Yunzhi (57219575471); Dai, Zhe (57373684200)","57373142000; 57219575471; 57373684200","Impact of Natural Disasters on Mental Health: A Cross-Sectional Study Based on the 2014 China Family Panel Survey","2022","International Journal of Environmental Research and Public Health","19","5","2511","","","28","10.3390/ijerph19052511","https://www.scopus.com/inward/record.uri?eid=2-s2.0-85124978014&doi=10.3390%2Fijerph19052511&partnerID=40&md5=7931aa665cef478a5c8ea50cfc61627b","MDPI","Article","Final","All Open Access; Gold Open Access; Green Accepted Open Access; Green Open Access","Scopus","2-s2.0-85124978014"
"Spores, J.M.","Spores, John M. (57205554667)","57205554667","Psychological Assessment and Testing: A Clinician’s Guide, Second Edition","2022","","","","","1","638","1","10.4324/9780429326820","https://www.scopus.com/inward/record.uri?eid=2-s2.0-85179249710&doi=10.4324%2F9780429326820&partnerID=40&md5=bc8289acdf7f49a9f8349c777592eec2","Taylor and Francis","Book","Final","","Scopus","2-s2.0-85179249710"
"Reckless, A.; McPhail, S.; Lillington, C.; Kingsley-Smith, B.","Reckless, Adam (57979487500); McPhail, Stuart (57980223400); Lillington, C. (57979487600); Kingsley-Smith, B. (57980413100)","57979487500; 57980223400; 57979487600; 57980413100","Beyond A to E: addressing the unfamiliar issues arising in the acute and immediate phase post-catastrophe","2022","BMJ Military Health","168","6","","426","430","0","10.1136/bmjmilitary-2021-002050","https://www.scopus.com/inward/record.uri?eid=2-s2.0-85142496355&doi=10.1136%2Fbmjmilitary-2021-002050&partnerID=40&md5=61d5e6c4dbcd9b8d5080be7fb8cdf36c","BMJ Publishing Group","Review","Final","","Scopus","2-s2.0-85142496355"
"Khan, A.R.; Uddin, M.H.; Shimul, S.M.A.K.; Billah, M.","Khan, Anisur Rahman (56693426300); Uddin, Helal (57908188100); Shimul, Sayed Majadin Anowarul Kayes (57222748898); Billah, Md Masum (59618575700)","56693426300; 57908188100; 57222748898; 59618575700","CORONAVIRUS (COVID-19) AND SUICIDE IN BANGALADESH: SOME EXPLANATION THROUGH DURKHEIM'S SOCIOLOGY OF SUICIDE","2022","Journal of Community Positive Practices","22","3","","3","17","0","10.35782/JCPP.2022.3.01","https://www.scopus.com/inward/record.uri?eid=2-s2.0-85140017846&doi=10.35782%2FJCPP.2022.3.01&partnerID=40&md5=252d4730436515a9b92f98d75730eeec","Catalactica Association","Article","Final","All Open Access; Gold Open Access","Scopus","2-s2.0-85140017846"
"Rushton, A.; Phibbs, S.; Kenney, C.; Anderson, C.","Rushton, Ashleigh (57211366808); Phibbs, Suzanne R. (15923580300); Kenney, Christine M. (56576036600); Anderson, Cheryl L. (57213134319)","57211366808; 15923580300; 56576036600; 57213134319","‘She’ll be right’: the place of gendered emotions in disasters","2022","Gender, Place and Culture","29","6","","793","815","20","10.1080/0966369X.2021.1892595","https://www.scopus.com/inward/record.uri?eid=2-s2.0-85121551878&doi=10.1080%2F0966369X.2021.1892595&partnerID=40&md5=d73e8c997ae8b76ac6e2b68664c88d98","Routledge","Article","Final","","Scopus","2-s2.0-85121551878"
"Fimiani, R.; Gazzillo, F.; Dazzi, N.; Bush, M.","Fimiani, Ramona (57207729511); Gazzillo, Francesco (12242283000); Dazzi, Nino (6602601761); Bush, Marshall (36780817800)","57207729511; 12242283000; 6602601761; 36780817800","Survivor guilt: Theoretical, empirical, and clinical features","2022","International Forum of Psychoanalysis","31","3","","176","190","21","10.1080/0803706X.2021.1941246","https://www.scopus.com/inward/record.uri?eid=2-s2.0-85115135414&doi=10.1080%2F0803706X.2021.1941246&partnerID=40&md5=07bc57a143569d5e7108752f24807b7d","Routledge","Article","Final","","Scopus","2-s2.0-85115135414"
"Zhang, H.; Hook, J.N.; van Tongeren, D.R.V.; Davis, D.E.; McElroy-Heltzel, S.E.; Davis, E.B.; Aten, J.D.","Zhang, Hansong (57196154993); Hook, Joshua N. (16052590700); van Tongeren, Daryl R. (31067462900); Davis, Don E. (57215837239); McElroy-Heltzel, Stacey E. (57201641850); Davis, Edward B. (15041795800); Aten, Jamie D. (16244056300)","57196154993; 16052590700; 31067462900; 57215837239; 57201641850; 15041795800; 16244056300","The Role of Spiritual Fortitude in Meaning and Mental Health Symptoms Following a Natural Disaster","2022","Psychology of Religion and Spirituality","14","3","","406","415","12","10.1037/rel0000420","https://www.scopus.com/inward/record.uri?eid=2-s2.0-85107840385&doi=10.1037%2Frel0000420&partnerID=40&md5=9c97c4a9358afef3c5b3f81cee3e07c6","American Psychological Association","Article","Final","","Scopus","2-s2.0-85107840385"
"Khan, A.R.; Shimul, S.M.A.K.; Arendse, N.","Khan, Anisur Rahman (56693426300); Shimul, Sayed Majadin Anowarul Kayes (57222748898); Arendse, Najuwa (25633934200)","56693426300; 57222748898; 25633934200","Suicidal behaviour and the coronavirus (COVID-19) pandemic: Insights from Durkheim's sociology of suicide","2021","International Social Science Journal","71","","","7","21","14","10.1111/issj.12269","https://www.scopus.com/inward/record.uri?eid=2-s2.0-85103952668&doi=10.1111%2Fissj.12269&partnerID=40&md5=beb35415530ef8a053e90178d3e5af19","John Wiley and Sons Inc","Conference paper","Final","All Open Access; Bronze Open Access; Green Accepted Open Access; Green Open Access","Scopus","2-s2.0-85103952668"
"Salam, R.; Ghose, B.; Shill, B.K.; Islam, M.A.; ISLAM, A.R.M.T.; Sattar, M.A.; Alam, G.M.M.; Ahmed, B.","Salam, Roquia (57210981104); Ghose, Bonosri (57218769293); Shill, Badhon Kumar (57216181566); Islam, Md Aminul (57206683467); ISLAM, Abu Reza Md Towfiqul (57218543677); Sattar, Md Abdus (56011283100); Alam, GM Monirul (21742954200); Ahmed, Bayes (55919919600)","57210981104; 57218769293; 57216181566; 57206683467; 57218543677; 56011283100; 21742954200; 55919919600","Perceived and actual risks of drought: household and expert views from the lower Teesta River Basin of northern Bangladesh","2021","Natural Hazards","108","3","","2569","2587","14","10.1007/s11069-021-04789-4","https://www.scopus.com/inward/record.uri?eid=2-s2.0-85106287727&doi=10.1007%2Fs11069-021-04789-4&partnerID=40&md5=148d7924d93b1c0d60c8756646ffac68","Springer Science and Business Media B.V.","Article","Final","All Open Access; Hybrid Gold Open Access","Scopus","2-s2.0-85106287727"
"Horney, J.A.; Karaye, I.M.; Abuabara, A.; Gearhart, S.; Grabich, S.; Perez-Patron, M.","Horney, Jennifer A. (57206308250); Karaye, Ibraheem M. (55598638900); Abuabara, Alexander (57194284029); Gearhart, Sera M. (57202403423); Grabich, Shannon C. (55323147800); Perez-Patron, Maria J. (36468811700)","57206308250; 55598638900; 57194284029; 57202403423; 55323147800; 36468811700","The Impact of Natural Disasters on Suicide in the United States, 2003-2015","2021","Crisis","42","5","","328","334","28","10.1027/0227-5910/a000723","https://www.scopus.com/inward/record.uri?eid=2-s2.0-85094867047&doi=10.1027%2F0227-5910%2Fa000723&partnerID=40&md5=4bcd04ae5e2cf5a46f9f6ae78129a941","Hogrefe Publishing GmbH","Article","Final","","Scopus","2-s2.0-85094867047"
"Tsai, J.; Elbogen, E.B.; Huang, M.; North, C.S.; Pietrzak, R.H.","Tsai, Jack (35590808700); Elbogen, Eric B. (57203069923); Huang, Minda (57203263508); North, Carol S. (7102686532); Pietrzak, Robert H. (34572624000)","35590808700; 57203069923; 57203263508; 7102686532; 34572624000","Psychological distress and alcohol use disorder during the COVID-19 era among middle- and low-income U.S. adults","2021","Journal of Affective Disorders","288","","","41","49","30","10.1016/j.jad.2021.03.085","https://www.scopus.com/inward/record.uri?eid=2-s2.0-85103785159&doi=10.1016%2Fj.jad.2021.03.085&partnerID=40&md5=a0829d529d19b9c2e53cd9846b313153","Elsevier B.V.","Article","Final","All Open Access; Green Accepted Open Access; Green Open Access","Scopus","2-s2.0-85103785159"
"Xia, X.; Wu, X.; Zhou, X.; Zang, Z.; Pu, L.; Li, Z.","Xia, Xiaoxiao (57219778409); Wu, Xiaofang (57219773526); Zhou, Xueli (56168488700); Zang, Zhiyun (57218936699); Pu, Li (57189378049); Li, Zi (8852994900)","57219778409; 57219773526; 56168488700; 57218936699; 57189378049; 8852994900","Comparison of Psychological Distress and Demand Induced by COVID-19 during the Lockdown Period in Patients Undergoing Peritoneal Dialysis and Hemodialysis: A Cross-Section Study in a Tertiary Hospital","2021","Blood Purification","50","3","","319","327","18","10.1159/000510553","https://www.scopus.com/inward/record.uri?eid=2-s2.0-85095458082&doi=10.1159%2F000510553&partnerID=40&md5=83f8df0d02d7e125e7b02b15230ae4f4","S. Karger AG","Article","Final","All Open Access; Bronze Open Access; Green Accepted Open Access; Green Open Access","Scopus","2-s2.0-85095458082"
"Maleitzke, T.; Pumberger, M.; Gerlach, U.A.; Herrmann, C.; Slagman, A.; Henriksen, L.S.; von Mauchenheim, F.; Hüttermann, N.; Santos, A.N.; Fleckenstein, F.N.; Rauch, G.; Märdian, S.; Perka, C.; Stöckle, U.; Möckel, M.; Lindner, T.; Winkler, T.","Maleitzke, Tazio (55755833500); Pumberger, Matthias (39262340100); Gerlach, Undine Ariane (26432006800); Herrmann, Carolin (57205370674); Slagman, Anna Christine (36657628900); Henriksen, Louise Scheutz (57190951962); von Mauchenheim, Frederic (57222082833); Hüttermann, Nils (57222095752); Santos, Anabel N. (57222087819); Fleckenstein, Florian Nima (57057744200); Rauch, Geraldine (35799045000); Märdian, Sven (55446956600); Perka, Carsten Frank (35498324200); Stöckle, Ulrich C. (56054839800); Möckel, Martin (7005403142); Lindner, Tobias (59596444200); Winkler, Tobias (12799957600)","55755833500; 39262340100; 26432006800; 57205370674; 36657628900; 57190951962; 57222082833; 57222095752; 57222087819; 57057744200; 35799045000; 55446956600; 35498324200; 56054839800; 7005403142; 59596444200; 12799957600","Impact of the COVID-19 shutdown on orthopedic trauma numbers and patterns in an academic Level I Trauma Center in Berlin, Germany","2021","PLOS ONE","16","2 February","e0246956","","","27","10.1371/journal.pone.0246956","https://www.scopus.com/inward/record.uri?eid=2-s2.0-85101384607&doi=10.1371%2Fjournal.pone.0246956&partnerID=40&md5=ec95c3c95245922df9b56056423274c4","Public Library of Science","Article","Final","All Open Access; Gold Open Access; Green Final Open Access; Green Open Access","Scopus","2-s2.0-85101384607"
"Devassy, S.; Johnson, A.K.S.; Bhaisora, C.P.; Hatwal, P.","Devassy, Shinto (56823507900); Johnson, Abel K.Samuel (59663031600); Bhaisora, Chandra Prakash (58899919600); Hatwal, Pooja (57305881800)","56823507900; 59663031600; 58899919600; 57305881800","Paradoxes of suicide and psychological crisis-An Uttarakhand phenomenon during COVID-19 lockdown","2021","Journal of Indian Academy of Forensic Medicine","43","1","","65","67","2","10.5958/0974-0848.2021.00016.6","https://www.scopus.com/inward/record.uri?eid=2-s2.0-85177233054&doi=10.5958%2F0974-0848.2021.00016.6&partnerID=40&md5=be4d1b1f1bc25ca926364bb26cce308d","Indian Academy of Forensic Medicine","Article","Final","","Scopus","2-s2.0-85177233054"
"Díaz-Pacheco, V.; González-Román, F.; Isaza, C.; Richardson, T.; Whalin, R.; Cabrera-Ríos, M.","Díaz-Pacheco, Verónica (57297252900); González-Román, Frederick (57297662300); Isaza, Clara E. (54902596600); Richardson, Thomas William (56301170200); Whalin, Robert W. (57220288559); Cabrera-Ríos, Mauricio (6507063384)","57297252900; 57297662300; 54902596600; 56301170200; 57220288559; 6507063384","Individual response and recovery: A learning experience from Hurricane María","2021","Journal of Emergency Management","19","8","","157","165","1","10.5055/jem.0548","https://www.scopus.com/inward/record.uri?eid=2-s2.0-85117219490&doi=10.5055%2Fjem.0548&partnerID=40&md5=c8e8000ac19fefa4b7dbdb1f802cf774","Weston Medical Publishing","Article","Final","All Open Access; Bronze Open Access","Scopus","2-s2.0-85117219490"
"Joy, L.K.J.; Ramachandran, M.; George, S.","Joy, Lijo Kochakadan (57822078300); Ramachandran, Manu (57221906131); George, Sanju (55579749800)","57822078300; 57221906131; 55579749800","Learned Helplessness, Psychological Wellbeing, and Proenvironment Care Behavior among Victims of Frequent Floods in Kerala","2021","Journal of Neurosciences in Rural Practice","12","1","","137","144","10","10.1055/s-0040-1721566","https://www.scopus.com/inward/record.uri?eid=2-s2.0-85100525826&doi=10.1055%2Fs-0040-1721566&partnerID=40&md5=efeb16a1d0b717d77d2cca2dc62e54bc","Georg Thieme Verlag","Article","Final","All Open Access; Gold Open Access; Green Final Open Access; Green Open Access","Scopus","2-s2.0-85100525826"
"Runkle, J.D.; Michael, K.D.; Stevens, S.E.; Sugg, M.M.","Runkle, Jennifer D. (55440986900); Michael, Kurt D. (7006745918); Stevens, Scott E. (26654550700); Sugg, Margaret Kovach (56789984200)","55440986900; 7006745918; 26654550700; 56789984200","Quasi-experimental evaluation of text-based crisis patterns in youth following Hurricane Florence in the Carolinas, 2018","2021","Science of the Total Environment","750","","141702","","","21","10.1016/j.scitotenv.2020.141702","https://www.scopus.com/inward/record.uri?eid=2-s2.0-85089798760&doi=10.1016%2Fj.scitotenv.2020.141702&partnerID=40&md5=53d5a3d2e1fc777317acd7963ceb71bb","Elsevier B.V.","Article","Final","All Open Access; Green Accepted Open Access; Green Open Access","Scopus","2-s2.0-85089798760"
"Karácsonyi, D.; Taylor, A.","Karácsonyi, Dávid (26030445200); Taylor, A. J. (56111039200)","26030445200; 56111039200","The ontological praxis between disaster studies and demography-extension of the scope","2020","","","","","251","268","0","10.1007/978-3-030-49920-4_13","https://www.scopus.com/inward/record.uri?eid=2-s2.0-85148152969&doi=10.1007%2F978-3-030-49920-4_13&partnerID=40&md5=5753b9e8a2e1c1474ec68507462ebec0","Springer International Publishing","Book chapter","Final","All Open Access; Gold Open Access; Green Accepted Open Access; Green Open Access","Scopus","2-s2.0-85148152969"
"Gerstner, R.M.F.; Lara-Lara, F.; Vasconez-Gonzalez, E.; Viscor, G.; Jarrin, J.D.; Ortiz- Prado, E.","Gerstner, Rebekka Maria F. (57202079077); Lara-Lara, Fernando (57192951546); Vasconez-Gonzalez, Jorge (57196008560); Viscor, Ginés (7004439165); Jarrin, Juan D. (57217830441); Ortiz- Prado, Esteban (56037076100)","57202079077; 57192951546; 57196008560; 7004439165; 57217830441; 56037076100","Earthquake-related stressors associated with suicidality, depression, anxiety and post-traumatic stress in adolescents from Muisne after the earthquake 2016 in Ecuador","2020","BMC Psychiatry","20","1","347","","","59","10.1186/s12888-020-02759-x","https://www.scopus.com/inward/record.uri?eid=2-s2.0-85087632936&doi=10.1186%2Fs12888-020-02759-x&partnerID=40&md5=913eaea52ed8ecc6d685199fe4b08800","BioMed Central Ltd","Article","Final","All Open Access; Gold Open Access; Green Accepted Open Access; Green Final Open Access; Green Open Access","Scopus","2-s2.0-85087632936"
"Dumont, C.; Haase, E.; Dolber, T.; Lewis, J.; Coverdale, J.","Dumont, Caroline R. (57217654686); Haase, Elizabeth K. (57211500324); Dolber, Trygve R. (37050612700); Lewis, Janet L. (57217754005); Coverdale, John H. (7004676350)","57217654686; 57211500324; 37050612700; 57217754005; 7004676350","Climate Change and Risk of Completed Suicide","2020","Journal of Nervous and Mental Disease","208","7","","559","565","40","10.1097/NMD.0000000000001162","https://www.scopus.com/inward/record.uri?eid=2-s2.0-85087465434&doi=10.1097%2FNMD.0000000000001162&partnerID=40&md5=79738aed979645aa8389974978682230","Lippincott Williams and Wilkins kathiest.clai@apta.org","Article","Final","","Scopus","2-s2.0-85087465434"
"Safarpour, H.; Sohrabizadeh, S.; Malekyan, L.; Safi-Keykaleh, M.; Pirani, D.; Daliri, S.; Bazyar, J.","Safarpour, Hamid (57194611459); Sohrabizadeh, Sanaz (56114724900); Malekyan, Leila (57201855500); Safi-Keykaleh, Meysam (57216036419); Pirani, Davoud (57207889785); Daliri, Salman (57192412181); Bazyar, Jafar (57192415652)","57194611459; 56114724900; 57201855500; 57216036419; 57207889785; 57192412181; 57192415652","Suicide Death Rate after Disasters: A Meta-Analysis Study","2020","Archives of Suicide Research","","","","1","14","34","10.1080/13811118.2020.1793045","https://www.scopus.com/inward/record.uri?eid=2-s2.0-85088048356&doi=10.1080%2F13811118.2020.1793045&partnerID=40&md5=ccd95a600687ec9cc3ae07104257ffa8","Routledge info@tandf.co.uk","Review","Final","","Scopus","2-s2.0-85088048356"
"Jafari, H.; Heidari, M.; Heidari, S.; Sayfouri, N.","Jafari, Hamid (58257284100); Heidari, Mohammad (56494430400); Heidari, Samaneh (57202751448); Sayfouri, Nasrin (57190008163)","58257284100; 56494430400; 57202751448; 57190008163","Risk factors for suicidal behaviours after natural disasters: A systematic review","2020","Malaysian Journal of Medical Sciences","27","3","","20","33","47","10.21315/mjms2020.27.3.3","https://www.scopus.com/inward/record.uri?eid=2-s2.0-85087352127&doi=10.21315%2Fmjms2020.27.3.3&partnerID=40&md5=2e893bc131f3ae158d54b5d66c4c69ea","Penerbit Universiti Sains Malaysia fazlina@usm.my","Article","Final","All Open Access; Gold Open Access; Green Accepted Open Access; Green Open Access","Scopus","2-s2.0-85087352127"
"Wadhawan, A.; Stiller, J.W.; Potocki, E.; Okusaga, O.; Dagdag, A.; Lowry, C.A.; Benros, M.E.; Postolache, T.T.","Wadhawan, Abhishek (57199081362); Stiller, John W. (7006643039); Potocki, Eileen (57208469981); Okusaga, Olaoluwa O. (55673684600); Dagdag, Aline (57199073240); Lowry, Christopher A. (7006035504); Benros, Michael Eriksen (26537036700); Postolache, Teodor T. (6602615506)","57199081362; 7006643039; 57208469981; 55673684600; 57199073240; 7006035504; 26537036700; 6602615506","Traumatic Brain Injury and Suicidal Behavior: A Review","2020","Advances in Alzheimer's Disease","7","","","259","290","0","10.3233/AIAD200020","https://www.scopus.com/inward/record.uri?eid=2-s2.0-85083746217&doi=10.3233%2FAIAD200020&partnerID=40&md5=45b13af3d3e52e25d6276f2868d66bd1","IOS Press Nieuwe Hemweg 6B Amsterdam 1013 BG","Book chapter","Final","","Scopus","2-s2.0-85083746217"
"Sattar, M.A.; Cheung, K.K.W.","Sattar, Md Abdus (56011283100); Cheung, Kevin K.W. (24586870400)","56011283100; 24586870400","Tropical cyclone risk perception and risk reduction analysis for coastal Bangladesh: Household and expert perspectives","2019","International Journal of Disaster Risk Reduction","41","","101283","","","46","10.1016/j.ijdrr.2019.101283","https://www.scopus.com/inward/record.uri?eid=2-s2.0-85070958982&doi=10.1016%2Fj.ijdrr.2019.101283&partnerID=40&md5=336f4a73a2d11f007d0ad6d24100e147","Elsevier Ltd","Article","Final","","Scopus","2-s2.0-85070958982"
"Fu, M.; Guo, J.; Qu, Z.; Han, Z.; Wang, S.; He, H.","Fu, Mingqi (57193280819); Guo, Jing (56313148400); Qu, Zhiyong (41562090000); Han, Ziqiang (57192248578); Wang, Shuizhen (57211248325); He, Huan (55990783500)","57193280819; 56313148400; 41562090000; 57192248578; 57211248325; 55990783500","Long-Term Health Consequences among Wenchuan Earthquake Adult Survivors: Implications of a Framework for Postearthquake Reconstruction","2019","Journal of Nervous and Mental Disease","207","10","","884","892","5","10.1097/NMD.0000000000001045","https://www.scopus.com/inward/record.uri?eid=2-s2.0-85073125784&doi=10.1097%2FNMD.0000000000001045&partnerID=40&md5=ed83f5551c1bf7c3690f106085108c9d","Lippincott Williams and Wilkins kathiest.clai@apta.org","Review","Final","","Scopus","2-s2.0-85073125784"
"Roudini, J.; Khankeh, H.; Witruk, E.; Ebadi, A.; Reschke, K.; Stueck, M.","Roudini, Juliet (57200146351); Khankeh, Hamidreza (26666805100); Witruk, Evelin (6507300468); Ebadi, Abbas (57207022071); Reschke, Konrad (18344723300); Stueck, Marcus (57185673800)","57200146351; 26666805100; 6507300468; 57207022071; 18344723300; 57185673800","Dimensions of community mental health preparedness of disasters in Iran","2019","","","","","33","43","0","","https://www.scopus.com/inward/record.uri?eid=2-s2.0-85113895897&partnerID=40&md5=ea37fe541c4f98bdb78ade76d4f2139e","Peter Lang AG","Book chapter","Final","","Scopus","2-s2.0-85113895897"
"Bandla, S.; Nappinnai, N.R.; Gopalasamy, S.","Bandla, Shailaja (57193159778); Nappinnai, N. R. (57208739645); Gopalasamy, Srinivasagopalan (57208738257)","57193159778; 57208739645; 57208738257","Psychiatric morbidity in December 2015 flood-affected population in Tamil Nadu, India","2019","International Journal of Social Psychiatry","65","4","","338","344","20","10.1177/0020764019846166","https://www.scopus.com/inward/record.uri?eid=2-s2.0-85065651745&doi=10.1177%2F0020764019846166&partnerID=40&md5=45e650e37451f8a7511ae1bfda25e191","SAGE Publications Ltd info@sagepub.co.uk","Article","Final","","Scopus","2-s2.0-85065651745"
"Mamun, M.A.; Huq, N.; Papia, Z.F.; Tasfina, S.; Gozal, D.","Mamun, Mohammed A. (57205143088); Huq, Nafisa Lira (9638193100); Papia, Zinat Fatima (57208624656); Tasfina, Sadia (57208628700); Gozal, David (34975080100)","57205143088; 9638193100; 57208624656; 57208628700; 34975080100","Prevalence of depression among Bangladeshi village women subsequent to a natural disaster: A pilot study","2019","Psychiatry Research","276","","","124","128","65","10.1016/j.psychres.2019.05.007","https://www.scopus.com/inward/record.uri?eid=2-s2.0-85065307506&doi=10.1016%2Fj.psychres.2019.05.007&partnerID=40&md5=4357dc51408f63516a6a5a683e33cfa8","Elsevier Ireland Ltd","Article","Final","","Scopus","2-s2.0-85065307506"
"Bergquist, M.; Nilsson, A.; Schultz, P.","Bergquist, Magnus (26424554300); Nilsson, Andreas (59788530700); Schultz, Wesley P. (7202484901)","26424554300; 59788530700; 7202484901","Experiencing a severe weather event increases concern about climate change","2019","Frontiers in Psychology","10","FEB","220","","","115","10.3389/fpsyg.2019.00220","https://www.scopus.com/inward/record.uri?eid=2-s2.0-85061357214&doi=10.3389%2Ffpsyg.2019.00220&partnerID=40&md5=472a118262c9b7f041f502e7af3bb5d3","Frontiers Media S.A. info@frontiersin.org","Article","Final","All Open Access; Gold Open Access; Green Accepted Open Access; Green Open Access","Scopus","2-s2.0-85061357214"
"Evans, G.W.","Evans, Gary W. (7403735770)","7403735770","Projected Behavioral Impacts of Global Climate Change","2019","Annual Review of Psychology","70","","","449","474","159","10.1146/annurev-psych-010418-103023","https://www.scopus.com/inward/record.uri?eid=2-s2.0-85059493901&doi=10.1146%2Fannurev-psych-010418-103023&partnerID=40&md5=b00d60bdef1dc29644f8bbdd5d6bbc8e","Annual Reviews Inc. 4139 El Camino Way, P.O. Box 10139 Palo Alto CA 94306","Review","Final","","Scopus","2-s2.0-85059493901"
"Carrasco, S.; O’Brien, D.","Carrasco, Sandra (57060062500); O’Brien, Dave (59055195700)","57060062500; 59055195700","Urbanism of Emergency: Use and Adaptation of Public Open Spaces in Disaster-Induced Resettlement Sites","2019","Sustainable Development Goals Series","Part F2648","","","163","174","5","10.1007/978-3-319-92498-4_12","https://www.scopus.com/inward/record.uri?eid=2-s2.0-85174272383&doi=10.1007%2F978-3-319-92498-4_12&partnerID=40&md5=b557f79b90356616dae94a426de8b672","Springer","Book chapter","Final","","Scopus","2-s2.0-85174272383"
"Wadhawan, A.; Stiller, J.W.; Potocki, E.; Okusaga, O.; Dagdag, A.; Lowry, C.A.; Benros, M.E.; Postolache, T.T.","Wadhawan, Abhishek (57199081362); Stiller, John W. (7006643039); Potocki, Eileen (57208469981); Okusaga, Olaoluwa O. (55673684600); Dagdag, Aline (57199073240); Lowry, Christopher A. (7006035504); Benros, Michael Eriksen (26537036700); Postolache, Teodor T. (6602615506)","57199081362; 7006643039; 57208469981; 55673684600; 57199073240; 7006035504; 26537036700; 6602615506","Traumatic brain injury and suicidal behavior: A review","2019","Journal of Alzheimer's Disease","68","4","","1339","1370","21","10.3233/JAD-181055","https://www.scopus.com/inward/record.uri?eid=2-s2.0-85064880776&doi=10.3233%2FJAD-181055&partnerID=40&md5=d480da789e07f5e2f396de1ea57fcfb5","IOS Press Nieuwe Hemweg 6B Amsterdam 1013 BG","Review","Final","","Scopus","2-s2.0-85064880776"
"Chiba, Y.; Prabhakar, S.V.R.K.; Atikul Islam, M.A.; Ali Akber, M.A.","Chiba, Yohei (57297452500); Prabhakar, Sivapuram V.R.K. (55906789700); Atikul Islam, Md (57216707230); Ali Akber, Md Ali (55779146100)","57297452500; 55906789700; 57216707230; 55779146100","Priority practices for addressing non-economic loss and damages caused by cyclones in Bangladesh: Case study of Koyra","2018","International Journal of Disaster Resilience in the Built Environment","9","4-5","","333","347","5","10.1108/IJDRBE-11-2017-0061","https://www.scopus.com/inward/record.uri?eid=2-s2.0-85055976553&doi=10.1108%2FIJDRBE-11-2017-0061&partnerID=40&md5=27ef7403101d985679f57b607d835b31","Emerald Group Holdings Ltd.","Article","Final","","Scopus","2-s2.0-85055976553"
"French, J.","French, Jordan (57190378962)","57190378962","Market moods: an investor sentiment event study","2018","Foresight","20","5","","488","506","4","10.1108/FS-02-2018-0018","https://www.scopus.com/inward/record.uri?eid=2-s2.0-85056609855&doi=10.1108%2FFS-02-2018-0018&partnerID=40&md5=20a0801c7330e9a22296334f20bda0ef","Emerald Group Holdings Ltd.","Article","Final","","Scopus","2-s2.0-85056609855"
"Wang, W.; Wu, X.; Tian, Y.","Wang, Wenchao (57196099592); Wu, Xinchun (56070337200); Tian, Yuxin (57201657607)","57196099592; 56070337200; 57201657607","Mediating roles of gratitude and social support in the relation between survivor guilt and posttraumatic stress disorder, posttraumatic growth among adolescents after the Ya'an earthquake","2018","Frontiers in Psychology","9","NOV","2131","","","44","10.3389/fpsyg.2018.02131","https://www.scopus.com/inward/record.uri?eid=2-s2.0-85055964154&doi=10.3389%2Ffpsyg.2018.02131&partnerID=40&md5=f3964ab35ca6d0dcad7e89be9bd7691e","Frontiers Media S.A. info@frontiersin.org","Article","Final","All Open Access; Gold Open Access; Green Final Open Access; Green Open Access","Scopus","2-s2.0-85055964154"
"Ramphal, L.","Ramphal, Lilly (57203532333)","57203532333","Medical and psychosocial needs of the Puerto Rican people after Hurricane Maria","2018","Baylor University Medical Center Proceedings","31","3","","294","296","25","10.1080/08998280.2018.1459399","https://www.scopus.com/inward/record.uri?eid=2-s2.0-85052112127&doi=10.1080%2F08998280.2018.1459399&partnerID=40&md5=144eb792aa48d9c710cce1f040835761","Taylor and Francis Inc. Cynthia.Orticio@BSWHealth.org 325 Chestnut St, Suite 800 Philadelphia PA 19106","Article","Final","All Open Access; Green Accepted Open Access; Green Open Access","Scopus","2-s2.0-85052112127"
"Mitsova, D.; Esnard, A.-M.","Mitsova, Diana P. (36470740600); Esnard, Ann Margaret (6603651640)","36470740600; 6603651640","Geospatial Applications for Climate Adaptation Planning","2018","","","","","1","332","1","10.4324/9781351113953","https://www.scopus.com/inward/record.uri?eid=2-s2.0-85134980961&doi=10.4324%2F9781351113953&partnerID=40&md5=0e0b008faefb81c74fec7906145c0f6b","Taylor and Francis","Book","Final","","Scopus","2-s2.0-85134980961"
"Doyle, M.D.; Lockwood, B.; Comiskey, J.G.","Doyle, Matthew D. (57193138870); Lockwood, Brian (35726884500); Comiskey, John G. (57147831200)","57193138870; 35726884500; 57147831200","Superstorm Sandy and the academic achievement of university students","2017","Disasters","41","4","","748","763","10","10.1111/disa.12224","https://www.scopus.com/inward/record.uri?eid=2-s2.0-85011081927&doi=10.1111%2Fdisa.12224&partnerID=40&md5=30949a11b93bec31bafda4c15ab7d1ad","Blackwell Publishing Ltd customerservices@oxonblackwellpublishing.com","Article","Final","","Scopus","2-s2.0-85011081927"
"Guo, J.; He, H.; Fu, M.; Han, Z.; Qu, Z.; Wang, X.; Guan, L.","Guo, Jing (56313148400); He, Huan (55990783500); Fu, Mingqi (57193280819); Han, Ziqiang (57192248578); Qu, Zhiyong (41562090000); Wang, Xiaohua (50263264400); Guan, Liding (57194062596)","56313148400; 55990783500; 57193280819; 57192248578; 41562090000; 50263264400; 57194062596","Suicidality associated with PTSD, depression, and disaster recovery status among adult survivors 8 years after the 2008 Wenchuan earthquake in China","2017","Psychiatry Research","253","","","383","390","44","10.1016/j.psychres.2017.04.022","https://www.scopus.com/inward/record.uri?eid=2-s2.0-85018481319&doi=10.1016%2Fj.psychres.2017.04.022&partnerID=40&md5=2d5c0ca826beb5720effde46a8ab0c39","Elsevier Ireland Ltd","Article","Final","","Scopus","2-s2.0-85018481319"
"Uyun, Q.; Witruk, E.","Uyun, Qurotul (57201948588); Witruk, Evelin (6507300468)","57201948588; 6507300468","The effectiveness of sabr (patience) and salat (prayer) in reducing psychopathological symptoms after the 2010 Merapi eruption in the region of Yogyakarta, Indonesia","2017","","0","","","165","174","12","10.1201/9781315269184-28","https://www.scopus.com/inward/record.uri?eid=2-s2.0-85046554148&doi=10.1201%2F9781315269184-28&partnerID=40&md5=f71874c402cb622f02884557a08add15","CRC Press/Balkema","Conference paper","Final","","Scopus","2-s2.0-85046554148"
"Medina-Pérez, O.A.; Ospina-Sánchez, S.M.; Cardona-Duque, D.V.","Medina-Pérez, Óscar Adolfo (55839645100); Ospina-Sánchez, Sonia Milena (57200092292); Cardona-Duque, Deisy Viviana (55839271300)","55839645100; 57200092292; 55839271300","Characterization of suicide in adolescents in the Quindio Department, Colombia, 1989-2013; Caracterización del suicidio en adolescentes del Departamento de Quindío. Colombia, 1989-2013","2017","Revista Habanera de Ciencias Medicas","16","5","","784","795","4","","https://www.scopus.com/inward/record.uri?eid=2-s2.0-85039457818&partnerID=40&md5=072ba94c27775bfe08082bb6b2e4461b","Universidad de Ciencias Medicas de La Hab cmrhaban@infomed.sld.cu","Article","Final","","Scopus","2-s2.0-85039457818"
"Chiba, Y.; Shaw, R.; Prabhakar, S.V.R.K.","Chiba, Yohei (57297452500); Shaw, Rajib K. (23020035100); Prabhakar, Sivapuram V.R.K. (55906789700)","57297452500; 23020035100; 55906789700","Climate change-related non-economic loss and damage in Bangladesh and Japan","2017","International Journal of Climate Change Strategies and Management","9","2","","166","183","25","10.1108/IJCCSM-05-2016-0065","https://www.scopus.com/inward/record.uri?eid=2-s2.0-85015735458&doi=10.1108%2FIJCCSM-05-2016-0065&partnerID=40&md5=d13cdbd0d85b6152678152a8574b7918","Emerald Group Publishing Ltd. Howard House Wagon Lane, Bingley BD16 1WA","Article","Final","","Scopus","2-s2.0-85015735458"
"Rehm, P.","Rehm, Philipp (15045572400)","15045572400","Risk inequality and welfare states: Social policy preferences, development, and dynamics","2016","","","","","1","242","165","10.1017/CBO9781316257777","https://www.scopus.com/inward/record.uri?eid=2-s2.0-85041519511&doi=10.1017%2FCBO9781316257777&partnerID=40&md5=448aa676dacc93b65263888e1a6a43dd","Cambridge University Press","Book","Final","","Scopus","2-s2.0-85041519511"
"Carmassi, C.; Stratta, P.; Calderani, E.; Bertelloni, C.A.; Menichini, M.; Massimetti, E.; Rossi, A.; Dell’Osso, L.","Carmassi, Claudia (23388353800); Stratta, Paolo (7102156856); Calderani, Enrico (55877154300); Bertelloni, Carlo Antonio (6506675957); Menichini, M. (57232800600); Massimetti, Enrico (26027983500); Rossi, Alessandro (35448786900); Dell’Osso, Liliana D. (7102452448)","23388353800; 7102156856; 55877154300; 6506675957; 57232800600; 26027983500; 35448786900; 7102452448","Impact of Mood Spectrum Spirituality and Mysticism Symptoms on Suicidality in Earthquake Survivors with PTSD","2016","Journal of Religion and Health","55","2","","641","649","11","10.1007/s10943-015-0072-z","https://www.scopus.com/inward/record.uri?eid=2-s2.0-84961215998&doi=10.1007%2Fs10943-015-0072-z&partnerID=40&md5=4e9d64a24ba71e0de329f354736768d9","Springer New York LLC barbara.b.bertram@gsk.com","Article","Final","","Scopus","2-s2.0-84961215998"
"Coleman, L.","Coleman, Les (56220781200)","56220781200","Risk Strategies: Dialling Up Optimum Firm Risk","2016","","","","","1","250","1","10.4324/9781315606538","https://www.scopus.com/inward/record.uri?eid=2-s2.0-85139638128&doi=10.4324%2F9781315606538&partnerID=40&md5=07d8ae7c2db5f56dd83a7a7e24dd25e8","Taylor and Francis","Book","Final","","Scopus","2-s2.0-85139638128"
"Vinyeta, K.; Whyte, K.P.; Lynn, K.","Vinyeta, Kirsten (55734512300); Whyte, Kyle Powys (36455230300); Lynn, Kathy (16053362000)","55734512300; 36455230300; 16053362000","Indigenous masculinities in a changing climate: Vulnerability and resilience in the United States","2016","","","","","140","151","13","10.4324/9781315678122-15","https://www.scopus.com/inward/record.uri?eid=2-s2.0-85074584377&doi=10.4324%2F9781315678122-15&partnerID=40&md5=f1fa97258f8f82cd1713ecb2e6034573","Taylor and Francis","Book chapter","Final","","Scopus","2-s2.0-85074584377"
"Appavoo, S.D.; Khemlin, A.; Appavoo, D.M.; Flynn, C.J.","Appavoo, S. D. (57192172834); Khemlin, Alexander (6507193949); Appavoo, Donna M. (6504744859); Flynn, Candi J. (58591551700)","57192172834; 6507193949; 6504744859; 58591551700","Community emergency department utilization following a natural disaster (the Goderich Tornado)","2016","Rural and Remote Health","16","3","3802","","","2","","https://www.scopus.com/inward/record.uri?eid=2-s2.0-84999293282&partnerID=40&md5=ebbc6eefaa8ebffa980751fcd12193e5","ARHEN - Australian Rural Health Education Network Ltd","Article","Final","","Scopus","2-s2.0-84999293282"
"Stratta, P.; Rossetti, M.C.; Michele, V.D.; Rossi, A.","Stratta, Paolo (7102156856); Rossetti, Maria Cristina (57055173800); Michele, Vittorio Di (14019979300); Rossi, Alessandro (35448786900)","7102156856; 57055173800; 14019979300; 35448786900","Effects on health of the l'Aquila (Central Italy) 2009 earthquake; Gli effetti sulla salute del sisma dell'Aquila del 2009","2016","Epidemiologia e Prevenzione","40","2","","22","31","15","10.19191/EP16.2S1.P022.044","https://www.scopus.com/inward/record.uri?eid=2-s2.0-84997190815&doi=10.19191%2FEP16.2S1.P022.044&partnerID=40&md5=c97c76d3014b4f1fbb61fe9d2031e809","Zadig s.r.l segreteria@zadig.it","Article","Final","","Scopus","2-s2.0-84997190815"
"Yen, C.-F.; Hsu, C.-C.","Yen, Chengfang (7202149068); Hsu, Chiachuang (36838884100)","7202149068; 36838884100","Post-Traumatic Stress Disorder in Adolescents After a Natural Disaster","2016","","","","","1401","1419","5","10.1007/978-3-319-08359-9_33","https://www.scopus.com/inward/record.uri?eid=2-s2.0-105013278112&doi=10.1007%2F978-3-319-08359-9_33&partnerID=40&md5=359107660df75793bd2d5b46e8071d3a","Springer Science+Business Media","Book chapter","Final","","Scopus","2-s2.0-105013278112"
"Ha, K.-M.","Ha, Kyoo-man (55351967400)","55351967400","The role of religious beliefs and institutions in disaster management: A case study","2015","Religions","6","4","","1314","1329","31","10.3390/rel6041314","https://www.scopus.com/inward/record.uri?eid=2-s2.0-84947069071&doi=10.3390%2Frel6041314&partnerID=40&md5=4bc9bac374cd55b6e9b1baa7fc6f4c56","MDPI AG Postfach Basel CH-4005","Article","Final","All Open Access; Gold Open Access; Green Accepted Open Access; Green Open Access","Scopus","2-s2.0-84947069071"
"Beaglehole, B.; Bell, C.; Beveridge, J.; Frampton, C.","Beaglehole, Ben (16479683700); Bell, Caroline J. (35548299800); Beveridge, John H. (56572377800); Frampton, Christopher Miles A. (18934387500)","16479683700; 35548299800; 56572377800; 18934387500","Psychiatric admissions fall following the Christchurch earthquakes: An audit of inpatient data","2015","Australian and New Zealand Journal of Psychiatry","49","4","","346","350","17","10.1177/0004867414560651","https://www.scopus.com/inward/record.uri?eid=2-s2.0-84925655382&doi=10.1177%2F0004867414560651&partnerID=40&md5=afce262bef802cb7c7c4f9a3cac9f7bf","SAGE Publications Ltd","Article","Final","","Scopus","2-s2.0-84925655382"
"Fernández, A.; Black, J.; Jones, M.; Wilson, L.; Salvador-Carulla, L.; Astell–burt, T.; Black, D.","Fernández, Ana Testa (57214272474); Black, John Andrew (34667480600); Jones, Mairwen Kathleen (7501846597); Wilson, Leigh Ann (6506583469); Salvador-Carulla, Luis Berta (57201763249); Astell–burt, Thomas (36924540400); Black, Deborah Ann (15833894400)","57214272474; 34667480600; 7501846597; 6506583469; 57201763249; 36924540400; 15833894400","Flooding and mental health: A systematic mapping review","2015","PLOS ONE","10","4","e0119929","","","283","10.1371/journal.pone.0119929","https://www.scopus.com/inward/record.uri?eid=2-s2.0-84928923320&doi=10.1371%2Fjournal.pone.0119929&partnerID=40&md5=c42ee77d79689b5983d0ddbdca998c28","Public Library of Science plos@plos.org","Review","Final","All Open Access; Gold Open Access; Green Accepted Open Access; Green Open Access","Scopus","2-s2.0-84928923320"
"Hutson, S.P.; Hall, J.M.; Pack, F.L.","Hutson, Sadie Pauline (15127484400); Hall, Joanne M. (35606911100); Pack, Frankie L. (56592832500)","15127484400; 35606911100; 56592832500","Survivor guilt analyzing the concept and its contexts","2015","Advances in Nursing Science","38","1","","20","33","38","10.1097/ANS.0000000000000058","https://www.scopus.com/inward/record.uri?eid=2-s2.0-84927636153&doi=10.1097%2FANS.0000000000000058&partnerID=40&md5=54ba19ab70a5ad9ac24904f48a050022","Lippincott Williams and Wilkins LRorders@phl.lrpub.com","Review","Final","","Scopus","2-s2.0-84927636153"
"Inoue, M.; Matsumoto, S.; Yamaoka, K.; Muto, S.","Inoue, Machiko (36339613000); Matsumoto, Shoko (56970272700); Yamaoka, Kazue (7202612773); Muto, Shinsuke (55991687600)","36339613000; 56970272700; 7202612773; 55991687600","Risk of social isolation among Great East Japan earthquake survivors living in tsunami-affected Ishinomaki, Japan","2014","Disaster Medicine and Public Health Preparedness","8","4","","333","340","15","10.1017/dmp.2014.59","https://www.scopus.com/inward/record.uri?eid=2-s2.0-84911453625&doi=10.1017%2Fdmp.2014.59&partnerID=40&md5=15989109a16d0e18f3047e49ea695ae6","Cambridge University Press","Article","Final","","Scopus","2-s2.0-84911453625"
"Kato, K.; Mikami, K.; Kimoto, K.; Kimoto, K.; Takahashi, Y.; Sato, R.; Matsumoto, H.","Kato, Koji (36131450100); Mikami, Katsunaka (15023255700); Kimoto, Keitaro (54389204700); Kimoto, Kousuke (55235809100); Takahashi, Yuki (57218971016); Sato, Reiko (37031988300); Matsumoto, Hideo (55612119200)","36131450100; 15023255700; 54389204700; 55235809100; 57218971016; 37031988300; 55612119200","Changes in the Frequency and Clinical Features of Suicide Attempts in the Midwestern Area of Kanagawa after the Great East Japan Earthquake","2014","Journal of Forensic Sciences","59","2","","417","419","6","10.1111/1556-4029.12317","https://www.scopus.com/inward/record.uri?eid=2-s2.0-84897621312&doi=10.1111%2F1556-4029.12317&partnerID=40&md5=d20fe45a18c8b52eae8242d2952b55a4","","Article","Final","","Scopus","2-s2.0-84897621312"
"Wu, D.; Jiang, X.; Ho, K.-W.; Duan, L.; Zhang, W.","Wu, Dongmei (57201859862); Jiang, Xiaolian (9743852500); Ho, Kit Wan (24464349200); Duan, Lijuan (56245081400); Zhang, Weiqing (53878896200)","57201859862; 9743852500; 24464349200; 56245081400; 53878896200","Factors associated with self-concept in adolescent survivors of an 8.0-magnitude earthquake in China","2014","Nursing Research","63","4","","278","288","6","10.1097/NNR.0000000000000045","https://www.scopus.com/inward/record.uri?eid=2-s2.0-84903691422&doi=10.1097%2FNNR.0000000000000045&partnerID=40&md5=b8525ff17bb31de11104f9057a25df82","Lippincott Williams and Wilkins LRorders@phl.lrpub.com","Article","Final","","Scopus","2-s2.0-84903691422"
"Stratta, P.; Capanna, C.; Carmassi, C.; Patriarca, S.; Di Emidio, G.; Riccardi, I.; Collazzoni, A.; Dell’Osso, L.; Rossi, A.","Stratta, Paolo (7102156856); Capanna, Cristina (8319405200); Carmassi, Claudia (23388353800); Patriarca, Sara (55389463400); Di Emidio, Gabriella (56157287900); Riccardi, Ilaria (24171508600); Collazzoni, Alberto (55949657600); Dell’Osso, Liliana D. (7102452448); Rossi, Alessandro (35448786900)","7102156856; 8319405200; 23388353800; 55389463400; 56157287900; 24171508600; 55949657600; 7102452448; 35448786900","The adolescent emotional coping after an earthquake: A risk factor for suicidal ideation","2014","Journal of Adolescence","37","5","","605","611","39","10.1016/j.adolescence.2014.03.015","https://www.scopus.com/inward/record.uri?eid=2-s2.0-84900460304&doi=10.1016%2Fj.adolescence.2014.03.015&partnerID=40&md5=66f5460e87c5a65ac72366cf54ac9047","Academic Press","Article","Final","","Scopus","2-s2.0-84900460304"
"Bouffard, L.A.; Koeppel, M.D.H.","Bouffard, Leana Allen (14122848300); Koeppel, Maria D.H. (56026435100)","14122848300; 56026435100","Understanding the Potential Long-term Physical and Mental Health Consequences of Early Experiences of Victimization","2014","Justice Quarterly","31","3","","568","587","50","10.1080/07418825.2012.734843","https://www.scopus.com/inward/record.uri?eid=2-s2.0-84898418378&doi=10.1080%2F07418825.2012.734843&partnerID=40&md5=c0785644401390a832ad4ba5f237e1c1","Taylor and Francis Ltd.","Article","Final","","Scopus","2-s2.0-84898418378"
"Rezaeian, M.","Rezaeian, Mohsen (15053682700)","15053682700","The association between natural disasters and violence: A systematic review of the literature and a call for more epidemiological studies","2013","Journal of Research in Medical Sciences","18","12","","1103","1107","73","","https://www.scopus.com/inward/record.uri?eid=2-s2.0-84893036583&partnerID=40&md5=8a96fa06349d4d62048abe33e5c7cb64","","Review","Final","","Scopus","2-s2.0-84893036583"
"Teasdale, B.; Stephens, P.C.; Sloboda, Z.; Stephens, R.C.; Grey, S.F.","Teasdale, Brent E. (8201523700); Stephens, Peggy C. (24554575600); Sloboda, Zili (6603065422); Stephens, Richard C. (7401884600); Grey, Scott F. (7006366316)","8201523700; 24554575600; 6603065422; 7401884600; 7006366316","The effect of hurricane katrina on adolescent feelings of social isolation","2013","Social Science Quarterly","94","2","","490","505","6","10.1111/ssqu.12004","https://www.scopus.com/inward/record.uri?eid=2-s2.0-84877122139&doi=10.1111%2Fssqu.12004&partnerID=40&md5=16a8cdc2909a577a65b5b848965e8625","","Article","Final","","Scopus","2-s2.0-84877122139"
"Phillips, B.D.; Jenkins, P.","Phillips, Brenda D. (14323847800); Jenkins, Ṕamela J. (14039212200)","14323847800; 14039212200","Violence","2013","","","","","311","337","3","10.1201/b14854","https://www.scopus.com/inward/record.uri?eid=2-s2.0-85062494909&doi=10.1201%2Fb14854&partnerID=40&md5=ca3b5965d9955ab61595e7526916919a","Taylor and Francis","Book chapter","Final","","Scopus","2-s2.0-85062494909"
"Watt, K.; Weinstein, P.","Watt, Kerrianne A. (7006833700); Weinstein, Philip R. (7103372078)","7006833700; 7103372078","Casualties following natural hazards","2013","Encyclopedia of Earth Sciences Series","","","","59","64","0","10.1007/978-1-4020-4399-4_58","https://www.scopus.com/inward/record.uri?eid=2-s2.0-85052396224&doi=10.1007%2F978-1-4020-4399-4_58&partnerID=40&md5=aa22c9bdbc680b129c9ecd2f0e153bb0","Springer Netherlands rbk@louisiana.edu","Book chapter","Final","","Scopus","2-s2.0-85052396224"
"Treutiger, B.-M.; Lindberg, L.","Treutiger, Britt Marie (7801354337); Lindberg, Lene (14422606100)","7801354337; 14422606100","Prevention of depressive symptoms among adolescent girls","2013","","","","","57","78","11","10.1007/978-1-4614-4130-4_4","https://www.scopus.com/inward/record.uri?eid=2-s2.0-84982808669&doi=10.1007%2F978-1-4614-4130-4_4&partnerID=40&md5=48648f1dce1a80631d33000dbef0014c","Springer New York","Book chapter","Final","","Scopus","2-s2.0-84982808669"
"Few, R.; Matthies, F.","Few, Roger (6603435108); Matthies, Franziska (12142577900)","6603435108; 12142577900","Flood hazards and health: Responding to present and future risks","2013","","","","","1","219","6","10.4324/9781849771351","https://www.scopus.com/inward/record.uri?eid=2-s2.0-84925812933&doi=10.4324%2F9781849771351&partnerID=40&md5=ef58ff2ddadb6aa0343284aa882cc197","Taylor and Francis","Book","Final","","Scopus","2-s2.0-84925812933"
"Lečić-Toševski, D.; Pejović-Milovančević, M.P.; Deušić, S.P.","Lečić-Toševski, Dušica R. (6602315043); Pejović-Milovančević, Milica M. (57218683898); Deušić, Smiljka Popović (15725261000)","6602315043; 57218683898; 15725261000","Suicide and disasters","2012","","","","","127","134","0","","https://www.scopus.com/inward/record.uri?eid=2-s2.0-84892062829&partnerID=40&md5=8d0f6f53d30fdb1110a4ce05afb4b558","Nova Science Publishers, Inc.","Book chapter","Final","","Scopus","2-s2.0-84892062829"
"Bhamani, A.; Sobani, Z. A.; Baqir, M.; Bham, N.S.; Beg, M.A.; Fistein, E.","Bhamani, Amyn (58987647800); Sobani, Zain A. (36542966100); Baqir, Maryam (55083493800); Bham, Nida Shahab (55081306400); Beg, Mohammad Asim (8729233100); Fistein, Elizabeth C. (26323617800)","58987647800; 36542966100; 55083493800; 55081306400; 8729233100; 26323617800","Mental health in the wake of flooding in Pakistan: An ongoing humanitarian crisis","2012","Journal of the College of Physicians and Surgeons Pakistan","22","1","","66","68","8","","https://www.scopus.com/inward/record.uri?eid=2-s2.0-84862325900&partnerID=40&md5=c62027c289af5e7700501386cedf2950","","Note","Final","","Scopus","2-s2.0-84862325900"
"Turgut, A.; Turgut, T.","Turgut, Adnan (55068818000); Turgut, Tevfik (55066316300)","55068818000; 55066316300","Floods and drowning incidents by floods","2012","World Applied Sciences Journal","16","8","","1158","1162","8","","https://www.scopus.com/inward/record.uri?eid=2-s2.0-84857936672&partnerID=40&md5=7b6e4d1e8961649c5bc3807373b7c3b6","","Article","Final","","Scopus","2-s2.0-84857936672"
"Stratta, P.; Capanna, C.; Riccardi, I.; Carmassi, C.; Piccinnì, A.; Dell’Osso, L.; Rossi, A.","Stratta, Paolo (7102156856); Capanna, Cristina (8319405200); Riccardi, Ilaria (24171508600); Carmassi, Claudia (23388353800); Piccinnì, Armando (6603019496); Dell’Osso, Liliana D. (7102452448); Rossi, Alessandro (35448786900)","7102156856; 8319405200; 24171508600; 23388353800; 6603019496; 7102452448; 35448786900","Suicidal intention and negative spiritual coping one year after the earthquake of L'Aquila (Italy)","2012","Journal of Affective Disorders","136","3","","1227","1231","59","10.1016/j.jad.2011.10.006","https://www.scopus.com/inward/record.uri?eid=2-s2.0-84857358543&doi=10.1016%2Fj.jad.2011.10.006&partnerID=40&md5=e973dcf02c4e5e72a157a0db30208b91","","Article","Final","","Scopus","2-s2.0-84857358543"
"Bartels, S.A.; VanRooyen, M.J.","Bartels, Susan Andrea (57210995470); VanRooyen, Michael J. (57218274914)","57210995470; 57218274914","Medical complications associated with earthquakes","2012","The Lancet","379","9817","","748","757","207","10.1016/S0140-6736(11)60887-8","https://www.scopus.com/inward/record.uri?eid=2-s2.0-84857656774&doi=10.1016%2FS0140-6736%2811%2960887-8&partnerID=40&md5=38a98e0cfa2440dc0d6e4b2cc744a780","Elsevier B.V.","Review","Final","","Scopus","2-s2.0-84857656774"
"Barr, W.","Barr, Wally (56260344700)","56260344700","They also serve who only stand and wait: Suicide in wartime civilian populations","2011","","","","","63","71","0","","https://www.scopus.com/inward/record.uri?eid=2-s2.0-84892949878&partnerID=40&md5=86d432ae6dc7060e54791ecf8a6dc2d3","Nova Science Publishers, Inc.","Book chapter","Final","","Scopus","2-s2.0-84892949878"
"Paul, B.K.","Paul, Bimal Kanti (7202710676)","7202710676","Environmental Hazards and Disasters: Contexts, Perspectives and Management","2011","","","","","1","322","4","10.1002/9781119979616","https://www.scopus.com/inward/record.uri?eid=2-s2.0-84983467146&doi=10.1002%2F9781119979616&partnerID=40&md5=c395b355cf04a48c03781bcc9bae4ff1","Wiley Blackwell","Book","Final","","Scopus","2-s2.0-84983467146"
"Paul, B.K.","Paul, Bimal Kanti (7202710676)","7202710676","Environmental Hazards and Disasters: Contexts, Perspectives and Management","2011","","","","","","","92","10.1002/9781119979616","https://www.scopus.com/inward/record.uri?eid=2-s2.0-84891564493&doi=10.1002%2F9781119979616&partnerID=40&md5=b47fef237403b34a8918a416fed19bf7","John Wiley and Sons","Book","Final","","Scopus","2-s2.0-84891564493"
"Johnson, B.R.; Connolly, E.; Carter, T.S.","Johnson, Brian R. (55474582600); Connolly, Eric J. (55763170800); Carter, Timothy S. (35335889800)","55474582600; 55763170800; 35335889800","Corporate social responsibility: The role of Fortune 100 companies in domestic and international natural disasters","2011","Corporate Social Responsibility and Environmental Management","18","6","","352","369","84","10.1002/csr.253","https://www.scopus.com/inward/record.uri?eid=2-s2.0-81255189582&doi=10.1002%2Fcsr.253&partnerID=40&md5=425f5943101b1b0ad203a59176e8f323","","Article","Final","All Open Access; Bronze Open Access","Scopus","2-s2.0-81255189582"
"Taylor, O.D.","Taylor, Ozietta D. (36053946600)","36053946600","Adolescent depression as a contributing factor to the development of substance use disorders","2011","Journal of Human Behavior in the Social Environment","21","6","","696","710","25","10.1080/10911359.2011.583519","https://www.scopus.com/inward/record.uri?eid=2-s2.0-80052167196&doi=10.1080%2F10911359.2011.583519&partnerID=40&md5=12bd19fdfe846dd45d67a59e45eb404b","","Article","Final","","Scopus","2-s2.0-80052167196"
"Hutter, H.-P.; Kundi, M.; Moshammer, H.; Haas, W.; Weisz, U.; Niederkrotenthaler, T.; Wallner, P.","Hutter, Hans Peter (7006968221); Kundi, Michael (26643440000); Moshammer, Hanns Michael (7003889705); Haas, Willi (23976021400); Weisz, Ulli (36806982800); Niederkrotenthaler, Thomas (16304838000); Wallner, Peter (7003988131)","7006968221; 26643440000; 7003889705; 23976021400; 36806982800; 16304838000; 7003988131","Adaptation measures to reduce climate change-induced health risks in Austria: Focus on extreme weather events; Anpassungsmaßnahmen zur Reduktion von klimawandelinduzierten Gesundheitsrisiken in Österreich: Schwerpunkt Extremwetterereignisse","2011","Pravention und Gesundheitsforderung","6","3","","164","171","3","10.1007/s11553-010-0292-8","https://www.scopus.com/inward/record.uri?eid=2-s2.0-79961173687&doi=10.1007%2Fs11553-010-0292-8&partnerID=40&md5=06682e67f7573d6357dcc2e40b34b0de","","Article","Final","","Scopus","2-s2.0-79961173687"
"Gonçalves, L.R.C.; Gonçalves, E.; de Oliveira, L.B.","Gonçalves, Ludmilla R.C. (54795042300); Gonçalves, Eduardo (35172847400); de Oliveira, Lourival Batista (54794975200)","54795042300; 35172847400; 54794975200","Spatial and socio-economic determinants of suicide in Brazil: A regional approach; Determinantes espaciais e socioeconômicos do suicídio no brasil: Uma abordagem regional","2011","Nova Economia","21","2","","281","316","23","10.1590/S0103-63512011000200005","https://www.scopus.com/inward/record.uri?eid=2-s2.0-84555204823&doi=10.1590%2FS0103-63512011000200005&partnerID=40&md5=9d87c62113c8e0443b4c6a1ce3b5dc99","","Article","Final","All Open Access; Gold Open Access; Green Accepted Open Access; Green Open Access","Scopus","2-s2.0-84555204823"
"Pérez-García, J.C.; Rivera Acuña, C.; Soto-Vega, E.; Muñoz-Pérez, M.J.","Pérez-García, Juan Carlos (36114636000); Rivera Acuña, Claudia (43461919800); Soto-Vega, Elena (56000738700); Muñoz-Pérez, María José (55536913400)","36114636000; 43461919800; 56000738700; 55536913400","Major depressive disorder in children and adolescents; Trastorno depresivo mayor en niños y adolescentes","2011","Revista Mexicana de Neurociencia","12","3","","","","0","","https://www.scopus.com/inward/record.uri?eid=2-s2.0-79960504878&partnerID=40&md5=058d4edc69cf212c52dc59a174a71079","","Review","Final","","Scopus","2-s2.0-79960504878"
"Paul, B.K.; Rahman, M.K.; Rakshit, B.C.","Paul, Bimal Kanti (7202710676); Rahman, Munshi Khaledur (37012855800); Rakshit, Bankim Chandra (37012807600)","7202710676; 37012855800; 37012807600","Post-Cyclone Sidr illness patterns in coastal Bangladesh: An empirical study","2011","Natural Hazards","56","3","","841","852","35","10.1007/s11069-010-9595-5","https://www.scopus.com/inward/record.uri?eid=2-s2.0-79951725439&doi=10.1007%2Fs11069-010-9595-5&partnerID=40&md5=076e0189bfca0a11f8fc915f9cef0bf4","Kluwer Academic Publishers","Article","Final","","Scopus","2-s2.0-79951725439"
"Ganz, D.; Sher, L.","Ganz, Debora (35102024400); Sher, Leo M.D. (7102003907)","35102024400; 7102003907","Comorbid features of suicidal behavior, depression and alcohol abuse","2010","","","","","497","511","1","","https://www.scopus.com/inward/record.uri?eid=2-s2.0-84870010451&partnerID=40&md5=73d1a187ab0ded05ec9cf66d85af946a","Nova Science Publishers, Inc.","Book chapter","Final","","Scopus","2-s2.0-84870010451"
"Nomura, A.; Honda, S.; Hayakawa, H.; Amarasinghe, S.; Aoyagi, K.","Nomura, Ayumi (57205830526); Honda, Sumihisa (7402362145); Hayakawa, Hajime (45761104300); Amarasinghe, Sarath (57196751886); Aoyagi, Kiyoshi (7202825260)","57205830526; 7402362145; 45761104300; 57196751886; 7202825260","Post-traumatic stress disorder among senior victims of tsunami-affected areas in southern Sri Lanka","2010","Acta Medica Nagasakiensia","55","1","","41","46","8","","https://www.scopus.com/inward/record.uri?eid=2-s2.0-79960131778&partnerID=40&md5=d379af3ec1369fdfd90168ea8cc73c7b","","Article","Final","","Scopus","2-s2.0-79960131778"
"Tang, T.-C.; Yen, C.-F.; Cheng, C.-P.; Yang, P.; Chen, C.-S.; Yang, R.-C.; Huang, M.-S.; Jong, Y.-J.; Yu, H.-S.","Tang, Tze Chun (10439660400); Yen, Chengfang (7202149068); Cheng, Chung-Ping (56603481300); Yang, Pincheng Chen (7403932138); Chen, Chengsheng (35728420900); Yang, Rei Cheng (34868781800); Huang, Mingshyan (56440518700); Jong, Yuh Jyh (57223677748); Yu, Hsinsu (7405854653)","10439660400; 7202149068; 56603481300; 7403932138; 35728420900; 34868781800; 56440518700; 57223677748; 7405854653","Suicide risk and its correlate in adolescents who experienced typhoon-induced mudslides: A structural equation model","2010","Depression and Anxiety","27","12","","1143","1148","59","10.1002/da.20748","https://www.scopus.com/inward/record.uri?eid=2-s2.0-78650033578&doi=10.1002%2Fda.20748&partnerID=40&md5=cdcc778b8bf8ac525c6fd1373cb05d80","","Article","Final","","Scopus","2-s2.0-78650033578"
"Khan, M.M.","Khan, Murad Moosa (7410315009)","7410315009","Commentary: When the cameras disappear: Acute stress and suicide","2010","International Journal of Epidemiology","39","6","dyq242","1484","1485","1","10.1093/ije/dyq242","https://www.scopus.com/inward/record.uri?eid=2-s2.0-78649795822&doi=10.1093%2Fije%2Fdyq242&partnerID=40&md5=d5d8f0e5d5d0e63ff706d730e1c7cca2","","Note","Final","All Open Access; Bronze Open Access","Scopus","2-s2.0-78649795822"
"Hyodo, K.; Nakamura, K.; Oyama, M.; Yamazaki, O.; Nakagawa, I.; Ishigami, K.; Tsuchiya, Y.; Yamamoto, M.","Hyodo, Keiko (23135427900); Nakamura, Kazutoshi (7406772257); Oyama, Mari (57203380097); Yamazaki, Osamu (35313134900); Nakagawa, Izumi (35311589600); Ishigami, Kazuo (15019497000); Tsuchiya, Yasuo (35325707100); Yamamoto, Masaharu (36047887900)","23135427900; 7406772257; 57203380097; 35313134900; 35311589600; 15019497000; 35325707100; 36047887900","Long-term suicide mortality rates decrease in men and increase in women after the Niigata-Chuetsu Earthquake in Japan","2010","Tohoku Journal of Experimental Medicine","220","2","","149","155","37","10.1620/tjem.220.149","https://www.scopus.com/inward/record.uri?eid=2-s2.0-77949426272&doi=10.1620%2Ftjem.220.149&partnerID=40&md5=3db43a509ed861a53404ec60d3b92547","","Article","Final","All Open Access; Bronze Open Access","Scopus","2-s2.0-77949426272"
"Schiraldi, G.R.; Jackson, T.K.; Brown, S.L.; Jordan, J.B.","Schiraldi, Glenn R. (6701789655); Jackson, Theresa K. (37026184000); Brown, Stephen L. (55757780684); Jordan, Jessica B. (59287526000)","6701789655; 37026184000; 55757780684; 59287526000","Resilience training for functioning adults: Program description and preliminary findings from a pilot investigation","2010","International Journal of Emergency Mental Health","12","2","","117","130","15","","https://www.scopus.com/inward/record.uri?eid=2-s2.0-78649413496&partnerID=40&md5=d176a3565d81af6fe91f46280852cc07","","Article","Final","","Scopus","2-s2.0-78649413496"
"Henstra, D.","Henstra, Daniel (15727921600)","15727921600","Evaluating local government emergency management programs: What framework should public managers adopt?","2010","Public Administration Review","70","2","","236","246","149","10.1111/j.1540-6210.2010.02130.x","https://www.scopus.com/inward/record.uri?eid=2-s2.0-77949514367&doi=10.1111%2Fj.1540-6210.2010.02130.x&partnerID=40&md5=0a2bdb9909826c60fa25eb920f8d7efd","","Article","Final","All Open Access; Bronze Open Access","Scopus","2-s2.0-77949514367"
"Barr, W.","Barr, Wally (56260344700)","56260344700","They also serve who only stand and wait: Suicide in wartime civilian populations","2010","","","","","63","72","0","","https://www.scopus.com/inward/record.uri?eid=2-s2.0-85048653687&partnerID=40&md5=5aa9be194a9892b9bf76a6d572e19184","Nova Science Publishers, Inc.","Book chapter","Final","","Scopus","2-s2.0-85048653687"
"Zebrowski, E.; Howard, J.A.","Zebrowski, Ernest (57675527700); Howard, Judith A. (56382580900)","57675527700; 56382580900","Category 5: The story of camille lessons unlearned from America's most violent hurricane","2010","","9780472025879","","","1","276","18","","https://www.scopus.com/inward/record.uri?eid=2-s2.0-84917664824&partnerID=40&md5=22e4a32aee35a948e8afb6861c248087","University of Michigan Press","Book","Final","","Scopus","2-s2.0-84917664824"
"Horseman, A.M.; MacKenzie, A.R.; Chipperfield, M.P.","Horseman, Andrew M. (24778163100); MacKenzie, A. Rob (7202711754); Chipperfield, Martyn P. (7004402705)","24778163100; 7202711754; 7004402705","Tracers and traceability: Implementing the cirrus parameterisation from LACM in the TOMCAT/SLIMCAT chemistry transport model as an example of the application of quality assurance to legacy models","2010","Geoscientific Model Development","3","1","","189","203","0","10.5194/gmd-3-189-2010","https://www.scopus.com/inward/record.uri?eid=2-s2.0-84891561777&doi=10.5194%2Fgmd-3-189-2010&partnerID=40&md5=2c5859cf594f3819e7c980ed9e044fb5","Copernicus GmbH info@copernicus.org","Article","Final","All Open Access; Gold Open Access","Scopus","2-s2.0-84891561777"
"Bonanno, G.A.; Brewin, C.R.; Kaniasty, K.; la Greca, A.M.","Bonanno, George A. (7101685888); Brewin, Chris Ray (7006656085); Kaniasty, Krzysztof Z. (6603617624); la Greca, Annette Marie (7006768841)","7101685888; 7006656085; 6603617624; 7006768841","Weighing the costs of disaster: Consequences, risks, and resilience in individuals, families, and communities","2010","Psychological Science in the Public Interest","11","1","","1","49","1047","10.1177/1529100610387086","https://www.scopus.com/inward/record.uri?eid=2-s2.0-79953239958&doi=10.1177%2F1529100610387086&partnerID=40&md5=612dcc0152b13b288d99974dace9b718","","Article","Final","","Scopus","2-s2.0-79953239958"
"McMichael, A.J.; Ranmuthugala, G.","McMichael, Anthony J. (57203046736); Ranmuthugala, Geetha (8855540100)","57203046736; 8855540100","Global Climate Change and Human Health","2009","Globalization and Health","","","","","","0","10.1093/acprof:oso/9780195172997.003.0005","https://www.scopus.com/inward/record.uri?eid=2-s2.0-84920429655&doi=10.1093%2Facprof%3Aoso%2F9780195172997.003.0005&partnerID=40&md5=b0b5e1a57f27e9603c2b7e76e01afe97","Oxford University Press","Book chapter","Final","All Open Access; Gold Open Access","Scopus","2-s2.0-84920429655"
"Phillips, B.D.; Fordham, M.","Phillips, Brenda D. (14323847800); Fordham, Maureen H. (53263569800)","14323847800; 53263569800","Introduction","2009","","","","","1","23","14","","https://www.scopus.com/inward/record.uri?eid=2-s2.0-85083631466&partnerID=40&md5=e7b5613fb6ad8fa8d6c8b8542c070457","Taylor and Francis","Editorial","Final","","Scopus","2-s2.0-85083631466"
"Ganz, D.; Sher, L.","Ganz, Debora (35102024400); Sher, Leo M.D. (7102003907)","35102024400; 7102003907","Suicidal behavior in adolescents with comorbid depression and alcohol abuse","2009","Minerva Pediatrica","61","3","","333","347","33","","https://www.scopus.com/inward/record.uri?eid=2-s2.0-67749093210&partnerID=40&md5=1ace132d890c0276d98aa8194e5bd1d0","","Review","Final","","Scopus","2-s2.0-67749093210"
"Rodrigo, A.; McQjillin, A.; Pimm, J.","Rodrigo, Asiri (7005923018); McQjillin, Andrew (26537724300); Pimm, Jonathan (57205450168)","7005923018; 26537724300; 57205450168","Effect of the 2004 tsunami on suicide rates in Sri Lanka","2009","Psychiatric Bulletin","33","5","","179","180","16","10.1192/pb.bp.108.020743","https://www.scopus.com/inward/record.uri?eid=2-s2.0-65649143919&doi=10.1192%2Fpb.bp.108.020743&partnerID=40&md5=30ffaa1149ba2c5cecb24b7a18daf68e","","Article","Final","All Open Access; Hybrid Gold Open Access","Scopus","2-s2.0-65649143919"
"Nishio, A.; Akazawa, K.; Shibuya, F.; Abe, R.; Nushida, H.; Ueno, Y.; Nishimura, A.; Shioiri, T.","Nishio, Akihiro (56511379800); Akazawa, Kouhei (55656563100); Shibuya, Futoshi (26422576700); Abe, Ryo (36784752900); Nushida, Hideyuki (6603390655); Ueno, Yasuhiro (35430726500); Nishimura, Akiyoshi (7201525090); Shioiri, Toshiki (55930584100)","56511379800; 55656563100; 26422576700; 36784752900; 6603390655; 35430726500; 7201525090; 55930584100","Influence on the suicide rate two years after a devastating disaster: A report from the 1995 Great Hanshin-Awaji Earthquake","2009","Psychiatry and Clinical Neurosciences","63","2","","247","250","60","10.1111/j.1440-1819.2009.01942.x","https://www.scopus.com/inward/record.uri?eid=2-s2.0-62949216953&doi=10.1111%2Fj.1440-1819.2009.01942.x&partnerID=40&md5=4e9260753c7df39a48a124cd1ee5f146","","Article","Final","","Scopus","2-s2.0-62949216953"
"Keim, M.E.","Keim, Mark E. (7006026197)","7006026197","Building Human Resilience. The Role of Public Health Preparedness and Response As an Adaptation to Climate Change","2008","American Journal of Preventive Medicine","35","5","","508","516","342","10.1016/j.amepre.2008.08.022","https://www.scopus.com/inward/record.uri?eid=2-s2.0-53249107627&doi=10.1016%2Fj.amepre.2008.08.022&partnerID=40&md5=fb57796c94a2e96727d362043c202a02","","Review","Final","","Scopus","2-s2.0-53249107627"
"Aten, J.D.; Madson, M.B.; Rice, A.; Chamberlain, A.K.","Aten, Jamie D. (16244056300); Madson, Michael B. (6603781794); Rice, Alon (52763789100); Chamberlain, Amy K. (57225815788)","16244056300; 6603781794; 52763789100; 57225815788","Postdisaster Supervisor Strategies for Promoting Supervisee Self-Care: Lessons Learned From Hurricane Katrina","2008","Training and Education in Professional Psychology","2","2","","75","82","10","10.1037/1931-3918.2.2.75","https://www.scopus.com/inward/record.uri?eid=2-s2.0-51349120551&doi=10.1037%2F1931-3918.2.2.75&partnerID=40&md5=b37d5a1ddd5a497f2b3040ddb0cabe4f","","Article","Final","","Scopus","2-s2.0-51349120551"
"Lahad, M.","Lahad, Mooli (6506506196)","6506506196","Post traumatic responses in disasters: A community perspective","2008","","","","","33","46","5","","https://www.scopus.com/inward/record.uri?eid=2-s2.0-77954677937&partnerID=40&md5=3a0a703d788b7bc9b8557a8de4b6505e","Nova Science Publishers, Inc.","Book chapter","Final","","Scopus","2-s2.0-77954677937"
"Howard, J.A.","Howard, Judith A. (24537045800)","24537045800","Home at the mouth of the Mississippi","2008","Southern Cultures","14","2","","69","88","0","10.1353/scu.0.0003","https://www.scopus.com/inward/record.uri?eid=2-s2.0-60950549700&doi=10.1353%2Fscu.0.0003&partnerID=40&md5=2a8222e173c6fc301c54dafb1de982aa","University of North Carolina Press john_mcleod@unc.edu","Review","Final","","Scopus","2-s2.0-60950549700"
"Liaw, Y.-P.; Wang, P.-W.; Huang, C.-C.; Chang, C.-M.; Lee, W.-C.","Liaw, Yung Po (7202451037); Wang, Powen (56141832600); Huang, Chiuchin (55552046300); Chang, Chiaming (57154860600); Lee, Wen-Chung (7407090559)","7202451037; 56141832600; 55552046300; 57154860600; 7407090559","The suicide mortality rates between 1997-1998 and 2000-2001 in Nantou County of Taiwan following the earthquake of September 21 in 1999","2008","Journal of Forensic Sciences","53","1","","199","202","17","10.1111/j.1556-4029.2008.00592.x","https://www.scopus.com/inward/record.uri?eid=2-s2.0-39049120752&doi=10.1111%2Fj.1556-4029.2008.00592.x&partnerID=40&md5=1b9ec977acdec5fad6ca60f35da2abb9","","Article","Final","","Scopus","2-s2.0-39049120752"
"Ekşi, A.; Braun, K.L.; Ertem-Vehid, H.; Peykerli, G.; Bahçıvan Saydam, R.; Toparlak, D.; Alyanak, B.","Ekşi, Aysel (21833413300); Braun, Kathryn Lenzner (7103287615); Ertem-Vehid, Hayriye (15070295500); Peykerli, Gulcan (21834601000); Bahçıvan Saydam, Reyhan (12754166100); Toparlak, Derya (6507778746); Alyanak, Behiye (6506163620)","21833413300; 7103287615; 15070295500; 21834601000; 12754166100; 6507778746; 6506163620","Risk factors for the development of PTSD and depression among child and adolescent victims following a 7.4 magnitude earthquake","2007","International Journal of Psychiatry in Clinical Practice","11","3","","190","199","90","10.1080/13651500601017548","https://www.scopus.com/inward/record.uri?eid=2-s2.0-34548815687&doi=10.1080%2F13651500601017548&partnerID=40&md5=9f458a25a97259efd56cd591009e11b2","","Article","Final","","Scopus","2-s2.0-34548815687"
"Rezaeian, M.","Rezaeian, Mohsen (15053682700)","15053682700","Epidemiological approaches to disasters and emergencies within the Middle East region","2007","Middle East Journal of Emergency Medicine","7","2","","54","56","2","","https://www.scopus.com/inward/record.uri?eid=2-s2.0-38549172111&partnerID=40&md5=23a7f4ad2ca91985beab12a132476547","","Review","Final","","Scopus","2-s2.0-38549172111"
"Coleman, L.; Helsloot, I.","Coleman, Les (56220781200); Helsloot, Ira (12783254200)","56220781200; 12783254200","On the need for quantifying corporate crises and other man-made disasters","2007","Journal of Contingencies and Crisis Management","15","3","","119","122","4","10.1111/j.1468-5973.2007.00520.x","https://www.scopus.com/inward/record.uri?eid=2-s2.0-34548010784&doi=10.1111%2Fj.1468-5973.2007.00520.x&partnerID=40&md5=16e3acc9e3cc9dab587a72f8548aefe6","","Editorial","Final","","Scopus","2-s2.0-34548010784"
"Benmelech, E.; Berrebi, C.","Benmelech, Efraim (23003701200); Berrebi, Claude (56287561000)","23003701200; 56287561000","Human capital and the productivity of suicide bombers","2007","Journal of Economic Perspectives","21","3","","223","238","120","10.1257/jep.21.3.223","https://www.scopus.com/inward/record.uri?eid=2-s2.0-36248940339&doi=10.1257%2Fjep.21.3.223&partnerID=40&md5=8e2a4fcbb06bff8b50c87c5af319b6cd","","Review","Final","","Scopus","2-s2.0-36248940339"
"Larrance, R.; Anastario, M.; Lawry, L.","Larrance, Ryan (16239419300); Anastario, Michael P. (23501460000); Lawry, Lynn L. (19337299300)","16239419300; 23501460000; 19337299300","Health Status Among Internally Displaced Persons in Louisiana and Mississippi Travel Trailer Parks","2007","Annals of Emergency Medicine","49","5","","590","e12","86","10.1016/j.annemergmed.2006.12.004","https://www.scopus.com/inward/record.uri?eid=2-s2.0-34247337332&doi=10.1016%2Fj.annemergmed.2006.12.004&partnerID=40&md5=4274cc28556b7b3ec36ff499868ce181","Mosby Inc.","Article","Final","","Scopus","2-s2.0-34247337332"
"Helminen, M.; Saarela, E.; Salmela, J.","Helminen, Merja E. (6603805316); Saarela, Elina (37001305000); Salmela, J. (49762058400)","6603805316; 37001305000; 49762058400","Characterisation of patients treated at the Red Cross field hospital in Kashmir during the first three weeks of operation","2006","Emergency Medicine Journal","23","8","","654","656","42","10.1136/emj.2006.036012","https://www.scopus.com/inward/record.uri?eid=2-s2.0-33748072742&doi=10.1136%2Femj.2006.036012&partnerID=40&md5=c9b9a6b90605113cb1ec948c8b0c0e47","","Article","Final","All Open Access; Bronze Open Access; Green Accepted Open Access; Green Open Access","Scopus","2-s2.0-33748072742"
"Nishikiori, N.; Abe, T.; Costa, D.G.M.; Dharmaratne, S.D.; Kunii, O.; Moji, K.","Nishikiori, Nobuyuki (12345159600); Abe, Tomoko (36965920600); Costa, Dehiwala G.M. (12345012600); Dharmaratne, Samath Dhamminda (57216324802); Kunii, Osamu (7005674587); Moji, Kazuhiko (7003508343)","12345159600; 36965920600; 12345012600; 57216324802; 7005674587; 7003508343","Who died as a result of the tsunami? - Risk factors of mortality among internally displaced persons in Sri Lanka: A retrospective cohort analysis","2006","BMC Public Health","6","","73","","","78","10.1186/1471-2458-6-73","https://www.scopus.com/inward/record.uri?eid=2-s2.0-33645800221&doi=10.1186%2F1471-2458-6-73&partnerID=40&md5=31e88248f9abd2ffe153e33f1e068180","","Review","Final","All Open Access; Gold Open Access; Green Accepted Open Access; Green Open Access","Scopus","2-s2.0-33645800221"
"Dolan, M.A.; Krug, S.E.","Dolan, Margaret A. (7202585868); Krug, Steven E. (7006277374)","7202585868; 7006277374","Pediatric disaster preparedness in the wake of Katrina: Lessons to be learned","2006","Clinical Pediatric Emergency Medicine","7","1","","59","66","37","10.1016/j.cpem.2006.01.004","https://www.scopus.com/inward/record.uri?eid=2-s2.0-33644972245&doi=10.1016%2Fj.cpem.2006.01.004&partnerID=40&md5=d5efa3e0785e40e012ebdc55baa47f74","","Article","Final","","Scopus","2-s2.0-33644972245"
"Keim, M.E.","Keim, Mark E. (7006026197)","7006026197","Cyclones, tsunamis, and human health: The key role of preparedness","2006","Oceanography","19","SPL.ISS. 2","","40","49","27","10.5670/oceanog.2006.62","https://www.scopus.com/inward/record.uri?eid=2-s2.0-35948956790&doi=10.5670%2Foceanog.2006.62&partnerID=40&md5=c0585d34926ddc44d195dc3762a90b62","Oceanography Society info@tos.org","Article","Final","All Open Access; Hybrid Gold Open Access","Scopus","2-s2.0-35948956790"
"ESKIN, M.; Akoǧlu, A.; Uygur, B.","ESKIN, MEHMET (6701646872); Akoǧlu, Aybars (15764311200); Uygur, Bülent (56702975700)","6701646872; 15764311200; 56702975700","Traumatic life events and problem solving skills in psychiatric outpatients: Their relationships with suicidal behavior","2006","Turk Psikiyatri Dergisi","17","4","","","","19","","https://www.scopus.com/inward/record.uri?eid=2-s2.0-33845989103&partnerID=40&md5=6a2d4d58651fe678c063eee5fcaeb94e","Turkish Association of Nervous and Mental Health","Article","Final","","Scopus","2-s2.0-33845989103"
"Sandil, R.","Sandil, Riddhi (14822594600)","14822594600","Cognitive behavioral therapy for adolescent depression: Implications for Asian immigrants in the United States of America","2006","Journal of Child and Adolescent Mental Health","18","1","","27","32","5","10.2989/17280580609486615","https://www.scopus.com/inward/record.uri?eid=2-s2.0-33747638715&doi=10.2989%2F17280580609486615&partnerID=40&md5=d081a1170576a8b9b5996285cba1faf7","NISC Pty Ltd","Article","Final","","Scopus","2-s2.0-33747638715"
"Yang, C.-H.; Xirasagar, S.; Huang, H.-C.; Huang, Y.-T.; Lin, H.-C.","Yang, Cheming (10143153800); Xirasagar, Sudha (6603009045); Huang, Chungchien (13404770000); Huang, Yutung Tung Anton (57118426900); Lin, Herngching (8588057800)","10143153800; 6603009045; 13404770000; 57118426900; 8588057800","Suicide trends following the Taiwan earthquake of 1999: Empirical evidence and policy implications","2005","Acta Psychiatrica Scandinavica","112","6","","442","448","50","10.1111/j.1600-0447.2005.00603.x","https://www.scopus.com/inward/record.uri?eid=2-s2.0-27944467899&doi=10.1111%2Fj.1600-0447.2005.00603.x&partnerID=40&md5=91cbf9ca8076f36ec5d30fe03e1ae456","","Article","Final","","Scopus","2-s2.0-27944467899"
"Li, X.-L.; Tan, H.-Z.; Li, S.-Q.; Zhou, J.; Liu, A.-Z.; Yang, T.-B.; Sun, Z.-Q.","Li, Xingli (8905026300); Tan, Hongzhuan (8248823300); Li, Shuoqi (27168381900); Zhou, Jia (35228239600); Liu, Aizhong (8215139700); Yang, Tubao (7404656209); Sun, Zhenqiu (13004973500)","8905026300; 8248823300; 27168381900; 35228239600; 8215139700; 7404656209; 13004973500","Years of potential life of residents among different flood areas in Hunan province","2005","Journal of Central South University (Medical Sciences)","30","4","","390","393","0","","https://www.scopus.com/inward/record.uri?eid=2-s2.0-25444456931&partnerID=40&md5=2ef1f5abe413afe9bc194b3f0d598a18","","Article","Final","","Scopus","2-s2.0-25444456931"
"Ahern, M.; Kovats, R.S.; Wilkinson, P.; Few, R.; Matthies, F.","Ahern, Mike (7101894926); Kovats, Sari R. (57206360561); Wilkinson, Paul D. (7201434649); Few, Roger (6603435108); Matthies, Franziska (12142577900)","7101894926; 57206360561; 7201434649; 6603435108; 12142577900","Global health impacts of floods: Epidemiologic evidence","2005","Epidemiologic Reviews","27","","","36","46","628","10.1093/epirev/mxi004","https://www.scopus.com/inward/record.uri?eid=2-s2.0-21244490086&doi=10.1093%2Fepirev%2Fmxi004&partnerID=40&md5=25c8480e0078909c7721fed38226d652","","Article","Final","All Open Access; Bronze Open Access","Scopus","2-s2.0-21244490086"
"Shultz, J.M.; Russell, J.; Espinel, Z.","Shultz, James M. (57816685800); Russell, Jill (55458568700); Espinel, Zelde (8503298200)","57816685800; 55458568700; 8503298200","Epidemiology of tropical cyclones: The dynamics of disaster, disease, and development","2005","Epidemiologic Reviews","27","","","21","35","294","10.1093/epirev/mxi011","https://www.scopus.com/inward/record.uri?eid=2-s2.0-21244488274&doi=10.1093%2Fepirev%2Fmxi011&partnerID=40&md5=b2be2c42e99b0b5442e9e701c8c7c9b0","","Review","Final","All Open Access; Bronze Open Access","Scopus","2-s2.0-21244488274"
"Ichimura, A.; Matsumoto, H.; Kimura, T.; Okuyama, T.; Watanabe, T.; Nakagawa, Y.; Yamamoto, I.; Inokuchi, S.; Hosaka, T.","Ichimura, Atshushi (26661139100); Matsumoto, Hideo (55612119200); Kimura, Tomoaki (58388357800); Okuyama, Toru (34572640400); Watanabe, Toshiyuki (57199876646); Nakagawa, Yoshihide (10540790100); Yamamoto, Isotoshi (7402789838); Inokuchi, Sadaki (7006725685); Hosaka, Takashi (7102020633)","26661139100; 55612119200; 58388357800; 34572640400; 57199876646; 10540790100; 7402789838; 7006725685; 7102020633","Changes in mental disorder distribution among suicide attempters in mid-west area of Kanagawa","2005","Psychiatry and Clinical Neurosciences","59","2","","113","118","7","10.1111/j.1440-1819.2005.01344.x","https://www.scopus.com/inward/record.uri?eid=2-s2.0-17144389018&doi=10.1111%2Fj.1440-1819.2005.01344.x&partnerID=40&md5=b7b183f0fd394b13c7dcbe9fe53e6589","","Review","Final","All Open Access; Bronze Open Access","Scopus","2-s2.0-17144389018"
"Street, R.; Maarouf, A.; Jones-Otazo, H.","Street, Roger Brian (25648428700); Maarouf, Abdel R. (6701664212); Jones-Otazo, Heather A. (9042615100)","25648428700; 6701664212; 9042615100","Extreme weather and climate events implications for public health","2005","","","","","161","190","5","10.1201/b17008-10","https://www.scopus.com/inward/record.uri?eid=2-s2.0-42649122827&doi=10.1201%2Fb17008-10&partnerID=40&md5=97116813015dbed08f75d03145e0d031","CRC Press","Book chapter","Final","","Scopus","2-s2.0-42649122827"
"Henstra, D.; McBean, G.","Henstra, Daniel (15727921600); McBean, Gordon A. (56840368700)","15727921600; 56840368700","Canadian disaster management policy: Moving toward a paradigm shift?","2005","Canadian Public Policy","31","3","","303","318","51","10.2307/3552443","https://www.scopus.com/inward/record.uri?eid=2-s2.0-27844611211&doi=10.2307%2F3552443&partnerID=40&md5=43707ddd291d562f71239d99701ac2f8","University of Toronto Press Inc.","Article","Final","","Scopus","2-s2.0-27844611211"
"Abe, R.; Shioiri, T.; Nishimura, A.; Nushida, H.; Ueno, Y.; Kojima, M.; Kitamura, H.; Akazawa, K.; Someya, T.","Abe, Ryo (36784752900); Shioiri, Toshiki (55930584100); Nishimura, Akiyoshi (7201525090); Nushida, Hideyuki (6603390655); Ueno, Yasuhiro (35430726500); Kojima, Maki (57198673498); Kitamura, Hideaki (7201652857); Akazawa, Kohei (57572334100); Someya, Toshiyuki (55497528100)","36784752900; 55930584100; 7201525090; 6603390655; 35430726500; 57198673498; 7201652857; 57572334100; 55497528100","Economic slump and suicide method: Preliminary study in Kobe","2004","Psychiatry and Clinical Neurosciences","58","2","","213","216","27","10.1111/j.1440-1819.2003.01219.x","https://www.scopus.com/inward/record.uri?eid=2-s2.0-1842634995&doi=10.1111%2Fj.1440-1819.2003.01219.x&partnerID=40&md5=d264b2e7f71edc85113107bf059a94fa","","Article","Final","All Open Access; Bronze Open Access","Scopus","2-s2.0-1842634995"
"Merz, B.; Thieken, A.H.","Merz, Bruno (7102395993); Thieken, Annegret H. (8636527400)","7102395993; 8636527400","Flood risk analysis: Concepts and challenges; Hochwasserrisikoanalyse: Konzepte und herausforderungen","2004","Osterreichische Wasser- und Abfallwirtschaft","56","3-4","","27","34","64","","https://www.scopus.com/inward/record.uri?eid=2-s2.0-2142768441&partnerID=40&md5=12e87cc70e2e9ffa5666e2226791427c","","Article","Final","","Scopus","2-s2.0-2142768441"
"Coleman, L.","Coleman, Les (56220781200)","56220781200","The frequency and cost of corporate crises","2004","Journal of Contingencies and Crisis Management","12","1","","2","13","25","10.1111/j.0966-0879.2004.01201002.x","https://www.scopus.com/inward/record.uri?eid=2-s2.0-1842853908&doi=10.1111%2Fj.0966-0879.2004.01201002.x&partnerID=40&md5=b2d3cf87b8bb76cf40d20c0e6884eff7","","Article","Final","","Scopus","2-s2.0-1842853908"
"Colbeau-Justin, L.; Mauriol, M.","Colbeau-Justin, Ludvina (55516414800); Mauriol, Max (55516797300)","55516414800; 55516797300","The earthquake of January 2001: Strengths and weaknesses in the social response","2004","Special Paper of the Geological Society of America","375","","","445","452","2","10.1130/0-8137-2375-2.445","https://www.scopus.com/inward/record.uri?eid=2-s2.0-84870819751&doi=10.1130%2F0-8137-2375-2.445&partnerID=40&md5=bf51ac25008199552d4d5a48d2c52d73","Geological Society of America","Article","Final","","Scopus","2-s2.0-84870819751"
"Toros, F.; Gamsiz Bilgin, N.G.; Buğdaycı, R.; Şaşmaz, T.; Kurt, O.; Ankarali, H.","Toros, Fevziye (6602434859); Gamsiz Bilgin, Nursel (7006385050); Buğdaycı, Resul (6603202551); Şaşmaz, Tayyar (6506237469); Kurt, Öner (6602818484); Ankarali, Handan Çamdeviren (23134564000)","6602434859; 7006385050; 6603202551; 6506237469; 6602818484; 23134564000","Prevalence of depression as measured by the CBDI in a predominantly adolescent school population in Turkey","2004","European Psychiatry","19","5","","264","271","37","10.1016/j.eurpsy.2004.04.020","https://www.scopus.com/inward/record.uri?eid=2-s2.0-3342957445&doi=10.1016%2Fj.eurpsy.2004.04.020&partnerID=40&md5=6b9b5f6df51119e3eb2a512b1bda24f8","Elsevier Masson SAS","Article","Final","","Scopus","2-s2.0-3342957445"
"Akbiyik, D.I.; Coşkun, B.; Sümbüloǧlu, V.; Tuǧcu, H.; Sayil, I.","Akbiyik, Derya Iren (6507653129); Coşkun, Bülent (7005610444); Sümbüloǧlu, Vildan (6507877828); Tuǧcu, Handan (6602955280); Sayil, Işik (6602987283)","6507653129; 7005610444; 6507877828; 6602955280; 6602987283","The effect of earthquakes on the risk of suicide","2004","International Journal of Mental Health","33","1","","39","45","4","10.1080/00207411.2004.11043364","https://www.scopus.com/inward/record.uri?eid=2-s2.0-3242684451&doi=10.1080%2F00207411.2004.11043364&partnerID=40&md5=72687b88d4a5b716370a00382cf3e660","M.E. Sharpe Inc.","Article","Final","","Scopus","2-s2.0-3242684451"
"Merz, B.; Kreibich, H.; Thieken, A.H.; Schmidtke, R.","Merz, Bruno (7102395993); Kreibich, Heidi (8146124100); Thieken, Annegret H. (8636527400); Schmidtke, Reinhard F. (6603428943)","7102395993; 8146124100; 8636527400; 6603428943","Estimation uncertainty of direct monetary flood damage to buildings","2004","Natural Hazards and Earth System Sciences","4","1","","153","163","374","10.5194/nhess-4-153-2004","https://www.scopus.com/inward/record.uri?eid=2-s2.0-2142646035&doi=10.5194%2Fnhess-4-153-2004&partnerID=40&md5=e99b64a548999998d20dcf576c8660fc","European Geosciences Union","Article","Final","All Open Access; Gold Open Access","Scopus","2-s2.0-2142646035"
"Shoaf, K.; Sauter, C.; Bourque, L.B.; Giangreco, C.; Weiss, B.","Shoaf, Kimberley Irene (6602969880); Sauter, Cary (16639677600); Bourque, Linda Brookover (7003824673); Giangreco, Christian (16636312700); Weiss, Billie P. (56904492700)","6602969880; 16639677600; 7003824673; 16636312700; 56904492700","Suicides in Los Angeles County in relation to the Northridge earthquake","2004","Prehospital and Disaster Medicine","19","4","","307","310","34","10.1017/S1049023X0000193X","https://www.scopus.com/inward/record.uri?eid=2-s2.0-13744249409&doi=10.1017%2FS1049023X0000193X&partnerID=40&md5=4791e4cb6a7d009e5001c5a6b3d99597","Cambridge University Press Journals_subscriptions@cup.cam.ac.uk","Article","Final","","Scopus","2-s2.0-13744249409"
"Chou, Y.-J.; Huang, N.; Lee, C.-H.; Tsai, S.-L.; Tsay, J.-H.; Chen, L.-S.; Chou, P.","Chou, Yiing Jeng (7403210523); Huang, Nicole (7402533028); Lee, Chenghua (26024315700); Tsai, Shuling (7403478541); Tsay, Jen-Huoy Huoy (7103196541); Chen, Longshen (7409444635); Chou, Pesus Chou (7201966333)","7403210523; 7402533028; 26024315700; 7403478541; 7103196541; 7409444635; 7201966333","Suicides after the 1999 Taiwan earthquake","2003","International Journal of Epidemiology","32","6","","1007","1014","82","10.1093/ije/dyg296","https://www.scopus.com/inward/record.uri?eid=2-s2.0-0346025510&doi=10.1093%2Fije%2Fdyg296&partnerID=40&md5=7dcf1ff7a75bb5e572355d03d83dac23","","Article","Final","All Open Access; Bronze Open Access","Scopus","2-s2.0-0346025510"
"Griffiths, R.; Emrys, E.; Lamb, C.F.; Eagar, S.; Smith, M.","Griffiths, Rhonda D. (7402919453); Emrys, Elisabeth (6504024655); Lamb, Cathryn Finney (7102304135); Eagar, Sandy C. (6602751130); Smith, Mitchell M. (55495907900)","7402919453; 6504024655; 7102304135; 6602751130; 55495907900","Operation safe haven: The needs of nurses caring for refugees","2003","International Journal of Nursing Practice","9","3","","183","190","14","10.1046/j.1440-172X.2003.00422.x","https://www.scopus.com/inward/record.uri?eid=2-s2.0-0043236244&doi=10.1046%2Fj.1440-172X.2003.00422.x&partnerID=40&md5=f4916e3ba5791eece567423e4cca86b7","","Article","Final","","Scopus","2-s2.0-0043236244"
"Voracek, M.; Sonneck, G.","Voracek, Martin (7003718328); Sonneck, Gernot (7004532931)","7003718328; 7004532931","Suicide after natural disasters and statistical disasters: A comment","2002","Archives of Suicide Research","6","4","","399","401","2","10.1080/13811110214529","https://www.scopus.com/inward/record.uri?eid=2-s2.0-0036998521&doi=10.1080%2F13811110214529&partnerID=40&md5=b738fe4efd3a9979d4dcea09315435a6","","Article","Final","","Scopus","2-s2.0-0036998521"
"Kozarić-Kovačić, D.; Grubišić-Ilić, M.; Grubišić, F.; Kovačić, Z.","Kozarić-Kovačić, Dragica (13806286800); Grubišić-Ilić, Mirjana (6602764266); Grubišić, Frane (6507917217); Kovačić, Zrnka (7003491813)","13806286800; 6602764266; 6507917217; 7003491813","Letter from Croatia [2]","2002","National Medical Journal of India","15","6","","356","357","7","","https://www.scopus.com/inward/record.uri?eid=2-s2.0-0036872992&partnerID=40&md5=0ebac28987a6f84c58fbcd7d7c07426f","","Letter","Final","","Scopus","2-s2.0-0036872992"
"Ribas, J.; Mora, E.; Ugas, L.; Casaus, P.; Puigdevall, M.; Péna, J.; García, X.","Ribas, Joan (57197083719); Mora, Eduard (7004286608); Ugas, Lídia (6506365230); Casaus, Pilar (57199402705); Puigdevall, Margarida (35605994700); Péna, Joan (15728398100); García, Xavier Casas (36831526900)","57197083719; 7004286608; 6506365230; 57199402705; 35605994700; 15728398100; 36831526900","Psychological and psychiatric intervention in emergencies. A psychosocial model of management; Intervención psicológica y psiquiátrica en emergencias. Propuesta de un modelo de actuación","2002","Revista de Psiquiatria de la Facultad de Medicina de Barcelona","29","4","","241","248","3","","https://www.scopus.com/inward/record.uri?eid=2-s2.0-0036736880&partnerID=40&md5=038360920fdb60f27056a4912ff7d8b0","","Article","Final","","Scopus","2-s2.0-0036736880"
"Seligson, H.A.; Shoaf, K.","Seligson, Hope A. (6603577410); Shoaf, Kimberley Irene (6602969880)","6603577410; 6602969880","Human impacts of earthquakes","2002","","","","","28","28-29","6","","https://www.scopus.com/inward/record.uri?eid=2-s2.0-84865854052&partnerID=40&md5=46f90bb2cba874f6ae0155202e6899fb","CRC Press","Book chapter","Final","","Scopus","2-s2.0-84865854052"
"Kosanović-Rajačić, B.; Begić, D.","Kosanović-Rajačić, Biljana (6507623863); Begić, Dražen (6603518437)","6507623863; 6603518437","Posttraumatic stress disorder and suicidality; Posttraumatski stresni poremećaj i suicidalnost","2002","Socijalna Psihijatrija","30","4","","216","222","2","","https://www.scopus.com/inward/record.uri?eid=2-s2.0-0036968455&partnerID=40&md5=f27b486ef47b34fd45c272fdfe1ffb55","Medicinska naklada","Article","Final","","Scopus","2-s2.0-0036968455"
"Grubiši-Ili, M.; Kozari-Kovači, D.; Grubišić, F.; Kovači, Z.","Grubiši-Ili, Mirjana (15827718800); Kozari-Kovači, Dragica (15827797800); Grubišić, Frane (6507917217); Kovači, Zrnka (15827821500)","15827718800; 15827797800; 6507917217; 15827821500","Epidemiological study of suicide in the Republic of Croatia - Comparison of war and post-war periods and areas directly and indirectly affected by war","2002","European Psychiatry","17","5","","259","264","27","10.1016/s0924-9338(02)00679-x","https://www.scopus.com/inward/record.uri?eid=2-s2.0-0036749173&doi=10.1016%2Fs0924-9338%2802%2900679-x&partnerID=40&md5=7e46c3d206be95a35bcb6bfbe91f2545","Elsevier Masson SAS","Article","Final","","Scopus","2-s2.0-0036749173"
"Bourque, L.B.; Siegel, J.M.; Shoaf, K.","Bourque, Linda Brookover (7003824673); Siegel, Judith M. (7403199004); Shoaf, Kimberley Irene (6602969880)","7003824673; 7403199004; 6602969880","Psychological distress following urban Earthquakes in California","2002","Prehospital and Disaster Medicine","17","2","","81","90","35","10.1017/S1049023X00000224","https://www.scopus.com/inward/record.uri?eid=2-s2.0-0036527578&doi=10.1017%2FS1049023X00000224&partnerID=40&md5=00f84b1e589cd7d97bb2af392604bb7f","Cambridge University Press Journals_subscriptions@cup.cam.ac.uk","Article","Final","","Scopus","2-s2.0-0036527578"
"Petrovich, B.; Tiodorovich, B.; Kocich, B.; Cvetkovich, M.; Blagojevich, L.","Petrovich, B. (6507973299); Tiodorovich, B. (6504637923); Kocich, B. (6504223825); Cvetkovich, M. (6504208911); Blagojevich, L. (6505538372)","6507973299; 6504637923; 6504223825; 6504208911; 6505538372","Influence of socio-economic crisis on epidemiological characteristic of suicide in the region of Nis (southeastern part of Serbia, Yugoslavia)","2001","European Journal of Epidemiology","17","2","","183","187","18","10.1023/A:1017909904769","https://www.scopus.com/inward/record.uri?eid=2-s2.0-0034801622&doi=10.1023%2FA%3A1017909904769&partnerID=40&md5=3238b655a0b9a0e1e288d8957fbcf6c6","","Article","Final","","Scopus","2-s2.0-0034801622"
"Yoganathan, D.; Rom, W.N.","Yoganathan, Dushana (59567895300); Rom, William N. (34573666300)","59567895300; 34573666300","Medical aspects of global warming","2001","American Journal of Industrial Medicine","40","2","","199","210","35","10.1002/ajim.1088","https://www.scopus.com/inward/record.uri?eid=2-s2.0-0034903524&doi=10.1002%2Fajim.1088&partnerID=40&md5=b974fd9ad15626b4ebd24c27e9db8d92","","Review","Final","","Scopus","2-s2.0-0034903524"
"Lin, Y.-P.","Lin, Yiping (15723618500)","15723618500","Effects of earthquakes on health","2001","Taiwan Journal of Public Health","20","2","","93","111","1","","https://www.scopus.com/inward/record.uri?eid=2-s2.0-0035322250&partnerID=40&md5=d24da0354d77c7f38384e313a11ef857","","Review","Final","","Scopus","2-s2.0-0035322250"
"Layon, A.J.; Goldfeder, B.W.; Rolfe, K.C.","Layon, Abraham Joseph (7003897196); Goldfeder, Bruce W. (6506115249); Rolfe, Kevin C. (6701656333)","7003897196; 6506115249; 6701656333","The closing and evacuation of Flagler County, Florida: Rapid emergency medical services system response to a unique problem","2001","Prehospital Emergency Care","5","1","","52","56","2","10.1080/10903120190940335","https://www.scopus.com/inward/record.uri?eid=2-s2.0-0035181990&doi=10.1080%2F10903120190940335&partnerID=40&md5=faade3149686b1fa73ceb6af5df444b3","Hanley and Belfus Inc.","Conference paper","Final","","Scopus","2-s2.0-0035181990"
"Tsai, H.-H.; Chen, M.-R.; Tsai, Y.-F.","Tsai, Hsiuhsin (7402649608); Chen, M. R. (56134603200); Tsai, Yun Fang (7402627053)","7402649608; 56134603200; 7402627053","Factors associated with depressive symptoms among the elderly living alone in a village of 921 earthquake disaster areas","2001","Tzu Chi Medical Journal","13","3","","169","175","1","","https://www.scopus.com/inward/record.uri?eid=2-s2.0-0034828278&partnerID=40&md5=f4ba1f07811f52c62ff0562dea299dc9","","Article","Final","","Scopus","2-s2.0-0034828278"
"Briere, J.; Elliott, D.","Briere, John N. (7102528219); Elliott, Diana M. (7401657068)","7102528219; 7401657068","Prevalence, characteristics, and long-term sequelae of natural disaster exposure in the general population","2000","Journal of Traumatic Stress","13","4","","661","679","211","10.1023/A:1007814301369","https://www.scopus.com/inward/record.uri?eid=2-s2.0-0033748558&doi=10.1023%2FA%3A1007814301369&partnerID=40&md5=c865e063c2a09b1c9b536aa013725bb9","","Article","Final","","Scopus","2-s2.0-0033748558"
"Geltzer, A.J.; Geltzer, A.M.B.; Dunford, R.G.; Hampson, N.B.","Geltzer, A. J. (6601971890); Geltzer, A. M B (6601971888); Dunford, Richard G. (7005247954); Hampson, Neil B. (7005140810)","6601971890; 6601971888; 7005247954; 7005140810","Effects of weather on incidence of attempted suicide by carbon monoxide poisoning","2000","Undersea and Hyperbaric Medicine","27","1","","9","14","7","","https://www.scopus.com/inward/record.uri?eid=2-s2.0-0034154362&partnerID=40&md5=4365468a04e720517e05c2f1cffba9aa","","Article","Final","","Scopus","2-s2.0-0034154362"
"Nocera, A.; Gamer, A.","Nocera, Antony (7006959297); Gamer, Alan (56372430600)","7006959297; 56372430600","Australian disaster triage: A colour maze in the Tower of Babel","2000","Australian Journal of Emergency Management","15","2","","35","40","0","","https://www.scopus.com/inward/record.uri?eid=2-s2.0-84907476695&partnerID=40&md5=24d02e4c45cd3cfa8eff802ef629341d","Australian Institute for Disaster Resilience","Article","Final","","Scopus","2-s2.0-84907476695"
"Milsten, A.","Milsten, Andrew M. (6507486983)","6507486983","Hospital responses to acute-onset disasters: A review","2000","Prehospital and Disaster Medicine","15","1","","40","53","25","10.1017/S1049023X00024900","https://www.scopus.com/inward/record.uri?eid=2-s2.0-84900330342&doi=10.1017%2FS1049023X00024900&partnerID=40&md5=8919e9cfb59bb6955dd4b9682fffcff5","Cambridge University Press Journals_subscriptions@cup.cam.ac.uk","Review","Final","","Scopus","2-s2.0-84900330342"
"Ginexi, E.M.; Weihs, K.; Simmens, S.J.; Hoyt, D.R.","Ginexi, Elizabeth M. (6602950378); Weihs, Karen L. (6701679660); Simmens, Samuel J. (7004155327); Hoyt, Dan R. (35426690700)","6602950378; 6701679660; 7004155327; 35426690700","Natural disaster and depression: A prospective investigation of reactions to the 1993 Midwest Floods","2000","American Journal of Community Psychology","28","4","","495","518","150","10.1023/A:1005188515149","https://www.scopus.com/inward/record.uri?eid=2-s2.0-0034252040&doi=10.1023%2FA%3A1005188515149&partnerID=40&md5=44610b7b006e0314bbcdd9c4d2cc5b66","","Article","Final","","Scopus","2-s2.0-0034252040"
"Weaver, J.D.; Dingman, R.L.; Morgan, J.; Hong, B.A.; North, C.S.","Weaver, John D. (56278969800); Dingman, Robert L. (57215893625); Morgan, Jane (57199037005); Hong, Barry A. (7202125868); North, Carol S. (7102686532)","56278969800; 57215893625; 57199037005; 7202125868; 7102686532","The American Red Cross Disaster Mental Health Services: Development of a cooperative, multidisciplinary service model","2000","Journal of Behavioral Health Services and Research","27","3","","314","320","24","10.1007/bf02291742","https://www.scopus.com/inward/record.uri?eid=2-s2.0-0033940823&doi=10.1007%2Fbf02291742&partnerID=40&md5=3e90e5cd3598ec9e573f7dcfdebccdf5","SAGE Publications Inc.","Review","Final","","Scopus","2-s2.0-0033940823"
"O’Shea, B.; Stokes, M.; Falvey, J.","O’Shea, Brian (57195751379); Stokes, Marjorie (57212727101); Falvey, Jane (6603178177)","57195751379; 57212727101; 6603178177","Completed suicide: An update for the general psychiatrist","2000","Irish Journal of Psychological Medicine","17","3","00587","100","105","1","10.1017/S0790966700005875","https://www.scopus.com/inward/record.uri?eid=2-s2.0-0033812526&doi=10.1017%2FS0790966700005875&partnerID=40&md5=1f56777d72aefb7e7b81df3eaa06b01f","","Review","Final","","Scopus","2-s2.0-0033812526"
"Muñoz Martínez, S.; Molina Ocaña, A.","Muñoz Martínez, Saturníno (6507370379); Molina Ocaña, Ana (6507123717)","6507370379; 6507123717","Evaluación de los efectos sanitarios a medio y largo plazo del terremoto de Hanshin Awaji de Kobe, Japón","1999","Medicina Clinica","113","13","","496","504","0","","https://www.scopus.com/inward/record.uri?eid=2-s2.0-17144473574&partnerID=40&md5=540f80dffa3e073f3521560fceaec1bb","","Article","Final","","Scopus","2-s2.0-17144473574"
"David, S.D.; Baish, S.; Morrow, B.H.","David, Sheila D. (7202343004); Baish, Sarah K. (6507582387); Morrow, Betty Hearn (17346117900)","7202343004; 6507582387; 17346117900","Uncovering the: Hidden costs of coastal hazards","1999","Environment","41","8","","10","19","9","10.1080/00139159909604784","https://www.scopus.com/inward/record.uri?eid=2-s2.0-0032844965&doi=10.1080%2F00139159909604784&partnerID=40&md5=fba795387e1bde5d0b680c4f6e0bca58","","Article","Final","","Scopus","2-s2.0-0032844965"
"Nocera, A.; Garner, A.","Nocera, Antony (7006959297); Garner, Alan A. (7103249106)","7006959297; 7103249106","Australian disaster triage: A colour maze in the Tower of Babel","1999","Australian and New Zealand Journal of Surgery","69","8","","598","602","27","10.1046/j.1440-1622.1999.01643.x","https://www.scopus.com/inward/record.uri?eid=2-s2.0-0032807055&doi=10.1046%2Fj.1440-1622.1999.01643.x&partnerID=40&md5=457e284d804d7bf9c4e0493d3a27e79d","","Conference paper","Final","","Scopus","2-s2.0-0032807055"
"Solomon, S.D.","Solomon, Susan D. (17736504400)","17736504400","Interventions for acute trauma response","1999","Current Opinion in Psychiatry","12","2","","175","180","12","10.1097/00001504-199903000-00006","https://www.scopus.com/inward/record.uri?eid=2-s2.0-0032998515&doi=10.1097%2F00001504-199903000-00006&partnerID=40&md5=9a98d6a1d8463eb1a89b38d7463d5960","","Review","Final","","Scopus","2-s2.0-0032998515"
"Morrow, B.H.","Morrow, Betty Hearn (17346117900)","17346117900","Identifying and mapping community vulnerability","1999","Disasters","23","1","","1","18","869","10.1111/1467-7717.00102","https://www.scopus.com/inward/record.uri?eid=2-s2.0-0033103106&doi=10.1111%2F1467-7717.00102&partnerID=40&md5=b76ccf5151ccd2fb6798ce53eaa72ec5","Blackwell Publishing Ltd","Article","Final","","Scopus","2-s2.0-0033103106"
"Granberg, D.; Westerberg, C.","Granberg, Donald (7004729908); Westerberg, Charles (35813587600)","7004729908; 35813587600","On abandoning life when it is least difficult","1999","Social Biology","46","1-2","","154","162","14","10.1080/19485565.1999.9988993","https://www.scopus.com/inward/record.uri?eid=2-s2.0-0033085625&doi=10.1080%2F19485565.1999.9988993&partnerID=40&md5=4629e7a9a0acd0a1231654e83f24c0d1","Society for the Study of Social Biology","Article","Final","","Scopus","2-s2.0-0033085625"
"Daniel, M.; O'Dea, K.; Rowley, K.G.; McDermot, R.; Kelly, S.","Daniel, Mark Z. (7202420971); O'Dea, Kerin O. (7006912817); Rowley, Kevin G. (36913714200); McDermot, Robyn (55443425900); Kelly, Shona J. (7401618542)","7202420971; 7006912817; 36913714200; 55443425900; 7401618542","Glycated hemoglobin as an indicator of social environmental stress among indigenous versus westernized populations","1999","Preventive Medicine","29","5","","405","413","39","10.1006/pmed.1999.0559","https://www.scopus.com/inward/record.uri?eid=2-s2.0-0032752339&doi=10.1006%2Fpmed.1999.0559&partnerID=40&md5=02780a2968bb7da667242f5c57527ac4","Academic Press Inc.","Article","Final","","Scopus","2-s2.0-0032752339"
"Mimouni, D.; Gdalevich, M.; Shpilberg, O.","Mimouni, D. (7003598874); Gdalevich, Michael (56041837900); Shpilberg, Ofer (55838589900)","7003598874; 56041837900; 55838589900","Disaster epidemiology","1998","Harefuah","135","12","","607","610","0","","https://www.scopus.com/inward/record.uri?eid=2-s2.0-0346303928&partnerID=40&md5=a2f29aab2e3cda42ac57464efaeab62a","","Article","Final","","Scopus","2-s2.0-0346303928"
"Shoaf, K.","Shoaf, Kimberley Irene (6602969880)","6602969880","Suicides after natural disasters","1998","New England Journal of Medicine","338","25","","1851","1852","3","10.1056/NEJM199806183382516","https://www.scopus.com/inward/record.uri?eid=2-s2.0-0032543551&doi=10.1056%2FNEJM199806183382516&partnerID=40&md5=776234cc73e3b9a739129b782c8a6154","Massachussetts Medical Society","Article","Final","","Scopus","2-s2.0-0032543551"
"Hodges, C.","Hodges, Craig (56382762700)","56382762700","The tyranny and triumph of distance: Disaster response planning for decentralised mental health services","1998","Australian Journal of Emergency Management","13","4","","40","43","0","","https://www.scopus.com/inward/record.uri?eid=2-s2.0-84907915151&partnerID=40&md5=d1ff7ac428867dd24ac2c73429308cf8","Australian Institute for Disaster Resilience","Article","Final","","Scopus","2-s2.0-84907915151"
"Rosewater, K.M.; Burr, B.H.","Rosewater, Karen M. (6506072554); Burr, Barbara H. (7005884686)","6506072554; 7005884686","Epidemiology, risk factors, intervention, and prevention of adolescent suicide","1998","Current Opinion in Pediatrics","10","4","","338","343","13","10.1097/00008480-199808000-00002","https://www.scopus.com/inward/record.uri?eid=2-s2.0-0031659867&doi=10.1097%2F00008480-199808000-00002&partnerID=40&md5=990c3d602c76d504333acd4b2e940ae7","Rapid Science Publishers","Review","Final","","Scopus","2-s2.0-0031659867"
