filepath,title,authors.list,source,pub.date,year,doi,cited.by
ECigUse,"Patterns and trends of dual use of e-cigarettes and cigarettes among US adults, 2015-2018",ASHLEY;ERIKSEN;HUANG;NAYAK;OWUSU;PECHACEK;WEAVER,PREVENTIVE MEDICINE REPORTS,DEC 2019,2019,10.1016/j.pmedr.2019.101009,114
ECigUse,"Radiologic, Pathologic, Clinical, and Physiologic Findings of Electronic Cigarette or Vaping Product Use-associated Lung Injury (EVALI): Evolving Knowledge and Remaining Questions",CAPORALE;HENRY;KANNE;KLEIN;KLIGERMAN;LARSEN;RAPTIS;SCHIEBLER;TAZELAAR;WEHRLI,RADIOLOGY,MAR 2020,2020,10.1148/radiol.2020192585,103
ECigUse,Dual use of electronic and conventional cigarettes is associated with higher cardiovascular risk factors in Korean men,CHEONG;KIM;LEE;LEE;PAEK;PARK;PARK;SEO,SCIENTIFIC REPORTS,MAR 27 2020,2020,10.1038/s41598-020-62545-3,87
ECigUse,Electronic Cigarette Use and the Risk of Cardiovascular Diseases,DEROUT;ECHEVERRIA;ESPINOZA;FRIEDMAN;HASAN;HIKIM;JORDAN;LAO;RIVERA;ROOS;SHAO;SINHA,FRONTIERS IN CARDIOVASCULAR MEDICINE,APR 7 2022,2022,10.3389/fcvm.2022.879726,52
ECigUse,E-Cigarette Health Harm Awareness and Discouragement: Implications for Health Communication,BAIG;BREWER;HALL;MENDEL;NOAR;RIBISL;ROHDE,NICOTINE & TOBACCO RESEARCH,JUL 2020,2020,10.1093/ntr/ntz194,43
ECigUse,"People smoke for nicotine, but lose sexual and reproductive health for tar: a narrative review on the effect of cigarette smoking on male sexuality and reproduction",CORONA;FERLIN;ISIDORI;JANNINI;MAGGI;PALLOTTI;PIVONELLO;SANSONE,JOURNAL OF ENDOCRINOLOGICAL INVESTIGATION,OCT 2020,2020,10.1007/s40618-020-01257-x,43
ECigUse,VpALI-Vaping-related Acute Lung Injury: A New Killer Around the Block,BUCHWALD;CHALMERS;DE;FUENTES;GAJIC;HAYS;KASHYAP;MORAES;VON,MAYO CLINIC PROCEEDINGS,DEC 2019,2019,10.1016/j.mayocp.2019.10.010,28
ECigUse,"Changes in Nicotine Product Use among Dual Users of Tobacco and Electronic Cigarettes: Findings from the Population Assessment of Tobacco and Health (PATH) Study, 2013-2015",GONIEWICZ;MILLER;SMITH,SUBSTANCE USE & MISUSE,APR 1 2020,2020,10.1080/10826084.2019.1710211,24
ECigUse,A scoping review of studies on the health impact of electronic nicotine delivery systems,FERRARA;HAJAT;NIAURA;POLOSA;SHANTIKUMAR;STEIN,INTERNAL AND EMERGENCY MEDICINE,JAN 2022,2022,10.1007/s11739-021-02835-4,20
ECigUse,Early Cardiovascular Risk in E-cigarette Users: the Potential Role of Metals,ACIEN;HILPERT;LOIACONO;MARTINEZ;MORATA;NAVAS;RULE;SHIMBO,CURRENT ENVIRONMENTAL HEALTH REPORTS,DEC 2020,2020,10.1007/s40572-020-00297-y,18
ECigUse,Why Is Vaping Going Up in Flames?,ALEXANDER;PEREZ,ANNALS OF THE AMERICAN THORACIC SOCIETY,MAY 2020,2020,10.1513/AnnalsATS.201910-802PS,18
ECigUse,Use of Cigarettes and E-Cigarettes and Dual Use Among Adult Employees in the US Workplace,HANNON;HARRIS;KAVA,PREVENTING CHRONIC DISEASE,FEB 2020,2020,10.5888/pcd17.190217,15
ECigUse,Prognosis after switching to electronic cigarettes following percutaneous coronary intervention: a Korean nationwide study,CHO;CHOI;CHOI;GWON;HAHN;HEO;KANG;KIM;LEE;PARK;PARK;SONG;YANG,EUROPEAN HEART JOURNAL,OCT 21 2024,2024,10.1093/eurheartj/ehae705,13
ECigUse,Re-examining the Association Between E-Cigarette Use and Myocardial Infarction: A Cautionary Tale,CRITCHER;SIEGEL,AMERICAN JOURNAL OF PREVENTIVE MEDICINE,OCT 2021,2021,10.1016/j.amepre.2021.05.003,13
ECigUse,"Comparison of the risks of combustible cigarettes, e-cigarettes, and heated tobacco products",CHO,JOURNAL OF THE KOREAN MEDICAL ASSOCIATION,FEB 2020,2020,10.5124/jkma.2020.63.2.96,13
ECigUse,Analysis of common methodological flaws in the highest cited e-cigarette epidemiology research,HAJAT;POLOSA;SELYA;STEIN,INTERNAL AND EMERGENCY MEDICINE,APR 2022,2022,10.1007/s11739-022-02967-1,11
ECigUse,Vaping Instead of Cigarette Smoking: A Panacea or Just Another Form of Cardiovascular Risk?,MIDDLEKAUFF;NAYERI,CANADIAN JOURNAL OF CARDIOLOGY,MAY 2021,2021,10.1016/j.cjca.2020.12.008,11
ECigUse,Cross-Sectional Association Between Lifetime Use of Electronic Cigarettes With or Without Marijuana and Self-Reported Past 12-Month Respiratory Symptoms as well as Lifetime Respiratory Diseases in US Adults,LI;XIE,NICOTINE & TOBACCO RESEARCH,DEC 2020,2020,10.1093/ntr/ntaa194,11
ECigUse,"Home smoking and vaping policies among US adults: results from the Population Assessment of Tobacco and Health (PATH) study, wave 3",BANSAL;DREHMER;LI;MCINTOSH;OSSIP;RAHMAN;SHI;TRAVERS;WINICKOFF;XIE,PREVENTIVE MEDICINE,OCT 2020,2020,10.1016/j.ypmed.2020.106215,11
ECigUse,Estimating the reduction in US mortality if cigarettes were largely replaced by e-cigarettes,CAMPBELL;FRY;GILLILAND;JOYCE;LEE,ARCHIVES OF TOXICOLOGY,JAN 2022,2022,10.1007/s00204-021-03180-3,9
ECigUse,A re-analysis of e-cigarette use and heart attacks in PATH wave 1 data,PLURPHANSWAT;RODU,ADDICTION,NOV 2020,2020,10.1111/add.15067,9
ECigUse,The Prevalence of Electronic Cigarette Use Among College Students of Taibah University and Symptoms of Cardiovascular Disease,ALAHMADI;ALHARBI;ALHAZMI;ALHUBAYSHI;ALZAHRANI;ALZAHRANI,JOURNAL OF THE SAUDI HEART ASSOCIATION,2023,2023,10.37616/2212-5043.1338,8
ECigUse,Main and Interactive Effects of Nicotine Product Type on Sleep Health Among Dual Combustible and E-Cigarette Users,ALFANO;GAREY;MEERS;SO;ZVOLENSKY,AMERICAN JOURNAL ON ADDICTIONS,MAR 2021,2021,10.1111/ajad.13130,8
ECigUse,"A randomized trial comparing the acute coronary, systemic, and environmental effects of electronic vaping cigarettes <i>versus</i> heat-not-bum cigarettes in smokers of combustible cigarettes undergoing invasive coronary assessment: rationale and design of the SUR-VAPES 3 trial",ABBATE;BULLEN;CARNEVALE;CASATI;CAVARRETTA;FRATI;MACRINA;MARTINELLI;MARULLO;PERUZZI;ROMAGNOLI;SCIARRETTA;TRITAPEPE;VERSACI;VISCONTI;VITALI;ZOCCAI,MINERVA CARDIOANGIOLOGICA,DEC 2020,2020,10.23736/S0026-4725.20.05181-6,7
ECigUse,Electronic Cigarettes Where There Is Smoke There Is Disease,RHEE;SALLAM;WU,JOURNAL OF THE AMERICAN COLLEGE OF CARDIOLOGY,DEC 24 2019,2019,10.1016/j.jacc.2019.10.029,7
ECigUse,Adding Data From 2015 Strengthens the Association Between E-Cigarette Use and Myocardial Infarction,ALZAHRANI;GLANTZ,AMERICAN JOURNAL OF PREVENTIVE MEDICINE,OCT 2019,2019,10.1016/j.amepre.2019.03.008,7
ECigUse,Time-varying association between cigarette and ENDS use on incident hypertension among US adults: a prospective longitudinal study,ARENBERG;BARNES;BONDARENKO;COOK;FLEISCHER;HIRSCHTICK;JEON;JIMINEZ;LEVY;MENDOZA;MEZA;PATEL,BMJ OPEN,APR 2023,2023,10.1136/bmjopen-2022-062297,6
ECigUse,An Update on Biological and Clinical Associations between E-Cigarettes and Myocardial Infarction,FAVALORO;LIPPI,SEMINARS IN THROMBOSIS AND HEMOSTASIS,JUN 2020,2020,10.1055/s-0039-3402451,6
ECigUse,Tobacco prevention education for middle school and high school educators,BAER;DOBBS;KHOUSSINE,HEALTH EDUCATION JOURNAL,FEB 2021,2021,10.1177/0017896920950344,5
ECigUse,E-cigarettes: toxicological fiasco or better than not giving up smoking?,HERING,INTERNIST,JUN 2020,2020,10.1007/s00108-020-00794-0,5
ECigUse,"Comparing E-Cigarettes and Traditional Cigarettes in Relation to Myocardial Infarction, Arrhythmias, and Sudden Cardiac Death: A Systematic Review and Meta-Analysis",ABDELKADER;ALHEJAILI;ALMAGHARBEH;ALSHAHRANI;ALSHARAWNEH;ASLANOGLU;ELSHATARAT;ELTAYEB;KHRAIM;SALEH;SOBEH;YACOUB,BIOLOGICAL RESEARCH FOR NURSING,JAN 2025,2025,10.1177/10998004241287782,4
ECigUse,Electronic Cigarette Use and Myocardial Infarction,ALZAHRANI,CUREUS JOURNAL OF MEDICAL SCIENCE,NOV 6 2023,2023,10.7759/cureus.48402,4
ECigUse,Electronic cigarettes: A narrative review of the implications for the pediatric anesthesiologist,BAKER;LEMAY;MCROBBIE,PEDIATRIC ANESTHESIA,JUN 2020,2020,10.1111/pan.13885,4
ECigUse,Electronic Cigarette Explosion and Burn Injuries,BARNETT;EMECHEBE;GIMM;LIVINGSTON;ROSSHEIM;SOULE;THOMBS,TOBACCO REGULATORY SCIENCE,MAY 2020,2020,10.18001/TRS.6.3.2,3
ECigUse,What we know from the harmful effects of e-cigarettes?,BELA;LASZLO;NAGY,ORVOSI HETILAP,NOV 2019,2019,10.1556/650.2019.31567,3
ECigUse,Pain Interference Among Adult Dual Combustible and Electronic Tobacco Users in Terms of Perceived Barriers for Quitting,BAKHSHAIE;BIZIER;DITRE;GAREY;NIZIO;REDMOND;ROGERS;SMIT;ZVOLENSKY,EXPERIMENTAL AND CLINICAL PSYCHOPHARMACOLOGY,FEB 2024,2024,10.1037/pha0000660,2
ECigUse,Response: Risk Is Not Causation,DESAI;PAREKH,AMERICAN JOURNAL OF PREVENTIVE MEDICINE,JUN 2020,2020,10.1016/j.amepre.2020.01.026,2
ECigUse,Association between Combustible Cigarettes and Noncombustible Nicotine or Tobacco Products and Generalized Anxiety Disorder Based on Data from the 8th Korea National Health and Nutrition Examination Survey 2021,CHO;CHOI;HA;KIM;KIM;LEE;PARK;PARK;SHIN,KOREAN JOURNAL OF FAMILY MEDICINE,NOV 2024,2024,10.4082/kjfm.23.0172,1
ECigUse,"Questionable Effects of Electronic Cigarette Use on Cardiovascular Diseases From the National Health Interview Survey (NHIS, 2014-2021)",PLURPHANSWAT;RODU;SELYA,CUREUS JOURNAL OF MEDICAL SCIENCE,MAR 28 2024,2024,10.7759/cureus.57119,1
ECigUse,Oral health literacy status among adult population of Iran: A systematic review,ABDOLLAHI;PEYMAN;TONEKABONI,JOURNAL OF HEALTH LITERACY,WIN 2023,2023,10.22038/jhl.2023.69935.1379,1
ECigUse,Understanding the Impact of Flavors on Vaping and Nicotine Addiction-Related Behaviors,HENDERSON;OLSZEWSKI;QUARSHIE;TETTEH,CURRENT BEHAVIORAL NEUROSCIENCE REPORTS,DEC 2022,2022,10.1007/s40473-022-00253-0,1
ECigUse,The proper approach to assessing the impact of the fact that e-cigarettes were not available before 2007,BHATTA;GLANTZ,ADDICTION,NOV 2020,2020,10.1111/add.15103,1
ECigUse,Long-term cardiovascular risk of e-cigarettes,DAIBER;MUENZEL;SCHMIDT,EUROPEAN HEART JOURNAL,APR 14 2020,2020,10.1093/eurheartj/ehaa079,1
ECigUse,"RETRACTION: Electronic Cigarette Use and Myocardial Infarction Among Adults in the US Population Assessment of Tobacco and Health (Retraction of Vol 8, art no E012317, 2019)",BHATTA;GLANTZ,JOURNAL OF THE AMERICAN HEART ASSOCIATION,FEB 18 2020,2020,10.1161/JAHA.119.014519,1
ECigUse,Net Effect of Young Adult Dual Combusted Cigarette and E-Cigarette Users' Anticipated Responses to Hypothetical E-Cigarette Marketing Restrictions,GLANTZ,SUBSTANCE USE & MISUSE,APR 1 2020,2020,10.1080/10826084.2019.1710209,1
ECigUse,Association between home smoking and e-cigarette use restrictions and concurrent use behaviors among dual users of cigarettes and e-cigarettes,ASHLEY;BERG;DO;HUANG;PECHACEK;SPEARS;V;WEAVER,TOBACCO INDUCED DISEASES,SEP 2025,2025,10.18332/tid/209376,0
ECigUse,Study on the prevalence of traditional smoking and the use of modern electronic nicotine delivery systems in different age groups of patients with ischemic heart disease,LAZORYSHYNETS;RUDENKO;RUDENKO;ZHURBA,ZAPOROZHYE MEDICAL JOURNAL,DEC 2024,2024,10.14739/2310-1210.2024.6.310909,0
ECigUse,Analysis of the prevalence of tobacco smoking in different age groups of patients with ischemic heart disease taking gender into account,LAZORYSHYNETS;RUDENKO;RUDENKO;ZHURBA,PATHOLOGIA,SEP-DEC 2024,2024,10.14739/2310-1237.2024.3.311365,0
ECigUse,The Perils of Drawing Strong Conclusions Based on Underpowered Analyses,GLANTZ,AMERICAN JOURNAL OF PREVENTIVE MEDICINE,FEB 2022,2022,10.1016/j.amepre.2021.09.010,0
HowDidTheyDecide,A qualitative study of young drivers and deterrence based road policing,ANDERSON;BATES;BLAIS;RODWELL,TRANSPORTATION RESEARCH PART F-TRAFFIC PSYCHOLOGY AND BEHAVIOUR,MAY 2020,2020,10.1016/j.trf.2020.04.003,25
HowDidTheyDecide,Immigration in the United States: Exploring the Factors that Predict Public Support for Police Stops Targeted at Illegal Immigrants & Immigrants with Criminal Background,DZORDZORMENYOH;PERKINS,JOURNAL OF INTERNATIONAL MIGRATION AND INTEGRATION,SEP 2022,2022,10.1007/s12134-021-00904-3,8
HowDidTheyDecide,'Driving whip black' (or female) as a function of policing while white (or male),HEISE,CRIMINAL JUSTICE STUDIES,OCT 2 2022,2022,10.1080/1478601X.2022.2116791,1
HowDidTheyDecide,"RETRACTION: The verdict is in: how did they decide? Using drivers' self-reported data to understand officers' decision making during traffic stop encounters (Retraction of Vol 26, Pg 402, 2020)",BOATENG;HOWLEY,PSYCHOLOGY CRIME & LAW,NOV 26 2022,2022,10.1080/1068316X.2021.2018124,0
HypertensionGuidelines,Factors Influencing the Decline in Stroke Mortality A Statement From the American Heart Association/American Stroke Association,DEUTSCH;FORNAGE;GEORGE;HOWARD;KISSELA;KITTNER;LACKLAND;LICHTMAN;LISABETH;ROCCELLA;SCHWAMM;SMITH;TOWFIGHI,STROKE,JAN 2014,2014,10.1161/01.str.0000437068.30550.cf,723
HypertensionGuidelines,The hypertension of Cushing's syndrome: controversies in the pathophysiology and focus on cardiovascular complications,AMBROGIO;COLAO;CORSELLO;COZZOLINO;GRAZIADIO;ISIDORI;PARAGLIOLA;PIVONELLO,JOURNAL OF HYPERTENSION,JAN 2015,2015,10.1097/HJH.0000000000000415,145
HypertensionGuidelines,"Dapagliflozin Added to Glimepiride in Patients with Type 2 Diabetes Mellitus Sustains Glycemic Control and Weight Loss Over 48 Weeks: A Randomized, Double-Blind, Parallel-Group, Placebo-Controlled Trial",HRUBA;LANGKILDE;PARIKH;STROJEK;SUGG;YOON,DIABETES THERAPY,JUN 2014,2014,10.1007/s13300-014-0072-0,79
HypertensionGuidelines,Population-Based Assessment of Hypertension Epidemiology and Risk Factors among HIV-Positive and General Populations in Rural Uganda,AYIEKO;BALZER;BYONANEBYE;CHAMIE;CLARK;HAVLIR;HELLER;JAIN;KAMYA;KOTWANI;KWARISIIMA;MWANGWA;PETERSEN,PLOS ONE,MAY 27 2016,2016,10.1371/journal.pone.0156309,77
HypertensionGuidelines,Hypertension prevalence and Framingham risk score stratification in a large HIV-positive cohort in Uganda,KALYESUBULA;KANTERS;KAWUMA;KENGNE;MATEEN;MILLS;MUKASA,JOURNAL OF HYPERTENSION,JUL 2013,2013,10.1097/HJH.0b013e328360de1c,73
HypertensionGuidelines,Characterization of serum miRNAs as molecular biomarkers for acute Stanford type A aortic dissection diagnosis,CAO;CHONG;HOU;JIANG;PAN;SHENG;WANG;WANG;WEI;XU;XUE;ZHANG;ZHENG;ZHOU,SCIENTIFIC REPORTS,OCT 20 2017,2017,10.1038/s41598-017-13696-3,31
HypertensionGuidelines,Recent advances in the pathophysiology of arterial hypertension: potential implications for clinical practice,HERING;NARKIEWICZ;TRZEBSKI,POLISH ARCHIVES OF INTERNAL MEDICINE-POLSKIE ARCHIWUM MEDYCYNY WEWNETRZNEJ,2017,2017,10.20452/pamw.3971,25
HypertensionGuidelines,Long-Term Air Pollution and Blood Pressure in an African American Cohort: the Jackson Heart Study,ABDALLA;BIDULESCU;DIAZ;HICKSON;SEALS;SHIMBO;SIMS;VAIDYANATHAN;WANG;WEAVER;WELLENIUS,AMERICAN JOURNAL OF PREVENTIVE MEDICINE,MAR 2021,2021,10.1016/j.amepre.2020.10.023,19
HypertensionGuidelines,Annual incidence of mortality related to hypertensive disease in Canada and associations with heliophysical parameters,CARNIELLO;CASWELL;MURUGAN,INTERNATIONAL JOURNAL OF BIOMETEOROLOGY,JAN 2016,2016,10.1007/s00484-015-1000-3,17
HypertensionGuidelines,"Hypertension: Joint National Committee on Detection, Evaluation, and Treatment of High Blood Pressure guidelines",LACKLAND,CURRENT OPINION IN NEUROLOGY,FEB 2013,2013,10.1097/WCO.0b013e32835c4f54,13
HypertensionGuidelines,Hypertension and stroke: an appraisal of the evidence and implications for clinical management,BOAN;LACKLAND;VOEKS,EXPERT REVIEW OF CARDIOVASCULAR THERAPY,2016,2016,10.1586/14779072.2016.1143359,11
HypertensionGuidelines,Association of low muscle strength with metabolic dysfunction-associated fatty liver disease: A nationwide study,CHO;CHOI;HAN;HUH;KIM;KIM;KIM;LEE;LEE;NAM,WORLD JOURNAL OF GASTROENTEROLOGY,DEC 7 2023,2023,10.3748/wjg.v29.i45.5962,10
HypertensionGuidelines,Recent Clinical Trials of Hypertension Management,JENNINGS,HYPERTENSION,JUL 2013,2013,10.1161/HYPERTENSIONAHA.113.00863,9
HypertensionGuidelines,"Lipids, Blood Pressure, Kidney-what was New in 2012?",BANACH;HERING;MALYSZKO;MYSLIWIEC;NARKIEWICZ;RYSZ,INTERNATIONAL JOURNAL OF PHARMACOLOGY,NOV 15 2012,2012,10.3923/ijp.2012.659.678,9
HypertensionGuidelines,"Sympathetic nervous system and arterial hypertension: new perspectives, new data",HERING;NARKIEWICZ,KARDIOLOGIA POLSKA,2013,2013,10.5603/KP.2013.0089,8
HypertensionGuidelines,Renal resistive index as an indicator of the presence and severity of anemia and its future development in patients with hypertension,DOHI;FUJIMOTO;ITO;KUMAGAI;MATSUDA;NAKAMORI;NAKAMURA;SATO;SUGIURA;TANIGAWA;TANIMURA;YAMADA;YAMADA,BMC NEPHROLOGY,APR 8 2015,2015,10.1186/s12882-015-0040-6,5
HypertensionGuidelines,Selective Use of Testosterone Replacement Therapy,KLAP;LOUGHLIN,JOURNAL OF UROLOGY,NOV 2016,2016,10.1016/j.juro.2016.08.075,4
HypertensionGuidelines,Feasibility analysis of ACTH adenoma model in USP8-/-mice,LI;WU;ZHU;ZHU,ENDOKRYNOLOGIA POLSKA,2023,2023,10.5603/EP.a2023.0006,1
HypertensionGuidelines,Blood Pressure Regulation in Abdominal Obesity,LEBLANC;POIRIER,NUTRITION IN THE PREVENTION AND TREATMENT OF ABDOMINAL OBESITY,2014,2014,10.1016/B978-0-12-407869-7.00014-3,1
HypertensionGuidelines,Change in postoperative cardiac structure and functions in young women with Cushing’s syndromeクッシング症候群の若年女性における術後心形態および心機能の変化,KAGAWA;KATO;KUNITA;MATSUI;NAGAI;ODA;YAMANE,CHOONPA IGAKU,Jan 01 2023,2023,10.3179/jjmu.jjmu.a.245,0
HypertensionGuidelines,Arterial hypertension in geriatric population,KRSTOVI;KULI;SPREMO,PRAXIS MEDICA,Jan 01 2022,2022,10.5937/pramed2202045k,0
MarijuanaUse,Evidence for the Risks and Consequences of Adolescent Cannabis Exposure,CLEMENZA;LEVINE;LIEBERMAN;RYNN,JOURNAL OF THE AMERICAN ACADEMY OF CHILD AND ADOLESCENT PSYCHIATRY,MAR 2017,2017,10.1016/j.jaac.2016.12.014,174
MarijuanaUse,"Influence of Parent-Youth Relationship, Parental Monitoring, and Parent Substance Use on Adolescent Substance Use Onset",CROWLEY;LIGHT;RUSBY;WESTLING,JOURNAL OF FAMILY PSYCHOLOGY,APR 2018,2018,10.1037/fam0000350,169
MarijuanaUse,What is the Current Knowledge About the Cardiovascular Risk for Users of Cannabis-Based Products? A Systematic Review,JOUANJUS;LAPEYRE;MESTRE;RAYMOND;WOLFF,CURRENT ATHEROSCLEROSIS REPORTS,JUN 2017,2017,10.1007/s11883-017-0663-0,109
MarijuanaUse,Associations Between Cannabis Use and Physical Health Problems in Early Midlife A Longitudinal Comparison of Persistent Cannabis vs Tobacco Users,CASPI;CERDA;HANCOX;HARRINGTON;HOUTS;MEIER;MOFFITT;POULTON;RAMRAKHA;THOMSON,JAMA PSYCHIATRY,JUL 2016,2016,10.1001/jamapsychiatry.2016.0637,89
MarijuanaUse,The clinical implications of legalizing marijuana: Are physician and non-physician providers prepared?,BROOKS;BROOKS;BULL;FLYNN;GUNDERSEN;RUSSELL,ADDICTIVE BEHAVIORS,SEP 2017,2017,10.1016/j.addbeh.2017.03.007,68
MarijuanaUse,Cannabis use in adolescence and risk of psychosis: Are there factors that moderate this relationship? A systematic review and meta-analysis,KIBURI;LYNSKEY;MOLEBATSI;NTLANTSANA,SUBSTANCE ABUSE,OCT 2 2021,2021,10.1080/08897077.2021.1876200,67
MarijuanaUse,Longitudinal patterns of marijuana use across ages 18-50 in a US national sample: A descriptive examination of predictors and health correlates of repeated measures latent class membership,BRAY;JOHNSTON;MALLEY;MCELRATH;O;PATRICK;SCHULENBERG;TERRY,DRUG AND ALCOHOL DEPENDENCE,FEB 1 2017,2017,10.1016/j.drugalcdep.2016.11.021,63
MarijuanaUse,The Protective Behavioral Strategies for Marijuana Scale: Further Examination Using Item Response Theory,DVORAK;HUANG;HUMMER;PEDERSEN;PRINCE,PSYCHOLOGY OF ADDICTIVE BEHAVIORS,AUG 2017,2017,10.1037/adb0000271,61
MarijuanaUse,Concurrent and Sustained Cumulative Effects of Adolescent Marijuana Use on Subclinical Psychotic Symptoms,BECHTOLD;HIPWELL;LEWIS;LOEBER;PARDINI,AMERICAN JOURNAL OF PSYCHIATRY,AUG 1 2016,2016,10.1176/appi.ajp.2016.15070878,61
MarijuanaUse,The association between regular marijuana use and adult mental health outcomes,BAILEY;EPSTEIN;GUTTRNANNOVA;HAWKINS;JONES;KOSTERMAN;LEE;WHITE,DRUG AND ALCOHOL DEPENDENCE,OCT 1 2017,2017,10.1016/j.drugalcdep.2017.06.016,59
MarijuanaUse,Current patterns of marijuana use initiation by age among US adolescents and emerging adults: implications for intervention,CHEN;COTTLER;LASOPA;YU,AMERICAN JOURNAL OF DRUG AND ALCOHOL ABUSE,2017,2017,10.3109/00952990.2016.1165239,58
MarijuanaUse,"Cannabis and Cannabinoids in Mood and Anxiety Disorders: Impact on Illness Onset and Course, and Assessment of Therapeutic Potential",BOTSFORD;GEORGE;YANG,AMERICAN JOURNAL ON ADDICTIONS,JAN 2020,2020,10.1111/ajad.12963,57
MarijuanaUse,"Regular cannabis use, with and without tobacco co-use, is associated with respiratory disease",KAELBER;LEWIS;THEOBALD;WINHUSEN,DRUG AND ALCOHOL DEPENDENCE,NOV 1 2019,2019,10.1016/j.drugalcdep.2019.107557,53
MarijuanaUse,"The Effect of Age of Initiation of Cannabis Use on Psychosis, Depression, and Anxiety among Youth under 25 Years",HOSSEINI;OREMUS,CANADIAN JOURNAL OF PSYCHIATRY-REVUE CANADIENNE DE PSYCHIATRIE,MAY 2019,2019,10.1177/0706743718809339,46
MarijuanaUse,"Consensus paper of the WFSBP task force on cannabis, cannabinoids and psychosis",D;DIFORTI;GANESH;GEORGE;HALL;HJORTHOJ;HOWES;KESHAVAN;MURRAY;NGUYEN;PEARLSON;RANGANATHAN;SELLONI;SOLOWIJ;SOUZA;SPINAZZOLA,WORLD JOURNAL OF BIOLOGICAL PSYCHIATRY,NOV 26 2022,2022,10.1080/15622975.2022.2038797,44
MarijuanaUse,Cannabis Use and Prospective Long-Term Association with Anxiety: A Systematic Review and Meta-Analysis of Longitudinal Studies: Usage du cannabis et association prospective a long terme avec l'anxiete: une revue systematique et une meta-analyse d'etudes longitudinales,HUSAIN;RAVINDRAN;XUE;ZHAO,CANADIAN JOURNAL OF PSYCHIATRY-REVUE CANADIENNE DE PSYCHIATRIE,FEB 2021,2021,10.1177/0706743720952251,38
MarijuanaUse,"Cannabis Vaping: Existing and Emerging Modalities, Chemistry, and Pulmonary Toxicology",ATRASH;MEEHAN;RAHMAN,CHEMICAL RESEARCH IN TOXICOLOGY,OCT 18 2021,2021,10.1021/acs.chemrestox.1c00290,35
MarijuanaUse,"Developmental pathways of adolescent cannabis use: Risk factors, outcomes and sex-specific differences",COXE;DUPERROUZEL;GONZALEZ;HAWES;TRUCCO,SUBSTANCE USE & MISUSE,JAN 28 2019,2019,10.1080/10826084.2018.1517177,27
MarijuanaUse,"Cannabis Use, Polysubstance Use, and Psychosis Spectrum Symptoms in a Community-Based Sample of US Youth",BACH;CALKINS;GUR;JONES;SCOTT,JOURNAL OF ADOLESCENT HEALTH,JUN 2017,2017,10.1016/j.jadohealth.2017.01.006,27
MarijuanaUse,"Cannabis use among adolescents: Risk pattern, implications and possible explanatory variables",BARREIRO;BURKHART;GOLPE;ISORNA;RIAL;VARELA,ADICCIONES,2019,2019,10.20882/adicciones.1212,26
MarijuanaUse,"Divergent marijuana trajectories among men: Socioeconomic, relationship, and life satisfaction outcomes in the mid-30s",BECHTOLD;LOEBER;PARDINI;WHITE,DRUG AND ALCOHOL DEPENDENCE,NOV 1 2015,2015,10.1016/j.drugalcdep.2015.08.031,24
MarijuanaUse,Cannabis use and psychological distress: An 8-year prospective population-based study among Swedish men and women,AGARDH;ALLEBECK;DANIELSSON;LUNDIN,ADDICTIVE BEHAVIORS,AUG 2016,2016,10.1016/j.addbeh.2016.03.005,23
MarijuanaUse,Marijuana use and outcomes in adult and pediatric trauma patients after legalization in California,BARRIOS;DOLICH;FIGUEROA;GRIGORIAN;KUZA;LEKAWA;LESTER;NAHMIAS;SCHUBL,AMERICAN JOURNAL OF SURGERY,DEC 2019,2019,10.1016/j.amjsurg.2019.08.020,21
MarijuanaUse,Adolescent Synthetic Cannabinoid Exposure Produces Enduring Changes in Dopamine Neuron Activity in a Rodent Model of Schizophrenia Susceptibility,AGUILAR;GIUFFRIDA;LODGE,INTERNATIONAL JOURNAL OF NEUROPSYCHOPHARMACOLOGY,APR 2018,2018,10.1093/ijnp/pyy003,21
MarijuanaUse,Lifetime marijuana use and epigenetic age acceleration: A 17-year prospective examination,ALLEN;CONNELLY;COSTELLO;DANOFF;GIAMBERARDINO;GREGORY;HELLWIG;HUNT;KROL;SUGDEN,DRUG AND ALCOHOL DEPENDENCE,APR 1 2022,2022,10.1016/j.drugalcdep.2022.109363,20
MarijuanaUse,A Scoping Review and Meta-Analysis of Psychosocial and Pharmacological Treatments for Cannabis and Tobacco Use Among African Americans,HAENY;MONTGOMERY;ROBINSON;SEAMAN,PSYCHOLOGY OF ADDICTIVE BEHAVIORS,DEC 2017,2017,10.1037/adb0000326,20
MarijuanaUse,Latent Profile/Class Analysis Identifying Differentiated Intervention Effects,LEE;VORDERSTRASSE;WANG;WOLEVER;YANG;ZHAO,NURSING RESEARCH,SEP-OCT 2022,2022,10.1097/NNR.0000000000000597,19
MarijuanaUse,Associations between Recent and Cumulative Cannabis Use and Internalizing Problems in Boys from Adolescence to Young Adulthood,BEARDSLEE;MEIER;PARDINI,JOURNAL OF ABNORMAL CHILD PSYCHOLOGY,JUN 2020,2020,10.1007/s10802-020-00641-8,18
MarijuanaUse,Patterns of marijuana use and physical health indicators among Canadian youth,AMES;LEADBEATER;MERRIN;THOMPSON,INTERNATIONAL JOURNAL OF PSYCHOLOGY,FEB 2020,2020,10.1002/ijop.12549,18
MarijuanaUse,Systematic Review and Meta-Analysis: Medical and Recreational Cannabis Legalization and Cannabis Use Among Youth in the United States,FIRMIN;HAMMOND;PAWAR;WILENS,JOURNAL OF THE AMERICAN ACADEMY OF CHILD AND ADOLESCENT PSYCHIATRY,NOV 2024,2024,10.1016/j.jaac.2024.02.016,15
MarijuanaUse,Cultural Race-Related Stress and Cannabis Use Among Incarcerated African American Men,DOGAN;HARGONS;STEVENS;THORPE;THRASHER;WATKINS,PSYCHOLOGY OF ADDICTIVE BEHAVIORS,MAY 2021,2021,10.1037/adb0000694,14
MarijuanaUse,Disparities in functioning from alcohol and cannabis use among a racially/ethnically diverse sample of emerging adults,AMICO;D;DUNBAR;PEDERSEN;RODRIGUEZ;SEELAM;TUCKER,DRUG AND ALCOHOL DEPENDENCE,MAY 1 2022,2022,10.1016/j.drugalcdep.2022.109426,13
MarijuanaUse,Cannabis Use and Internalizing/Externalizing Symptoms in Youth: A Canadian Population-Based Study,GIRGIS;PATTEN;PRINGSHEIM;SHAFIQ;WILLIAMS,JOURNAL OF ADOLESCENT HEALTH,JUL 2020,2020,10.1016/j.jadohealth.2020.01.015,13
MarijuanaUse,"Cannabis, e-cigarettes and anesthesia",GALINKIN;LYNN,CURRENT OPINION IN ANESTHESIOLOGY,JUN 2020,2020,10.1097/ACO.0000000000000872,13
MarijuanaUse,Effect modification of legalizing recreational cannabis use on the association between e-cigarette use and future cannabis use among US adolescents,BROWN;DUAN;ERIKSEN;HUANG;SELF;SPEARS;WANG;WEAVER;ZHENG,DRUG AND ALCOHOL DEPENDENCE,APR 1 2022,2022,10.1016/j.drugalcdep.2021.109260,12
MarijuanaUse,Trajectories of marijuana use and the transition to adulthood,KELLY;VUOLO,SOCIAL SCIENCE RESEARCH,JUL 2018,2018,10.1016/j.ssresearch.2018.03.006,12
MarijuanaUse,Adolescent Cannabis Use and Conduct Problems: the Mediating Influence of Callous-Unemotional Traits,COLON;GONZALEZ;HAWES;PACHECO;ROSS,INTERNATIONAL JOURNAL OF MENTAL HEALTH AND ADDICTION,JUN 2020,2020,10.1007/s11469-018-9958-9,10
MarijuanaUse,Psychometric properties of CAST for early detection of problematic cannabis use in Spanish adolescents,COUCEIRO;FLOREZ;GARCIA;GOMEZ;ISORNA;MALLAH;MENENDEZ;RIAL;VARELA,ADDICTIVE BEHAVIORS,JUN 2022,2022,10.1016/j.addbeh.2022.107288,9
MarijuanaUse,Marijuana Use and Sexual Risk Behavior Among Young Black Men Who Have Sex with Men in California,ANNA;CHANG;D;WASHINGTON;WOOD,JOURNAL OF RACIAL AND ETHNIC HEALTH DISPARITIES,DEC 2021,2021,10.1007/s40615-020-00915-3,8
MarijuanaUse,Measurement-Based Care in the Treatment of Adolescents with Substance Use Disorders,BUKSTEIN;HARRIS;SHRIER;SIMON,CHILD AND ADOLESCENT PSYCHIATRIC CLINICS OF NORTH AMERICA,OCT 2020,2020,10.1016/j.chc.2020.06.006,8
MarijuanaUse,Examining promotive and protective effects of ethnic identity on alcohol and cannabis use among Black young adults,DEPPERMANN;ZAPOLSKI,JOURNAL OF SUBSTANCE USE & ADDICTION TREATMENT,OCT 2023,2023,10.1016/j.josat.2023.209009,7
MarijuanaUse,Variations of cannabis-related adverse mental health and addiction outcomes across adolescence and adulthood: A scoping review,ASWAD;BAKOUNI;BASTIEN;FISCHER;GAGNON;GRAHAM;JUTRAS;KAUR;MONGEAU;MORISSETTE;PERUSSE;THERIAULT,FRONTIERS IN PSYCHIATRY,OCT 10 2022,2022,10.3389/fpsyt.2022.973988,7
MarijuanaUse,"Substance Abuse Prevention, Assessment, and Treatment for Lesbian, Gay, Bisexual, and Transgender Youth",AROMIN,PEDIATRIC CLINICS OF NORTH AMERICA,DEC 2016,2016,10.1016/j.pcl.2016.07.007,7
MarijuanaUse,Commentary: Adolescent Marijuana Use and Mental Health Amidst a Changing Legal Climate,HADLEY;YURASEK,JOURNAL OF PEDIATRIC PSYCHOLOGY,APR 2016,2016,10.1093/jpepsy/jsw005,7
MarijuanaUse,Cannabis Use and Its Impact on Mental Health in Youth in Australia and the United States: A Scoping Review,BARAL;CHIMORIYA;HANNA;RANA,EPIDEMIOLOGIA,MAR 2024,2024,10.3390/epidemiologia5010007,6
MarijuanaUse,I don't think marijuana counts as a drug: Drug & alcohol use amongst South Sudanese youth in Australia,DANTAS;PITTAWAY,JOURNAL OF ETHNICITY IN SUBSTANCE ABUSE,AUG 1 2023,2023,10.1080/15332640.2021.1965932,6
MarijuanaUse,Early predictors of maturing out of marijuana use among young men,BEARDSLEE;PARDINI;WHITE,ADDICTIVE BEHAVIORS,FEB 2017,2017,10.1016/j.addbeh.2016.09.007,6
NonmetroRole,Rural location and exposure to minority stress among sexual minorities in the United States,FAHS;FROST;SWANK,PSYCHOLOGY & SEXUALITY,2012,2012,10.1080/19419899.2012.700026,105
NonmetroRole,"Change in attitudes about employed mothers: Exposure, interests, and gender ideology discrepancies",ELMAN;KROSKA,SOCIAL SCIENCE RESEARCH,JUN 2009,2009,10.1016/j.ssresearch.2008.12.004,95
NonmetroRole,Family work and relationships: Lessons from families of men whose jobs require travel,HUMBLE;MANOOGIAN;SOLOMON;ZVONKOVIC,FAMILY RELATIONS,JUL 2005,2005,10.1111/j.1741-3729.2005.00327.x,41
NonmetroRole,"Attitudes towards gender roles and gender role behaviour among urban, rural, and farm populations in Slovenia",ISTENIC,JOURNAL OF COMPARATIVE FAMILY STUDIES,SUM 2007,2007,10.3138/jcfs.38.3.477,18
NonmetroRole,The intricate geographies of gender ideologies in Germany,DIRKSMEIER,GEOFORUM,AUG 2015,2015,10.1016/j.geoforum.2015.05.022,12
NonmetroRole,"Gender Effects Across Place: A Multilevel Investigation of Gender, Race/Ethnicity, and Region in Sentencing",HOLLAND;PROHASKA,RACE AND JUSTICE,JAN 2021,2021,10.1177/2153368718767495,10
NonmetroRole,Sexism in the postcolonial society of Mauritius: The role of metropolisation and communalism,DIRKSMEIER,APPLIED GEOGRAPHY,FEB 2017,2017,10.1016/j.apgeog.2016.12.014,2
NonmetroRole,"Research note: Multidimensional gender ideologies, rural/urban living and self perceptions of place in a German survey",FLOREAN,JFR-JOURNAL OF FAMILY RESEARCH,2025,2025,10.20377/jfr-1243,0
NonmetroRole,"Retraction of Nonmetropolitan sex-role ideologies: A longitudinal study (vol 64, pg 44, 1999)",JOHNSON,RURAL SOCIOLOGY,JUN 2004,2004,10.1526/003601104323087624,0
SchoolSocialBonds,Schools as Developmental Contexts During Adolescence,ECCLES;ROESER,JOURNAL OF RESEARCH ON ADOLESCENCE,2011,2011,10.1111/j.1532-7795.2010.00725.x,913
SchoolSocialBonds,"School Climate: a Review of the Construct, Measurement, and Impact on Student Outcomes",DEGOL;WANG,EDUCATIONAL PSYCHOLOGY REVIEW,JUN 2016,2016,10.1007/s10648-015-9319-1,740
SchoolSocialBonds,Student Engagement: What Is It? Why Does It Matter?,FINN;ZIMMER,HANDBOOK OF RESEARCH ON STUDENT ENGAGEMENT,2012,2012,10.1007/978-1-4614-2018-7_5,614
SchoolSocialBonds,School climate predictors of school disorder: Results from a national study of delinquency prevention in schools,GOTTFREDSON;GOTTFREDSON;GOTTFREDSON;PAYNE,JOURNAL OF RESEARCH IN CRIME AND DELINQUENCY,NOV 2005,2005,10.1177/0022427804271931,442
SchoolSocialBonds,Deterring delinquents: A rational choice model of theft and violence,HUIZINGA;KREAGER;MATSUEDA,AMERICAN SOCIOLOGICAL REVIEW,FEB 2006,2006,10.1177/000312240607100105,311
SchoolSocialBonds,The relationships between school climate and adolescent mental health and wellbeing: A systematic literature review,ALDRIDGE;MCCHESNEY,INTERNATIONAL JOURNAL OF EDUCATIONAL RESEARCH,2018,2018,10.1016/j.ijer.2018.01.012,297
SchoolSocialBonds,Authoritative School Discipline: High School Practices Associated With Lower Bullying and Victimization,CORNELL;FAN;GREGORY;HUANG;SHERAS;SHIH,JOURNAL OF EDUCATIONAL PSYCHOLOGY,MAY 2010,2010,10.1037/a0018562,287
SchoolSocialBonds,A Social Disorganization Perspective on Bullying-Related Attitudes and Behaviors: The Influence of School Context,BRADSHAW;BRENNAN;O;SAWYER,AMERICAN JOURNAL OF COMMUNITY PSYCHOLOGY,JUN 2009,2009,10.1007/s10464-009-9240-1,199
SchoolSocialBonds,"The Trajectories of Adolescents' Perceptions of School Climate, Deviant Peer Affiliation, and Behavioral Problems During the Middle School Years",DISHION;WANG,JOURNAL OF RESEARCH ON ADOLESCENCE,2012,2012,10.1111/j.1532-7795.2011.00763.x,191
SchoolSocialBonds,The Relationship of School Structure and Support to Suspension Rates for Black and White High School Students,CORNELL;FAN;GREGORY,AMERICAN EDUCATIONAL RESEARCH JOURNAL,AUG 2011,2011,10.3102/0002831211398531,150
SchoolSocialBonds,School Belonging and School Misconduct: The Differing Role of Teacher and Peer Attachment,DEMANET;HOUTTE;VAN,JOURNAL OF YOUTH AND ADOLESCENCE,APR 2012,2012,10.1007/s10964-011-9674-2,148
SchoolSocialBonds,Victimizing the Children of Immigrants Latino and Asian American Student Victimization,PEGUERO,YOUTH & SOCIETY,DEC 2009,2009,10.1177/0044118X09333646,130
SchoolSocialBonds,Improving the School Environment to Reduce School Violence: A Review of the Literature,JOHNSON,JOURNAL OF SCHOOL HEALTH,OCT 2009,2009,10.1111/j.1746-1561.2009.00435.x,130
SchoolSocialBonds,The link between school climate and violence in school: A meta-analytic review,RECCHIA;STEFFGEN;VIECHTBAUER,AGGRESSION AND VIOLENT BEHAVIOR,MAR-APR 2013,2013,10.1016/j.avb.2012.12.001,122
SchoolSocialBonds,"Friends, academic achievement, and school engagement during adolescence: A social network approach to peer influence and selection effects",ARO;DEGOL;KIURU;SALMELA;WANG,LEARNING AND INSTRUCTION,DEC 2018,2018,10.1016/j.learninstruc.2018.06.003,116
SchoolSocialBonds,Restorative Justice in Schools: The Influence of Race on Restorative Discipline,PAYNE;WELCH,YOUTH & SOCIETY,JUL 2015,2015,10.1177/0044118X12473125,113
SchoolSocialBonds,A Tobit Regression Analysis of the Covariation Between Middle School Students' Perceived School Climate and Behavioral Problems,DISHION;SELMAN;STORMSHAK;WANG,JOURNAL OF RESEARCH ON ADOLESCENCE,2010,2010,10.1111/j.1532-7795.2010.00648.x,105
SchoolSocialBonds,"Overlapping Verbal, Relational, Physical, and Electronic Forms of Bullying in Adolescence: Influence of School Context",BRADSHAW;JOHNSON;WAASDORP,JOURNAL OF CLINICAL CHILD AND ADOLESCENT PSYCHOLOGY,MAY 4 2015,2015,10.1080/15374416.2014.893516,104
SchoolSocialBonds,The Critical Role of School Climate in Effective Bullying Prevention,BERRY;SWEARER;WANG,THEORY INTO PRACTICE,2013,2013,10.1080/00405841.2013.829735,104
SchoolSocialBonds,The test of time: A meta-analytic review of the relation between school climate and problem behavior,DUFFY;MCMAHON;REAVES;RUIZ,AGGRESSION AND VIOLENT BEHAVIOR,MAR-APR 2018,2018,10.1016/j.avb.2018.01.006,103
SchoolSocialBonds,Routine Activities and Victimization at School: The Significance of Gender,PEGUERO;POPP,JOURNAL OF INTERPERSONAL VIOLENCE,AUG 2011,2011,10.1177/0886260510383021,101
SchoolSocialBonds,School Identification,VOELKL,HANDBOOK OF RESEARCH ON STUDENT ENGAGEMENT,2012,2012,10.1007/978-1-4614-2018-7_9,100
SchoolSocialBonds,Peer Victimization and Authoritative School Climate: A Multilevel Approach,CORNELL;KONOLD;SHUKLA,JOURNAL OF EDUCATIONAL PSYCHOLOGY,NOV 2015,2015,10.1037/edu0000038,98
SchoolSocialBonds,"A Multilevel Analysis of the Relationships among Communal School Organization, Student Bonding, and Delinquency",PAYNE,JOURNAL OF RESEARCH IN CRIME AND DELINQUENCY,NOV 2008,2008,10.1177/0022427808322621,94
SchoolSocialBonds,Teacher Safety and Authoritative School Climate in High Schools,CORNELL;FAN;GREGORY,AMERICAN JOURNAL OF EDUCATION,AUG 2012,2012,10.1086/666362,92
SchoolSocialBonds,Middle Eastern Adolescents' Perpetration of School Violence Against Peers and Teachers A Cross-Cultural and Ecological Analysis,ASTOR;BENBENISHTY;KASSABRI;KHOURY,JOURNAL OF INTERPERSONAL VIOLENCE,JAN 2009,2009,10.1177/0886260508315777,91
SchoolSocialBonds,"If Employees Go the Extra Mile, Do Customers Reciprocate with Similar Behavior?",GONG;YI,PSYCHOLOGY & MARKETING,OCT 2008,2008,10.1002/mar.20248,87
SchoolSocialBonds,Sense of Futility The Missing Link Between Track Position and Self-Reported School Misconduct,HOUTTE;STEVENS;VAN,YOUTH & SOCIETY,DEC 2008,2008,10.1177/0044118X08316251,83
SchoolSocialBonds,An Ecological Perspective on Emerging Trauma-Informed Teaching Practices,CROSBY,CHILDREN & SCHOOLS,OCT 2015,2015,10.1093/cs/cdv027,76
SchoolSocialBonds,School Crime Control and Prevention,COOK;GOTTFREDSON;NA,"CRIME AND JUSTICE: A REVIEW OF RESEARCH, VOL 39",2010,2010,10.1086/652387,76
SchoolSocialBonds,The Effects of School Bonding on High School Seniors' Academic Achievement,BRYAN;GAENZLE;KIM;LIN;MOORE;NA;THOMAS,JOURNAL OF COUNSELING AND DEVELOPMENT,OCT 2012,2012,10.1002/j.1556-6676.2012.00058.x,71
SchoolSocialBonds,"Schools, Neighborhoods, and Adolescent Conflicts: A Situational Examination of Reciprocal Dynamics",BRUNSON;MILLER,JUSTICE QUARTERLY,2009,2009,10.1080/07418820802245060,67
SchoolSocialBonds,Preventing School Bullying: Should Schools Prioritize an Authoritative School Discipline Approach Over Security Measures?,GERLINGER;WO,JOURNAL OF SCHOOL VIOLENCE,2016,2016,10.1080/15388220.2014.956321,66
SchoolSocialBonds,Unequally Safe: The Race Gap in School Safety,LACOE,YOUTH VIOLENCE AND JUVENILE JUSTICE,APR 2015,2015,10.1177/1541204014532659,66
SchoolSocialBonds,School Climate and Delinquency Among Chinese Adolescents: Analyses of Effortful Control as a Moderator and Deviant Peer Affiliation as a Mediator,BAO;LI;WANG;ZHANG,JOURNAL OF ABNORMAL CHILD PSYCHOLOGY,JAN 2015,2015,10.1007/s10802-014-9903-8,66
SchoolSocialBonds,"The Model Minority Victim: Immigration, Gender, and Asian American Vulnerabilities to Violence at School",KOO;PEGUERO;SHEKARKHAR,JOURNAL OF ETHNICITY IN CRIMINAL JUSTICE,2012,2012,10.1080/15377938.2011.609405,65
SchoolSocialBonds,The Impact of School Resource Officer Interaction on Students' Feelings About School and School Police,THERIOT,CRIME & DELINQUENCY,APR 2016,2016,10.1177/0011128713503526,64
SchoolSocialBonds,Teachers' attitudes and students' opposition. School misconduct as a reaction to teachers' diminished effort and affect,DEMANET;HOUTTE;VAN,TEACHING AND TEACHER EDUCATION,AUG 2012,2012,10.1016/j.tate.2012.03.008,64
SchoolSocialBonds,How does school climate impact academic achievement? An examination of social identity processes,BROMHEAD;LEE;REYNOLDS;SUBASIC;TURNER,SCHOOL PSYCHOLOGY INTERNATIONAL,FEB 2017,2017,10.1177/0143034316682295,63
SchoolSocialBonds,"LGBTQ Kids, School Safety, and Missing the Big Picture: How the Dominant Bullying Discourse Prevents School Professionals from Thinking about Systemic Marginalization or . . . Why We Need to Rethink LGBTQ Bullying",PAYNE;SMITH,QED-A JOURNAL IN GLBTQ WORLDMAKING,FAL 2013,2013,10.1353/qed.2013.0012,62
SchoolSocialBonds,The contribution of student perceptions of school climate to understanding the disproportionate punishment of African American students in a middle school,CORNELL;SHIRLEY,SCHOOL PSYCHOLOGY INTERNATIONAL,APR 2012,2012,10.1177/0143034311406815,62
SchoolSocialBonds,Profiles of Student Perceptions of School Climate: Relations with Risk Behaviors and Academic Outcomes,CORNELL;KONOLD;SHUKLA,AMERICAN JOURNAL OF COMMUNITY PSYCHOLOGY,JUN 2016,2016,10.1002/ajcp.12044,60
SchoolSocialBonds,"Violence, Schools, and Dropping Out: Racial and Ethnic Disparities in the Educational Consequence of Student Victimization",PEGUERO,JOURNAL OF INTERPERSONAL VIOLENCE,DEC 2011,2011,10.1177/0886260511403764,60
SchoolSocialBonds,Early Adolescent Peer Ecologies in Rural Communities: Bullying in Schools That Do and Do not Have a Transition During the Middle Grades,FARMER;GRAVELLE;HAMM;LAMBERT;LEUNG,JOURNAL OF YOUTH AND ADOLESCENCE,SEP 2011,2011,10.1007/s10964-011-9684-0,59
SchoolSocialBonds,MODELING THE ASSOCIATION BETWEEN ACADEMIC ACHIEVEMENT AND DELINQUENCY: AN APPLICATION OF INTERACTIONAL THEORY,ERICKSON;HOFFMANN;SPENCE,CRIMINOLOGY,AUG 2013,2013,10.1111/1745-9125.12014,57
SchoolSocialBonds,Examining the Effects of Family and School Social Capital on Delinquent Behavior,BRAUDT;DUFUR;HOFFMANN;PARCEL;SPENCE,DEVIANT BEHAVIOR,JUL 3 2015,2015,10.1080/01639625.2014.944069,55
SchoolSocialBonds,Is the Link Between Large High Schools and Student Victimization an Illusion?,CORNELL;KLEIN,JOURNAL OF EDUCATIONAL PSYCHOLOGY,NOV 2010,2010,10.1037/a0019896,55
SchoolSocialBonds,The School-To-Prison Pipeline: An Examination of the Association Between Suspension and Justice System Involvement,NOVAK,CRIMINAL JUSTICE AND BEHAVIOR,AUG 2019,2019,10.1177/0093854819846917,53
SchoolSocialBonds,"Race, Ethnicity, and School-Based Adolescent Victimization",KOO;PEGUERO;POPP,CRIME & DELINQUENCY,APR 2015,2015,10.1177/0011128711398021,53
SchoolSocialBonds,Family and school capital effects on delinquency: Substitutes or complements?,DUFUR;HOFFMANN,SOCIOLOGICAL PERSPECTIVES,SPR 2008,2008,10.1525/sop.2008.51.1.29,52
SuicideNatDisasters,Identifying and mapping community vulnerability,MORROW,DISASTERS,MAR 1999,1999,10.1111/1467-7717.00102,685
SuicideNatDisasters,Global health impacts of floods: Epidemiologic evidence,AHERN;FEW;KOVATS;MATTHIES;WILKINSON,EPIDEMIOLOGIC REVIEWS,2005,2005,10.1093/epirev/mxi004,515
SuicideNatDisasters,Estimation uncertainty of direct monetary flood damage to buildings,KREIBICH;MERZ;SCHMIDTKE;THIEKEN,NATURAL HAZARDS AND EARTH SYSTEM SCIENCES,2004,2004,10.5194/nhess-4-153-2004,328
SuicideNatDisasters,Building Human Resilience The Role of Public Health Preparedness and Response As an Adaptation to Climate Change,KEIM,AMERICAN JOURNAL OF PREVENTIVE MEDICINE,NOV 2008,2008,10.1016/j.amepre.2008.08.022,282
SuicideNatDisasters,"Epidemiology of tropical cyclones: The dynamics of disaster, disease, and development",ESPINEL;RUSSELL;SHULTZ,EPIDEMIOLOGIC REVIEWS,2005,2005,10.1093/epirev/mxi011,247
SuicideNatDisasters,Flooding and Mental Health: A Systematic Mapping Review,ASTELL;BLACK;BLACK;BURT;CARULLA;FERNANDEZ;JONES;SALVADOR;WILSON,PLOS ONE,APR 10 2015,2015,10.1371/journal.pone.0119929,232
SuicideNatDisasters,"Prevalence, characteristics, and long-term sequelae of natural disaster exposure in the general population",BRIERE;ELLIOTT,JOURNAL OF TRAUMATIC STRESS,OCT 2000,2000,10.1023/A:1007814301369,184
SuicideNatDisasters,Medical complications associated with earthquakes,BARTELS;VANROOYEN,LANCET,FEB 25 2012,2012,10.1016/S0140-6736(11)60887-8,177
SuicideNatDisasters,"Factors Increasing Vulnerability to Health Effects before, during and after Floods",EBI;FORSBERG;LOWE,INTERNATIONAL JOURNAL OF ENVIRONMENTAL RESEARCH AND PUBLIC HEALTH,DEC 2013,2013,10.3390/ijerph10127015,146
SuicideNatDisasters,Well-being and social capital: Does suicide pose a puzzle?,HELLIWELL,SOCIAL INDICATORS RESEARCH,MAY 2007,2007,10.1007/s11205-006-0022-y,140
SuicideNatDisasters,Natural disaster and depression: A prospective investigation of reactions to the 1993 Midwest Floods,GINEXI;HOYT;SIMMENS;WEIHS,AMERICAN JOURNAL OF COMMUNITY PSYCHOLOGY,AUG 2000,2000,10.1023/A:1005188515149,126
SuicideNatDisasters,Projected Behavioral Impacts of Global Climate Change,EVANS,"ANNUAL REVIEW OF PSYCHOLOGY, VOL 70",2019,2019,10.1146/annurev-psych-010418-103023,125
SuicideNatDisasters,Evaluating Local Government Emergency Management Programs: What Framework Should Public Managers Adopt?,HENSTRA,PUBLIC ADMINISTRATION REVIEW,MAR-APR 2010,2010,10.1111/j.1540-6210.2010.02130.x,121
SuicideNatDisasters,Human capital and the productivity of suicide bombers,BENMELECH;BERREBI,JOURNAL OF ECONOMIC PERSPECTIVES,SUM 2007,2007,10.1257/jep.21.3.223,108
SuicideNatDisasters,Experiencing a Severe Weather Event Increases Concern About Climate Change,BERGQUIST;NILSSON;SCHULTZ,FRONTIERS IN PSYCHOLOGY,FEB 11 2019,2019,10.3389/fpsyg.2019.00220,105
SuicideNatDisasters,Risk factors for the development of PTSD and depression among child and adolescent victims following a 7.4 magnitude earthquake,ALYANAK;BRAUN;EKSI;ERTEM;PEYKERLI;SAYDAM;TOPARLAK;VEHID,INTERNATIONAL JOURNAL OF PSYCHIATRY IN CLINICAL PRACTICE,2007,2007,10.1080/13651500601017548,81
SuicideNatDisasters,Health status among internally displaced persons in Louisiana and Mississippi travel trailer parks,ANASTARIO;LARRANCE;LAWRY,ANNALS OF EMERGENCY MEDICINE,MAY 2007,2007,10.1016/j.annemergmed.2006.12.004,78
SuicideNatDisasters,Corporate social responsibility: the role of Fortune 100 companies in domestic and international natural disasters,CARTER;CONNOLLY;JOHNSON,CORPORATE SOCIAL RESPONSIBILITY AND ENVIRONMENTAL MANAGEMENT,NOV-DEC 2011,2011,10.1002/csr.253,67
SuicideNatDisasters,Suicides after the 1999 Taiwan earthquake,CHEN;CHOU;CHOU;HUANG;LEE;TSAI;TSAY,INTERNATIONAL JOURNAL OF EPIDEMIOLOGY,DEC 2003,2003,10.1093/ije/dyg296,66
SuicideNatDisasters,Who died as a result of the tsunami? Risk factors of mortality among internally displaced persons in Sri Lanka: a retrospective cohort analysis,ABE;COSTA;DHARMARATNE;KUNII;MOJI;NISHIKIORI,BMC PUBLIC HEALTH,MAR 20 2006,2006,10.1186/1471-2458-6-73,61
SuicideNatDisasters,Influence on the suicide rate two years after a devastating disaster: A report from the 1995 Great Hanshin-Awaji Earthquake,ABE;AKAZAWA;NISHIMURA;NISHIO;NUSHIDA;SHIBUYA;SHIOIRI;UENO,PSYCHIATRY AND CLINICAL NEUROSCIENCES,2009,2009,10.1111/j.1440-1819.2009.01942.x,55
SuicideNatDisasters,"Earthquake-related stressors associated with suicidality, depression, anxiety and post-traumatic stress in adolescents from Muisne after the earthquake 2016 in Ecuador",GERSTNER;JARRIN;LARA;LARA;ORTIZ;PRADO;VASCONEZ;VISCOR,BMC PSYCHIATRY,JUL 2 2020,2020,10.1186/s12888-020-02759-x,53
SuicideNatDisasters,Prevalence of depression among Bangladeshi village women subsequent to a natural disaster: A pilot study,GOZAL;HUQ;MAMUN;PAPIA;TASFINA,PSYCHIATRY RESEARCH,JUN 2019,2019,10.1016/j.psychres.2019.05.007,53
SuicideNatDisasters,Suicidal intention and negative spiritual coping one year after the earthquake of L'Aquila (Italy),CAPANNA;CARMASSI;DELL;OSSO;PICCINNI;RICCARDI;ROSSI;STRATTA,JOURNAL OF AFFECTIVE DISORDERS,FEB 2012,2012,10.1016/j.jad.2011.10.006,53
SuicideNatDisasters,SUICIDE RISK AND ITS CORRELATE IN ADOLESCENTS WHO EXPERIENCED TYPHOON-INDUCED MUDSLIDES: A STRUCTURAL EQUATION MODEL,CHEN;CHENG;HUANG;JONG;TANG;YANG;YANG;YEN;YU,DEPRESSION AND ANXIETY,DEC 2010,2010,10.1002/da.20748,52
SuicideNatDisasters,Reasons and trends in youth's suicide rates during the COVID-19 pandemic,GOTO;OKUBO;SKOKAUSKAS,LANCET REGIONAL HEALTH-WESTERN PACIFIC,OCT 2022,2022,10.1016/j.lanwpc.2022.100567,44
SuicideNatDisasters,Canadian disaster management policy: Moving toward a paradigm shift?,HENSTRA;MCBEAN,CANADIAN PUBLIC POLICY-ANALYSE DE POLITIQUES,SEP 2005,2005,10.2307/3552443,43
SuicideNatDisasters,Characterisation of patients treated at the Red Cross field hospital in Kashmir during the first three weeks of operation,HELMINEN;SAARELA;SALMELA,EMERGENCY MEDICINE JOURNAL,AUG 2006,2006,10.1136/emj.2006.036012,42
SuicideNatDisasters,Tropical cyclone risk perception and risk reduction analysis for coastal Bangladesh: Household and expert perspectives,CHEUNG;SATTAR,INTERNATIONAL JOURNAL OF DISASTER RISK REDUCTION,DEC 2019,2019,10.1016/j.ijdrr.2019.101283,40
SuicideNatDisasters,Suicide trends following the Taiwan earthquake of 1999: empirical evidence and policy implications,CHUNG;HUANG;LIN;XIRASAGAR;YANG,ACTA PSYCHIATRICA SCANDINAVICA,DEC 2005,2005,10.1111/j.1600-0447.2005.00603.x,40
SuicideNatDisasters,Risk Factors for Suicidal Behaviours after Natural Disasters: A Systematic Review,HEIDARI;HEIDARI;JAFARI;SAYFOURI,MALAYSIAN JOURNAL OF MEDICAL SCIENCES,MAY-JUN 2020,2020,10.21315/mjms2020.27.3.3,37
SuicideNatDisasters,"Suicidality associated with PTSD, depression, and disaster recovery status among adult survivors 8 years after the 2008 Wenchuan earthquake in China",FU;GUAN;GUO;HAN;HE;QU;WANG,PSYCHIATRY RESEARCH,JUL 2017,2017,10.1016/j.psychres.2017.04.022,36
SuicideNatDisasters,Long-Term Suicide Mortality Rates Decrease in Men and Increase in Women after the Niigata-Chuetsu Earthquake in Japan,HYODO;ISHIGAMI;NAKAGAWA;NAKAMURA;OYAMA;TSUCHIYA;YAMAMOTO;YAMAZAKI,TOHOKU JOURNAL OF EXPERIMENTAL MEDICINE,FEB 2010,2010,10.1620/tjem.220.149,36
SuicideNatDisasters,Glycated hemoglobin as an indicator of social environmental stress among indigenous versus westernized populations,DANIEL;DEA;KELLY;MCDERMOTT;O;ROWLEY,PREVENTIVE MEDICINE,NOV 1999,1999,10.1006/pmed.1999.0559,34
SuicideNatDisasters,Survivor Guilt Analyzing the Concept and Its Contexts,HALL;HUTSON;PACK,ADVANCES IN NURSING SCIENCE,JAN-MAR 2015,2015,10.1097/ANS.0000000000000058,33
SuicideNatDisasters,Prevalence of depression as measured by the CBDI in a predominantly adolescent school population in Turkey,BILGIN;BUGDAYCI;CAMDEVIREN;KURT;SASMAZ;TOROS,EUROPEAN PSYCHIATRY,AUG 2004,2004,10.1016/j.eurpsy.2004.04.020,33
SuicideNatDisasters,"Mediating Roles of Gratitude and Social Support in the Relation Between Survivor Guilt and Posttraumatic Stress Disorder, Posttraumatic Growth Among Adolescents After the Ya'an Earthquake",TAN;WANG;WU,FRONTIERS IN PSYCHOLOGY,NOV 5 2018,2018,10.3389/fpsyg.2018.02131,31
SuicideNatDisasters,Pediatric Disaster Preparedness in the Wake of Katrina: Lessons to be Learned,DOLAN;KRUG,CLINICAL PEDIATRIC EMERGENCY MEDICINE,MAR 2006,2006,10.1016/j.cpem.2006.01.004,31
SuicideNatDisasters,The Kobe earthquake and reduced suicide rate in Japanese males,NISHIMURA;NUSHIDA;SHIOIRI;TANG;TATSUNO,ARCHIVES OF GENERAL PSYCHIATRY,MAR 1999,1999,10.1001/archpsyc.56.3.282,31
SuicideNatDisasters,Psychological distress and alcohol use disorder during the COVID-19 era among middle- and low-income US adults,ELBOGEN;HUANG;NORTH;PIETRZAK;TSAI,JOURNAL OF AFFECTIVE DISORDERS,JUN 1 2021,2021,10.1016/j.jad.2021.03.085,30
SuicideNatDisasters,Post-Cyclone Sidr illness patterns in coastal Bangladesh: an empirical study,PAUL;RAHMAN;RAKSHIT,NATURAL HAZARDS,MAR 2011,2011,10.1007/s11069-010-9595-5,29
SuicideNatDisasters,"Impact of the COVID-19 shutdown on orthopedic trauma numbers and patterns in an academic Level I Trauma Center in Berlin, Germany",FLECKENSTEIN;GERLACH;HENRIKSEN;HERRMANN;HUETTERMANN;LINDNER;MAERDIAN;MALEITZKE;MAUCHENHEIM;MOECKEL;PERKA;PUMBERGER;RAUCH;SANTOS;SLAGMAN;STOECKLE;VON;WINKLER,PLOS ONE,FEB 16 2021,2021,10.1371/journal.pone.0246956,27
SuicideNatDisasters,Suicide Death Rate after Disasters: A Meta-Analysis Study,BAZYAR;DALIRI;KEYKALEH;MALEKYAN;PIRANI;SAFARPOUR;SAFI;SOHRABIZADEH,ARCHIVES OF SUICIDE RESEARCH,JAN 2 2022,2022,10.1080/13811118.2020.1793045,27
SuicideNatDisasters,Medical aspects of global warming,ROM;YOGANATHAN,AMERICAN JOURNAL OF INDUSTRIAL MEDICINE,AUG 2001,2001,10.1002/ajim.1088.abs,27
SuicideNatDisasters,Retraction: Suicide after natural disasters,ANNEST;CROSBY;DAHLBERG;KRESNOW;KRUG;PEDDICORD;POWELL,NEW ENGLAND JOURNAL OF MEDICINE,JAN 14 1999,1999,10.1056/NEJM199901143400213,26
SuicideNatDisasters,Suicidality Risk and (Repeat) Disaster Exposure: Findings From a Nationally Representative Population Survey,DUECKERS;MILLS;PIRKIS;REIFELS;SPITTAL,PSYCHIATRY-INTERPERSONAL AND BIOLOGICAL PROCESSES,2018,2018,10.1080/00332747.2017.1385049,25
SuicideNatDisasters,Climate change-related non-economic loss and damage in Bangladesh and Japan,CHIBA;PRABHAKAR;SHAW,INTERNATIONAL JOURNAL OF CLIMATE CHANGE STRATEGIES AND MANAGEMENT,2017,2017,10.1108/IJCCSM-05-2016-0065,24
SuicideNatDisasters,The Role of Religious Beliefs and Institutions in Disaster Management: A Case Study,HA,RELIGIONS,DEC 2015,2015,10.3390/rel6041314,23
TurningIn,"Social media, sentiment and public opinions: Evidence from #Brexit and #USElection",GORODNICHENKO;PHAM;TALAVERA,EUROPEAN ECONOMIC REVIEW,JUL 2021,2021,10.1016/j.euroecorev.2021.103772,85
TurningIn,The American Viewer: Political Consequences of Entertainment Media,KIM;PATTERSON,AMERICAN POLITICAL SCIENCE REVIEW,MAY 2025,2025,10.1017/S0003055424000728,4
TurningIn,How the Trump Administration's Quota Policy Transformed Immigration Judging,BLASINGAME;BOYD;CARLOS;ORNSTEIN,AMERICAN POLITICAL SCIENCE REVIEW,NOV 2024,2024,10.1017/S0003055423001028,3
TurningIn,From Kamala Harris to Vivek Ramaswamy: the rising and complex prominence of Indian Americans in US electoral politics,SADHWANI,ETHNIC AND RACIAL STUDIES,NA,2025,10.1080/01419870.2025.2503962,1
TurningIn,The partisanship of American inventors,FEHDER;LU;RAFFIEE;TEODORIDIS,RESEARCH POLICY,SEP 2024,2024,10.1016/j.respol.2024.105034,1
TurningIn,Spanish Vs. English Language Media Consumption and Latino Political Trust and Efficacy,GERVAIS;PREUHS;WILSON,POLITICAL COMMUNICATION,MAY 3 2024,2024,10.1080/10584609.2024.2305752,1
TurningIn,Selection Neglect and Political Beliefs,BRUNDAGE;LITTLE;YOU,ANNUAL REVIEW OF POLITICAL SCIENCE,2024,2024,10.1146/annurev-polisci-041322-033325,1
TurningIn,"Turn on, tune in, turn out: Ethnic radio and immigrants' political engagement",ZONSZEIN,AMERICAN JOURNAL OF POLITICAL SCIENCE,JUL 2025,2025,10.1111/ajps.12911,0
TurningIn,Ethnic Media and the Mobilization of Identity,LEMOLI,COMPARATIVE POLITICAL STUDIES,APR 2025,2025,10.1177/00104140241252076,0
TurningIn,Political party offers of representation for minority voters: advertising in Chinese-language newspapers in New Zealand,BARKER;HOYLE;MCMILLAN,COMPARATIVE MIGRATION STUDIES,DEC 4 2023,2023,10.1186/s40878-023-00357-w,0
TurningIn,Spanish Language Media Consumption and Latino Civic Engagement,GERVAIS;PREUHS;WILSON,POLITICAL RESEARCH QUARTERLY,MAR 2024,2024,10.1177/10659129231209695,0
TurningIn,"Tuning In, Not Turning Out: Evaluating the Impact of Ethnic Television on Political Participation (Expression of Concern of Vol 63, Pg 808, 2019)",NEWMAN;VELEZ,AMERICAN JOURNAL OF POLITICAL SCIENCE,OCT 2019,2019,10.1111/ajps.12455,0
WorldsApart,"Corporate social responsibility, public policy, and NGO activism in europe and the United States: An institutional-stakeholder perspective",DOH;GUAY,JOURNAL OF MANAGEMENT STUDIES,JAN 2006,2006,10.1111/j.1467-6486.2006.00582.x,704
WorldsApart,Science knowledge and attitudes across cultures: a meta-analysis,ALLUM;BRUNTON;SMITH;STURGIS;TABOURAZI,PUBLIC UNDERSTANDING OF SCIENCE,JAN 2008,2008,10.1177/0963662506070159,468
WorldsApart,"Public perceptions about nanotechnology: Risks, benefits and trust",COBB;MACOUBRIE,JOURNAL OF NANOPARTICLE RESEARCH,AUG 2004,2004,10.1007/s11051-004-3394-4,360
WorldsApart,Factors influencing public acceptance of innovative food technologies and products,SIEGRIST,TRENDS IN FOOD SCIENCE & TECHNOLOGY,2008,2008,10.1016/j.tifs.2008.01.017,357
WorldsApart,The release of genetically modified crops into the environment - Part II. Overview of ecological risk assessment,CONNER;GLARE;NAP,PLANT JOURNAL,JAN 2003,2003,10.1046/j.0960-7412.2002.001607.x,346
WorldsApart,A social representation is not a quiet thing: Exploring the critical potential of social representations theory,HOWARTH,BRITISH JOURNAL OF SOCIAL PSYCHOLOGY,MAR 2006,2006,10.1348/014466605X43777,344
WorldsApart,Risk: From perception to social representation,JOFFE,BRITISH JOURNAL OF SOCIAL PSYCHOLOGY,MAR 2003,2003,10.1348/014466603763276126,343
WorldsApart,The impact of communications about swine flu (influenza A H1N1v) on public responses to the outbreak: results from 36 national telephone surveys in the UK,MICHIE;POTTS;RUBIN,HEALTH TECHNOLOGY ASSESSMENT,JUL 2010,2010,10.3310/hta14340-03,306
WorldsApart,The meaning of natural - Process more important than content,ROZIN,PSYCHOLOGICAL SCIENCE,AUG 2005,2005,10.1111/j.1467-9280.2005.01589.x,297
WorldsApart,Deference to scientific authority among a low information public: Understanding US Opinion on agricultural biotechnology,BROSSARD;NISBET,INTERNATIONAL JOURNAL OF PUBLIC OPINION RESEARCH,SPR 2007,2007,10.1093/ijpor/edl003,294
WorldsApart,Attitudes to <i>in vitro</i> meat: A survey of potential consumers in the United States,PHILLIPS;WILKS,PLOS ONE,FEB 16 2017,2017,10.1371/journal.pone.0171904,278
WorldsApart,GM foods and the misperception of risk perception,ALLUM;BARDES;GASKELL;HAMPEL;KRONBERGER;TORGERSEN;WAGNER,RISK ANALYSIS,FEB 2004,2004,10.1111/j.0272-4332.2004.00421.x,273
WorldsApart,Public perceptions of agri-food applications of genetic modification - A systematic review and meta-analysis,BERG;DEN;DER;FISCHER;FREWER;LANS;MENOZZI;REINDERS;VAN;VAN;ZHANG;ZIMMERMANN,TRENDS IN FOOD SCIENCE & TECHNOLOGY,APR 2013,2013,10.1016/j.tifs.2013.01.003,264
WorldsApart,Detection of genetically modified organisms in foods,AHMED,TRENDS IN BIOTECHNOLOGY,MAY 2002,2002,10.1016/S0167-7799(01)01920-5,263
WorldsApart,"Framing, Motivated Reasoning, and Opinions About Emergent Technologies",BOLSEN;DRUCKMAN,JOURNAL OF COMMUNICATION,AUG 2011,2011,10.1111/j.1460-2466.2011.01562.x,261
WorldsApart,"Effect of information about benefits of biotechnology on consumer acceptance of genetically modified food: evidence from experimental auctions in the United States, England, and France",HOUSE;JAEGER;LUSK;MOORE;MORROW;TRAILL;VALLI,EUROPEAN REVIEW OF AGRICULTURAL ECONOMICS,JUN 1 2004,2004,10.1093/erae/31.2.179,249
WorldsApart,Expert and public perception of risk from biotechnology,FINUCANE;NICOTRA;RUMIATI;SAVADORI;SAVIO;SLOVIC,RISK ANALYSIS,OCT 2004,2004,10.1111/j.0272-4332.2004.00526.x,238
WorldsApart,Consumer acceptance of technology-based food innovations: Lessons for the future of nutrigenomics,FREWER;RENES;RONTELTAP;TRIJP;VAN,APPETITE,JUL 2007,2007,10.1016/j.appet.2007.02.002,233
WorldsApart,Laypeople's and experts' perception of nanotechnology hazards,FREY;KASTENHOLZ;KELLER;SIEGRIST;WIEK,RISK ANALYSIS,FEB 2007,2007,10.1111/j.1539-6924.2006.00859.x,232
WorldsApart,"Biotechnology and the American media - The policy process and the elite press, 1970 to 1999",LEWENSTEIN;NISBET,SCIENCE COMMUNICATION,JUN 2002,2002,10.1177/107554700202300401,230
WorldsApart,European and American perspectives on the meaning of natural,ARGELES;FISCHLER;ROZIN;SHIELDS,APPETITE,OCT 2012,2012,10.1016/j.appet.2012.06.001,203
WorldsApart,Public Knowledge of and Attitudes Toward Genetics and Genetic Testing,BARRY;GINSBURG;HAGA;MILLS;SULLIVAN;SVETKEY;WILLARD,GENETIC TESTING AND MOLECULAR BIOMARKERS,APR 2013,2013,10.1089/gtmb.2012.0350,196
WorldsApart,Perceived risks and perceived benefits of different nanotechnology foods and nanotechnology food packaging,KASTENHOLZ;KELLER;SIEGRIST;STAMPFLI,APPETITE,SEP 2008,2008,10.1016/j.appet.2008.02.020,195
WorldsApart,"The competition for worldviews: Values, information, and public support for stem cell research",NISBET,INTERNATIONAL JOURNAL OF PUBLIC OPINION RESEARCH,SPR 2005,2005,10.1093/ijpor/edh058,194
WorldsApart,The consumer's attitude toward genetically modified foods in Taiwan,CHEN;LI,FOOD QUALITY AND PREFERENCE,JUN 2007,2007,10.1016/j.foodqual.2006.10.002,193
WorldsApart,Evidence for Absolute Moral Opposition to Genetically Modified Food in the United States,INBAR;ROZIN;SCOTT,PERSPECTIVES ON PSYCHOLOGICAL SCIENCE,MAY 2016,2016,10.1177/1745691615621275,187
WorldsApart,Extreme opponents of genetically modified foods know the least but think they know the most,FERNBACH;INBAR;LIGHT;ROZIN;SCOTT,NATURE HUMAN BEHAVIOUR,MAR 2019,2019,10.1038/s41562-018-0520-3,172
WorldsApart,The impact of genetic modification of human foods in the 21st century: A review,UZOGARA,BIOTECHNOLOGY ADVANCES,MAY 2000,2000,10.1016/S0734-9750(00)00033-1,167
WorldsApart,Testing potential psychological predictors of attitudes towards cultured meat,FIELDING;HORNSEY;PHILLIPS;WILKS,APPETITE,MAY 1 2019,2019,10.1016/j.appet.2019.01.027,166
WorldsApart,Representations of far-flung illnesses: the case of Ebola in Britain,HAARHOFF;JOFFE,SOCIAL SCIENCE & MEDICINE,MAR 2002,2002,10.1016/S0277-9536(01)00068-5,163
WorldsApart,Psychosocial and cultural factors affecting the perceived risk of genetically modified food: an overview of the literature,FINUCANE;HOLUP,SOCIAL SCIENCE & MEDICINE,APR 2005,2005,10.1016/j.socscimed.2004.08.007,146
WorldsApart,Imagining nanotechnology: cultural support for technological innovation in Europe and the United States,EYCK;GASKELL;JACKSON;TEN;VELTRI,PUBLIC UNDERSTANDING OF SCIENCE,JAN 2005,2005,10.1177/0963662505048949,145
WorldsApart,"Factors Influencing People's Acceptance of Gene Technology: The Role of Knowledge, Health Expectations, Naturalness, and Social Trust",CONNOR;SIEGRIST,SCIENCE COMMUNICATION,DEC 2010,2010,10.1177/1075547009358919,137
WorldsApart,Structural equation modelling of consumer acceptance of genetically modified (GM) food in the Mediterranean Europe: A cross country study,COSTA;FONT;GIL,FOOD QUALITY AND PREFERENCE,SEP 2009,2009,10.1016/j.foodqual.2009.02.011,135
WorldsApart,Framing effects on public opinion about nanotechnology,COBB,SCIENCE COMMUNICATION,DEC 2005,2005,10.1177/1075547005281473,129
WorldsApart,Attitudes toward biotechnology in the European Union,MIDDEN;MILLER;PARDO,JOURNAL OF BIOTECHNOLOGY,SEP 11 2002,2002,10.1016/S0168-1656(02)00082-2,128
WorldsApart,Understanding citizen perceptions of science controversy: bridging the ethnographic-survey research divide,GOIDEL;NISBET,PUBLIC UNDERSTANDING OF SCIENCE,OCT 2007,2007,10.1177/0963662506065558,127
WorldsApart,US public opinion divided over biotechnology?,PRIEST,NATURE BIOTECHNOLOGY,SEP 2000,2000,10.1038/79412,112
WorldsApart,"Warranted concerns, warranted outlooks: a focus group study of public understandings of genetic research",BATES;BEVAN;CONDIT;LYNCH,SOCIAL SCIENCE & MEDICINE,JAN 2005,2005,10.1016/j.socscimed.2004.05.012,110
WorldsApart,<i>Yarrowia lipolytica</i> Strains and Their Biotechnological Applications: How Natural Biodiversity and Metabolic Engineering Could Contribute to Cell Factories Improvement,MADZAK,JOURNAL OF FUNGI,JUL 2021,2021,10.3390/jof7070548,109
WorldsApart,"Knowledge, attitudes towards and acceptability of genetic modification in Germany",BRUHN;CHRISTOPH;ROOSEN,APPETITE,JUL 2008,2008,10.1016/j.appet.2007.12.001,105
WorldsApart,"RETRACTED: Crop improvement through modification of the plant's own genome (Retracted article. See vol. 161, pg. 2182, 2013)",HUMARA;PERRY;RICHAEL;ROMMENS;SWORDS;YAN;YE;ZHANG,PLANT PHYSIOLOGY,MAY 2004,2004,10.1104/pp.104.040949,103
WorldsApart,"Awareness, acceptance of and willingness to buy genetically modified foods in Urban China",BAI;HUANG;PRAY;QIU,APPETITE,MAR 2006,2006,10.1016/j.appet.2005.11.005,100
WorldsApart,"Public attitudes toward agrobiotechnology: The mediating role of risk perceptions on the impact of trust, awareness, and outrage",BALASUBRAMANIAN;MOON,REVIEW OF AGRICULTURAL ECONOMICS,SUM 2004,2004,10.1111/j.1467-9353.2004.00170.x,96
WorldsApart,"Projected change in climate thresholds in the Northeastern US: implications for crops, pests, livestock, and farmers",CHASE;HAYHOE;PETZOLDT;SEAMAN;WOLFE;ZISKA,MITIGATION AND ADAPTATION STRATEGIES FOR GLOBAL CHANGE,JUN 2008,2008,10.1007/s11027-007-9125-2,90
WorldsApart,Media attention and exposure in relation to support for agricultural biotechnology,BESLEY;SHANAHAN,SCIENCE COMMUNICATION,JUN 2005,2005,10.1177/1075547005275443,90
WorldsApart,A review of Canadian forest vegetation management research and practice,PITT;THOMPSON,ANNALS OF FOREST SCIENCE,OCT-NOV 2003,2003,10.1051/forest:2003060,88
WorldsApart,Attitudes toward science among the European public: a methodological analysis,CALVO;PARDO,PUBLIC UNDERSTANDING OF SCIENCE,APR 2002,2002,10.1177/096366202129084859,88
ECigUse,Patterns of E-Cigarette Use Among Cardiac Inpatients at a Tertiary-Care Hospital: A Cross-Sectional Survey,BATES;HESHMATI;MIR;MULLEN;PIPE;SHAHEN;WALKER,CJC OPEN,NA,2025,10.1016/j.cjco.2025.02.004,0
ECigUse,"PERCEPTION OF SAFETY: A SURVEY ON THE RISKS OF VAPING, HOOKAH, AND CIGARETTE CONSUMPTION",AHUJA;GAJDHAR;JOSE;KARANDE;KASHWANI;KUMAR;KUMARI;NAVIN;SHAMMAS,BULLETIN OF STOMATOLOGY AND MAXILLOFACIAL SURGERY,NA,2025,10.58240/1829006X-2025.4-217,0
ECigUse,"Tobacco Regulation, Economics, and Public Health, Volume II: Clearing the Air on E-Cigarettes and Harm Reduction",HAMPSHER;MONK;PATWARDHAN;PRIEGER,NA,NA,2024,10.1007/978-3-031-47087-5,2
ECigUse,A comprehensive review of the relationship between air pollution and cardiovascular disease,BASHARDOUST;DEHGHANI;GHALHARI;NAYERI;REZVANI;ZAREZADEH,NA,NA,2024,10.1016/B978-0-443-16080-6.00001-X,0
ECigUse,Young Adults May Be Engaging in Risky Behaviors with Their E-Cigarettes,KRUKOWSKI;LITTLE;PEBLEY;TALCOTT,MILITARY BEHAVIORAL HEALTH,NA,2022,10.1080/21635781.2022.2040661,0
ECigUse,"Tobacco CSR, Sustainability Reporting, and the Marketing Paradox",AR;GREENLAND;J;LOW;LU,NA,NA,2021,10.1007/978-3-030-42465-7_67,2
ECigUse,"Comparison of the risks of combustible cigarettes, e-cigarettes, and heated tobacco products",CHO,JOURNAL OF THE KOREAN MEDICAL ASSOCIATION,NA,2020,10.5124/JKMA.2020.63.2.96,15
ECigUse,E-cigarettes: no smoke without fire?,BANKS;COPELAND;COSMA;DANIELS;DJARLIJEVA;LLEWELLYN;MORRIS,BRITISH ACTUARIAL JOURNAL,NA,2020,10.1017/S1357321720000112,0
ECigUse,E-Cigarettes: A Hazard or a Help?,GUTTERMAN,NORTH AMERICAN ACTUARIAL JOURNAL,NA,2020,10.1080/10920277.2019.1683040,1
ECigUse,The cardiovascular effects of electronic cigarettes: A systematic review of experimental studies,KENNEDY;MCKEE;PISINGER;SCHALKWYK;VAN,PREVENTIVE MEDICINE,NA,2019,10.1016/j.ypmed.2019.105770,74
HypertensionGuidelines,Low-intensity isometric handgrip exercise has no transient effect on blood pressure in patients with coronary artery disease,BUYS;CORNELISSEN;FABIANA;GOESSLER,JOURNAL OF THE AMERICAN SOCIETY OF HYPERTENSION,NA,2016,10.1016/j.jash.2016.04.006,20
HypertensionGuidelines,Medication Adherence and Blood Pressure Control Among Hypertensive Patients With Coexisting Long-Term Conditions in Primary Care Settings,CHAN;CHEN;GRIFFITHS;LEE;LI;LIU;WANG,MEDICINE (UNITED STATES),NA,2016,10.1097/MD.0000000000003572,41
HypertensionGuidelines,Longitudinal association of dairy consumption with the changes in blood pressure and the risk of incident hypertension: The Framingham Heart Study,FOX;JACQUES;MCKEOWN;TROY;WANG,BRITISH JOURNAL OF NUTRITION,NA,2015,10.1017/S0007114515003578,82
HypertensionGuidelines,Exendin-4 protects against post-myocardial infarction remodelling via specific actions on inflammation and the extracellular matrix,BRAZIL;CALDERWOOD;CASSIDY;CHURCH;DEREK;GREEN;GRIEVE;LOCKHART;MCDERMOTT;MCGAHON;ROBINSON;TATE;ZHAO,BASIC RESEARCH IN CARDIOLOGY,NA,2015,10.1007/s00395-015-0476-7,64
HypertensionGuidelines,A study of the role of GATA2 gene polymorphism in coronary artery disease risk traits,AL;AL;AL;AL;ANDRES;BAZ;BOUDARI;DZIMIRI;MEYER;MUIYA;NAJAI;SHAHID;TAHIR;TASSAN;WAKIL,GENE,NA,2014,10.1016/j.gene.2014.04.064,37
HypertensionGuidelines,"Prevalence of undiagnosed and inadequately treated type 2 diabetes mellitus, hypertension, and Dyslipidemia in morbidly obese patients who present for Bariatric surgery",ADAMS;ALI;DADA;HODA;LACKEY;MOSTAEDI,OBESITY SURGERY,NA,2014,10.1007/s11695-014-1196-z,11
HypertensionGuidelines,Best Practices for Scientific Computing,ARULIAH;BROWN;CHUE;DAVIS;GUY;HADDOCK;HONG;HUFF;MITCHELL;PLUMBLEY;WAUGH;WHITE;WILSON;WILSON,PLOS BIOLOGY,NA,2014,10.1371/journal.pbio.1001745,464
HypertensionGuidelines,The 3′-UTR of the adiponectin Q gene harbours susceptibility loci for atherosclerosis and its metabolic risk traits,AL;AL;ANDRES;DZIMIRI;ELHAWARI;GUECO;MAZHAR;MEYER;MUIYA;NAJAI;SHAHID;TAHIR;TASSAN,BMC MEDICAL GENETICS,NA,2013,10.1186/1471-2350-14-127,7
HypertensionGuidelines,Antihypertensive effect of acupuncturing at KI3 in spontaneously hypertensive rats,CUI;FAN;LAI;TANG;WANG;XU,NA,NA,2013,10.1109/BIBM.2013.6732747,0
HypertensionGuidelines,Hypertension management and factors associated with blood pressure control in Jordanian patients attending cardiology clinic,ABU;ABURUZ;BULATOVA;FARHA;YOUSEF,TROPICAL JOURNAL OF PHARMACEUTICAL RESEARCH,NA,2013,10.4314/tjpr.v12i5.25,7
HypertensionGuidelines,"An exploratory study of health behaviors and the risks for triple H (hypertension, hyperlipidemia, and hyperglycemia) in young adults with disabilities between 20 and 39 years of age",HSU;LIN;LIN;LIU;WU;WU,RESEARCH IN DEVELOPMENTAL DISABILITIES,NA,2013,10.1016/j.ridd.2013.06.044,8
HypertensionGuidelines,"Olmesartan/amlodipine/hydrochlorothiazide in participants with hypertension and diabetes, chronic kidney disease, or chronic cardiovascular disease: A subanalysis of the multicenter, randomized, double-blind, parallel-group TRINITY study",CHRYSANT;FERNANDEZ;HEYRMAN;IZZO;KEREIAKES;LEE;LITTLEJOHN;MELINO,CARDIOVASCULAR DIABETOLOGY,NA,2012,10.1186/1475-2840-11-134,26
HypertensionGuidelines,Proteomic Response to Acupuncture Treatment in Spontaneously Hypertensive Rats,CHEW;HAO;HE;HUANG;LAI;LIANG;MA;NABAR;PAN;SNEED;SU;TANG;WANG;YANG;YANG;ZHANG;ZHANG;ZHOU,PLOS ONE,NA,2012,10.1371/journal.pone.0044216,44
HypertensionGuidelines,The j-curve revisited: A therapeutic dilemma,FILIPPONE;FOY,CARDIOLOGY IN REVIEW,NA,2012,10.1097/CRD.0b013e3182564a34,5
HypertensionGuidelines,"High blood pressure in adults with disabilities: Influence of gender, body weight and health behaviors",HSU;LIN;LIN;LIOU;LIU,RESEARCH IN DEVELOPMENTAL DISABILITIES,NA,2012,10.1016/j.ridd.2012.03.027,23
HypertensionGuidelines,Progress report on the first sub-Saharan Africa trial of newer versus older antihypertensive drugs in native black patients,ADIKAIBE;ANISIUBA;B;BOOMBHI;BUYAMBA;EZEALA;IJOMA;KABANGU;KAMDEM;KAPTUE;KINGUE;KOLO;LEMOGOUM;M;NDIAYE;ODILI;OMOTOSO;SHU;STAESSEN;THIJS;ULASI,TRIALS,NA,2012,10.1186/1745-6215-13-59,9
HypertensionGuidelines,Hypertension guidelines,ARONOW,HYPERTENSION,NA,2011,10.1161/HYPERTENSIONAHA.111.177147,33
MarijuanaUse,A Holistic Review of Cannabis and Its Potential Risks and Benefits in Mental Health,BORREGO;BORREGO;RUIZ,PSYCHIATRY INTERNATIONAL,NA,2025,10.3390/psychiatryint6030092,1
MarijuanaUse,Psychosis Spectrum Symptoms before and after Adolescent Cannabis Use Initiation,BARCH;JACKSON;KARCHER;OSBORNE,JAMA PSYCHIATRY,NA,2025,10.1001/jamapsychiatry.2024.3525,2
MarijuanaUse,"The Impact of the COVID-19 Pandemic on Cannabis Use, Motives, and Reinforcement",BETKOWSKI;BUSCEMI;DENNHARDT;FISCHER;GREENLEY;KRUTSIK;LOIACONO;MILLER;NEFF;TAKGBAJOUAH;TRAN;YURASEK,JOURNAL OF DRUG ISSUES,NA,2025,10.1177/00220426251389783,0
MarijuanaUse,Cannabis Use in Adolescents,BHANGU;MALHI;SHAH;SINGH,DELAWARE JOURNAL OF PUBLIC HEALTH,NA,2025,10.32481/djph.2025.09.03,0
MarijuanaUse,Understanding Bidirectional Relations Between Adolescent Cannabis Use and Internalizing and Externalizing Symptoms: A Longitudinal Study of Canadian Youth,HILL;KOPALA;SAAH;SIBLEY;STEVENSON,JOURNAL OF CHILD AND ADOLESCENT SUBSTANCE USE,NA,2025,10.1080/29973368.2025.2543706,1
MarijuanaUse,Impact of CSE and THC on the Respiratory System Mucosa: Insights on Novel Experimental Models,BUCCHIERI;BURGIO;CAPPELLO;CARISTA;MANNA;PICONE,JOURNAL OF BIOLOGICAL REGULATORS AND HOMEOSTATIC AGENTS,NA,2024,10.23812/j.biol.regul.homeost.agents.20243808.454,0
MarijuanaUse,"Chronic Pain and Cannabis Use Frequency, Intensity, and Severity in Young Adults",ABRANTES;ANDERSON;HAYAKI;STEIN,SUBSTANCE USE AND MISUSE,NA,2024,10.1080/10826084.2023.2287240,1
MarijuanaUse,Investigating the Relative Influence of Romantic Sex Partners and Close Friends on Adolescent Alcohol and Marijuana Use,ELLEN;FICHTENBERG;FLESSA;KRUTKOVA;MATSON;STANKOV,PREVENTION SCIENCE,NA,2023,10.1007/s11121-023-01536-y,2
MarijuanaUse,Consumption of Cannabis: A Risk Factor or a Therapeutic Agent for Patients with Schizophrenia,MEHMOOD;SHABBIR;WAQAR;ZAINAB,NA,NA,2023,10.1007/978-981-19-7022-1_15,0
MarijuanaUse,Adolescent Substance Use Prevention: Long-Term Benefits of School Engagement,HENRY;LEE,JOURNAL OF SCHOOL HEALTH,NA,2022,10.1111/josh.13133,7
MarijuanaUse,Marijuana smoking and asthma: A protocol for a meta-analysis,LEI;SHAO,BMJ OPEN,NA,2022,10.1136/bmjopen-2020-047324,2
MarijuanaUse,Minors and cannabis use: an analysis by gender and age; Menores y consumo de cannabis: un análisis por género y edad,ARES;BOUBETA;FEIJ;FOLGAR;ISORNA;LI;N;O;OTERO;SANMART,REVISTA ESPANOLA DE DROGODEPENDENCIAS,NA,2022,10.54108/10028,0
MarijuanaUse,"Exploring the trend of Schizophrenia at Hiwot Fana specialized university referral hospital, Eastern, Ethiopia (2016–2020): A 5-year retrospective analysis",DESSIE;GEDA;MOHAMMED;YADETA,SAGE OPEN MEDICINE,NA,2022,10.1177/20503121221132160,0
MarijuanaUse,Marijuana Use and Increases in Use over Time among Young Adult College Students in the State of Georgia: Analyses of Sociocontexual Predictors,BERG;CAVAZOS;DODGE;HAARD;MA;REHG;RFER;WINDLE;YANG,SUBSTANCE USE AND MISUSE,NA,2022,10.1080/10826084.2021.2012691,2
MarijuanaUse,Psychometric properties of the Serbian adaptation of the cannabis use intention questionnaire (CUIQ) among secondary medical school adolescents,ANKOVI;BOKAN;CANKOVI;DINI;IFOROVI;NI;URICA;URKOVI,JOURNAL OF SUBSTANCE USE,NA,2022,10.1080/14659891.2021.1989508,2
MarijuanaUse,Scoping Review and Meta-Analysis Suggests that Cannabis Use May Reduce Cancer Risk in the United States,CLARK,CANNABIS AND CANNABINOID RESEARCH,NA,2021,10.1089/can.2019.0095,9
MarijuanaUse,Mapping the pathways between recreational cannabis use and mood disorders: A Behaviour Sequence Analysis approach,CLARKE;D;JOYCE;KEATLEY;PARKE;WALTERS,HEALTH PROMOTION JOURNAL OF AUSTRALIA,NA,2020,10.1002/hpja.261,5
MarijuanaUse,"Cognitive aptitude, peers, and trajectories of marijuana use from adolescence through young adulthood",KELLY;VUOLO,PLOS ONE,NA,2019,10.1371/journal.pone.0223152,6
MarijuanaUse,Chronic substance use and self-harm in a primary health care setting,BANTJES;BREET;LEWIS,AFRICAN JOURNAL OF PRIMARY HEALTH CARE AND FAMILY MEDICINE,NA,2018,10.4102/phcfm.v10i1.1544,4
MarijuanaUse,Adolescent Marijuana Use and Perceived Ease of Access Before and After Recreational Marijuana Implementation in Colorado,BROOKS;HARPIN;JAMES;LEVINSON;MA;RUSSELL,SUBSTANCE USE AND MISUSE,NA,2018,10.1080/10826084.2017.1334069,63
MarijuanaUse,The treatment of cannabis use disorder,DANOVITCH;GORELICK,NA,NA,2018,10.1016/B978-0-323-54856-4.00007-9,5
MarijuanaUse,Cannabis on campus: Changing the dialogue in the wake of legalization,BEAZLEY;FIELD,NA,NA,2018,10.4324/9781315160177,0
MarijuanaUse,The consequences of chronic cannabis smoking in vulnerable adolescents,AL;FITZGERALD;IEDE;MILNE;NUNN,PAEDIATRIC RESPIRATORY REVIEWS,NA,2017,10.1016/j.prrv.2016.11.001,5
MarijuanaUse,"Prenatal, perinatal, and adolescent exposure to marijuana: Relationships with aggressive behavior",BARTHELEMY;CABRAL;FRANK;RICHARDSON,NEUROTOXICOLOGY AND TERATOLOGY,NA,2016,10.1016/j.ntt.2016.06.009,15
MarijuanaUse,Measuring protective behavioral strategies for marijuana use among young adults,HUMMER;NEIGHBORS;PEDERSEN;RINKER;TRAYLOR,JOURNAL OF STUDIES ON ALCOHOL AND DRUGS,NA,2016,10.15288/jsad.2016.77.441,86
MarijuanaUse,Economic and intangible costs of cannabis consumption in Germany; Ökonomische und intangible kosten des cannabiskonsums in Deutschland,EFFERTZ;LINDER;VERHEYEN,SUCHT,NA,2016,10.1024/0939-5911.a000406,12
MarijuanaUse,Showdown at the cannabis corral,EISENSTEIN,NATURE,NA,2015,10.1038/525S15a,18
NonmetroRole,Body image among women with physical disabilities: Internalization of norms and reactions to nonconformity,FANFLIK;MCLORG;TAUB,SOCIOLOGICAL FOCUS,NA,2003,10.1080/00380237.2003.10570722,27
SchoolSocialBonds,"School’s sex-composition, teachers’ accuracy and gender stereotypes: explanations for teachers’ different teachability perceptions of boys and girls",HOUTTE;VAN,SOCIAL PSYCHOLOGY OF EDUCATION,NA,2025,10.1007/s11218-025-10044-6,0
SchoolSocialBonds,Exploring pathways: How friends' anti-academic behavior contributes to the gender gap in language and math grades,HEK;VAN,RESEARCH IN SOCIAL STRATIFICATION AND MOBILITY,NA,2025,10.1016/j.rssm.2025.101042,1
SchoolSocialBonds,One way or another: An optimal matching analysis of students' educational pathways and the impact of socioeconomic background and engagement,DEMANET;VANDELANNOTE,BRITISH EDUCATIONAL RESEARCH JOURNAL,NA,2025,10.1002/berj.4077,0
SchoolSocialBonds,Research anomalies in criminology: How serious? How extensive over time? And who was responsible?,ALRASHED;ATEEQ;BIN;CRAWFORD;LOCKETT;MM;SCH,ACCOUNTABILITY IN RESEARCH,NA,2025,10.1080/08989621.2023.2241127,1
SchoolSocialBonds,Explaining Juvenile Delinquency via Mainstream Criminological Theories: A Systematic Review of Empirical Studies in Hong Kong,SIU;ZHONG,NA,NA,2025,10.4324/9781003385066-4,0
SchoolSocialBonds,"School-Wide Attendance Rates and Firearm-Involved Expulsions in Michigan K-12 Public Schools, 2018–2022",DEGLI;DEL;ESPOSTI;HEINZE;HSIEH;KERNSMITH;MEDINA;SOKOL;TORO;VICTOR,JOURNAL OF SCHOOL VIOLENCE,NA,2025,10.1080/15388220.2025.2491812,0
SchoolSocialBonds,How do Confucian schools and Anglo schools differ? A latent profile analysis based on PISA 2015,HU,LARGE-SCALE ASSESSMENTS IN EDUCATION,NA,2024,10.1186/s40536-024-00225-8,2
SchoolSocialBonds,Predictors of mental health during young people's transition from out-of-home care in Austria,BERGER;GROINIG;HAGLEITNER;MARAN;ROSSNAGL;STING,CHILD ABUSE AND NEGLECT,NA,2024,10.1016/j.chiabu.2024.107139,1
SchoolSocialBonds,The cross-sectional correlates and longitudinal predictors of involvement in violent and bullying behavior among adolescents and young adults: evidence from India,MAURYA;MUHAMMAD;THAKKAR,JOURNAL OF PUBLIC HEALTH (GERMANY),NA,2024,10.1007/s10389-023-01945-x,2
SchoolSocialBonds,"The relationship between school and classroom climate, and academic achievement: A meta-analysis",ERDEM;KAYA,SCHOOL PSYCHOLOGY INTERNATIONAL,NA,2024,10.1177/01430343231202923,21
SchoolSocialBonds,"Socioeconomic Strain, Bullying Perpetration, and Negative Emotions: A Re-specification of GST",STROHACKER;WATTS;WRIGHT,CRIME AND DELINQUENCY,NA,2024,10.1177/00111287221093326,7
SchoolSocialBonds,The mediating role of self-control on the relations between adverse childhood experiences and substance use among adolescents in Uganda,AMONE;KIBEDI;MAYENGO;NAKANWAGI;NAMUSOKE;OLAK;OMECH;P;SSENYONGA,FRONTIERS IN PSYCHOLOGY,NA,2024,10.3389/fpsyg.2024.1297565,2
SchoolSocialBonds,Gender differences in class engagement and disruptive school behaviour: boys’ susceptibility to peers’ motivation culture,HOUTTE;VAN,GENDER AND EDUCATION,NA,2024,10.1080/09540253.2024.2345061,6
SchoolSocialBonds,"Be true to your school? Teachers’ turnover intentions: the role of socioeconomic composition, teachability perceptions, emotional exhaustion and teacher efficacy",AMITAI;EYCKEN;HOUTTE;VAN;VAN,RESEARCH PAPERS IN EDUCATION,NA,2024,10.1080/02671522.2022.2089208,21
SchoolSocialBonds,It takes a village: examining social capital effects of parental and community agency involvement on school delinquency,BOWER,SOCIAL SCIENCE JOURNAL,NA,2024,10.1080/03623319.2020.1848292,0
SchoolSocialBonds,Conducting School-Based Research With Newcomer Immigrant Adolescents: Challenges and Solutions,ARORA;LEDESMA;LIM;WHEELER,SCHOOL PSYCHOLOGY,NA,2023,10.1037/spq0000599,3
SchoolSocialBonds,Exploring the Discipline Gap: Is School Bonding Protective Against Suspension for Black Girls?,ANGTON,JOURNAL OF AFRICAN AMERICAN STUDIES,NA,2023,10.1007/s12111-023-09637-2,0
SchoolSocialBonds,When the context withholds girls from gender a-typical conduct: Schools' gender role culture and disruptive school behaviour of boys and girls,HOUTTE;VAN,SOCIOLOGY COMPASS,NA,2023,10.1111/soc4.13130,3
SchoolSocialBonds,School Fairness and Repeated Bullying Victimization Among High School Students,LAPSEY;MCNEELEY;OVERSTREET;SRIKEN,CRIME AND DELINQUENCY,NA,2023,10.1177/00111287221130965,0
SchoolSocialBonds,Determinants of School Discipline: Examination of Institutional Level Factors Impacting Exclusionary Sanctions,SHOUP;TAYLOR;ZUBER,YOUTH AND SOCIETY,NA,2023,10.1177/0044118X221075053,4
SchoolSocialBonds,"Can Retracted Social Science Articles Be Distinguished from Non-Retracted Articles by Some of the Same Authors, Using Benford’s Law or Other Statistical Methods?",ALRASHED;ATEEQ;CRAWFORD;LOCKETT;MM;SCH,PUBLICATIONS,NA,2023,10.3390/publications11010014,5
SchoolSocialBonds,RACE AND RISK: Poverty in an Urban Setting,BLUMENTHAL;DELAVEGA,NA,NA,2023,10.4324/9781032632391-24,0
SchoolSocialBonds,Unraveling components of classroom climate: the case of the Rubik educational project; Desentrañando componentes del clima educativo: el caso del proyecto educativo Rubik,A;G;GARC;GONZ;IBORRA;JIM;LEZ;MEZ;MONGE;NEZ;RUIZ,REVISTA ELECTRONICA INTERUNIVERSITARIA DE FORMACION DEL PROFESORADO,NA,2023,10.6018/reifop.559431,0
SchoolSocialBonds,"Racialised identity, racism and the mental health of children and adolescents",BHUGRA;HEINZ;LAZARIDOU;SCHULZE,INTERNATIONAL REVIEW OF PSYCHIATRY,NA,2023,10.1080/09540261.2023.2181059,8
SchoolSocialBonds,"Exploring social-emotional learning, school climate, and social network analysis",ELIAS;MACDONNELL;WANG;XU,JOURNAL OF COMMUNITY PSYCHOLOGY,NA,2023,10.1002/jcop.22881,14
SchoolSocialBonds,"Understanding the gender gap in school (dis)engagement from three gender dimensions: the individual, the interactional and the institutional",HOUTTE;VAN,EDUCATIONAL STUDIES,NA,2023,10.1080/03055698.2020.1842722,19
SchoolSocialBonds,The role of primary school composition in affective decision-making: a prospective cohort study,FLOURI;JOSHI;PAPACHRISTOU,SOCIAL PSYCHIATRY AND PSYCHIATRIC EPIDEMIOLOGY,NA,2022,10.1007/s00127-022-02252-8,2
SchoolSocialBonds,"Race, Femininity, and School Suspension",GREEN,YOUTH AND SOCIETY,NA,2022,10.1177/0044118X211001098,6
SchoolSocialBonds,Sense of Futility as Subject of Disciplinary Action: Do Students With Negative Attitudes Toward the Educational System Get Disciplined More Often?,DEGROOTE;HOUTTE;VAN,BEHAVIORAL DISORDERS,NA,2022,10.1177/0198742920961354,1
SchoolSocialBonds,An empirical approach to the study of legal socialization in adolescence,BAZ;CORES;FERN;MOLINA;NDEZ,EUROPEAN JOURNAL OF CRIMINOLOGY,NA,2022,10.1177/1477370819896212,12
SchoolSocialBonds,The Effectiveness of the Say-Something Anonymous Reporting System in Preventing School Violence: A Cluster Randomized Control Trial in 19 Middle Schools,CUNNINGHAM;GRODZINSKI;HEINZE;HSIEH;LEE;MESSMAN;POMERANTZ;STODDARD;ZIMMERMAN,JOURNAL OF SCHOOL VIOLENCE,NA,2022,10.1080/15388220.2022.2105858,10
SchoolSocialBonds,The Effect of Program Staffing Difficulties on Changes in Dynamic Risk and Reoffending among Juvenile Offenders in Residential Placement,BAGLIVIO;LIMONCELLI;WOLFF,JUSTICE QUARTERLY,NA,2022,10.1080/07418825.2020.1825774,4
SchoolSocialBonds,Net-Widening in Schools?: The Collateral Consequences of Safe School Expenditures for Suspension Rates,BAILEY;HUGHES;STEWART;WARREN,RACE AND JUSTICE,NA,2022,10.1177/2153368719857215,11
SchoolSocialBonds,Influence of School Factors on Adolescent Smoking Behavior From the Perspective of Hirschi’s Social Bond Theory,HUNG;KUEH;TUNG,JOURNAL OF RESEARCH IN EDUCATION SCIENCES,NA,2021,10.6209/JORIES.202112_66(4).0004,1
SchoolSocialBonds,Life Domains and Dating Violence Among Latino Youth: A Partial Test of Agnew’s Integrated General Theory,MUNIZ;ZAVALA,CRIMINAL JUSTICE REVIEW,NA,2021,10.1177/0734016820966036,4
SchoolSocialBonds,"Gender, Bullying Victimization, Depressive Symptoms, and Suicidality",STROHACKER;WATTS;WRIGHT,INTERNATIONAL JOURNAL OF OFFENDER THERAPY AND COMPARATIVE CRIMINOLOGY,NA,2021,10.1177/0306624X19895964,46
SchoolSocialBonds,School Violence and Teacher Professional Engagement: A Cross-National Study,NING;QIN;YANG,FRONTIERS IN PSYCHOLOGY,NA,2021,10.3389/fpsyg.2021.628809,20
SchoolSocialBonds,Does school climate that includes students’ views deliver academic achievement? A multilevel meta-analysis,AKIN;ARIKAN;DEMIRTA;TERZI;ZORBAZ,SCHOOL EFFECTIVENESS AND SCHOOL IMPROVEMENT,NA,2021,10.1080/09243453.2021.1920432,28
SchoolSocialBonds,Student misbehaviour and school climate: A multilevel study; La conducta disruptiva y el clima escolar: Un estudio multinivel,AGUADO;ARIAS;AZ;BABARRO;CHAC;D;FERN;MART;MART;MART;N;N;NDEZ;NEZ;NEZ,PSICOLOGIA EDUCATIVA,NA,2021,10.5093/PSED2020A10,8
SchoolSocialBonds,Supporting students’ engagement with teachers’ feedback: the role of students’ school identification,ANT;CARVALHO;MARTINS;NIO;SANTOS,EDUCATIONAL PSYCHOLOGY,NA,2021,10.1080/01443410.2020.1849564,17
SchoolSocialBonds,Authoritative school climate and out-of-school suspensions: Results from a nationally-representative survey of 10th grade students,COHEN;COOMBS;HUANG;OLSEN,PREVENTING SCHOOL FAILURE,NA,2021,10.1080/1045988X.2020.1843129,5
SchoolSocialBonds,Do Social Bonds Matter? Social Control Theory and Its Relationship to Desistance From Substance Abuse in China,BOATENG;CUI;LIU;SHUAI;WU,JOURNAL OF DRUG ISSUES,NA,2021,10.1177/0022042620957020,13
SchoolSocialBonds,When Gender Stereotypes Get Male Adolescents into Trouble: A Longitudinal Study on Gender Conformity Pressure as a Predictor of School Misconduct,HEK;HEYDER;HOUTTE;VAN;VAN,SEX ROLES,NA,2021,10.1007/s11199-020-01147-9,33
SchoolSocialBonds,Longitudinal Associations Linking Elementary and Middle School Contexts with Student Aggression in Early Adolescence,BIERMAN;HEINRICHS;SANDERS,JOURNAL OF ABNORMAL CHILD PSYCHOLOGY,NA,2020,10.1007/s10802-020-00697-6,5
SchoolSocialBonds,"Beyond the Schoolyard: A Multilevel Examination of Individual, School and School District Variables Associated with Traditional and Cyber Peer Aggression",DHUNGANA;SAINJU,CHILD AND YOUTH CARE FORUM,NA,2020,10.1007/s10566-020-09555-4,5
SchoolSocialBonds,"The role of parent-child relationship, school climate, happiness, and empathy to predict cyberbullying behavior",SAFARIA;SUYONO,INTERNATIONAL JOURNAL OF EVALUATION AND RESEARCH IN EDUCATION,NA,2020,10.11591/ijere.v9i3.20299,19
SchoolSocialBonds,Examining the Moderating Role of Social Bonds in the Relationship between School Victimization and Educational Attainment,FISHER;HOMER;MOWEN,VICTIMS AND OFFENDERS,NA,2020,10.1080/15564886.2020.1771494,0
SchoolSocialBonds,The influence of school mobility and dropout rates on non-mobile students’ school engagement: a chicken-and-egg situation?,DEGROOTE;DEMANET;HOUTTE;VAN,RESEARCH PAPERS IN EDUCATION,NA,2020,10.1080/02671522.2019.1601755,4
SchoolSocialBonds,Social bonds and profiles of delinquency among adolescents: Differential effects by gender and age,CHEN;CHIANG;JONSON;REID;WEI,CHILDREN AND YOUTH SERVICES REVIEW,NA,2020,10.1016/j.childyouth.2020.104751,12
SchoolSocialBonds,The Role of Primary School Composition in the Trajectories of Internalising and Externalising Problems across Childhood and Adolescence,FLOURI;JOSHI;LEWIS;MIDOUHAS;PAPACHRISTOU,JOURNAL OF ABNORMAL CHILD PSYCHOLOGY,NA,2020,10.1007/s10802-019-00584-9,11
SchoolSocialBonds,Construction of the Scale-Specific Resilience Index to Facilitate Multiscale Decision Making in Disaster Management: A Case Study of the 2015 Nepal Earthquake,HUANG;LI;PANDEY;SONG,SOCIAL INDICATORS RESEARCH,NA,2020,10.1007/s11205-019-02188-8,14
SchoolSocialBonds,"School Security Measures, School Environment, and Avoidance Behaviors",MCNEELEY;NGUYEN;YUAN,VICTIMS AND OFFENDERS,NA,2020,10.1080/15564886.2019.1679307,11
SchoolSocialBonds,The relationship between school burnout and school engagement: The mediating role of attitude toward learning; Povezanost izgaranja u školi i angažiranosti u školi: Posrednička uloga stava prema učenju,DU;ERDO,CROATIAN JOURNAL OF EDUCATION,NA,2020,10.15516/cje.v22i1.3250,6
SchoolSocialBonds,Social cohesion and violence in South Africa: constructing a puzzle with missing pieces,LAMB,"CRIME, LAW AND SOCIAL CHANGE",NA,2019,10.1007/s10611-019-09828-7,22
SchoolSocialBonds,Disparate Impacts: Balancing the Need for Safe Schools With Racial Equity in Discipline,JABBARI;JOHNSON;MARCUCCI;WILLIAMS,POLICY INSIGHTS FROM THE BEHAVIORAL AND BRAIN SCIENCES,NA,2019,10.1177/2372732219864707,26
SchoolSocialBonds,Stopping the Hate: Applying Insights on Bullying Victimization to Understand and Reduce the Emergence of Hate in Schools*,LEHMAN,SOCIOLOGICAL INQUIRY,NA,2019,10.1111/soin.12296,12
SchoolSocialBonds,"Individual- and school-level predictors of violence perpetration, victimization, and perceived safety in middle and high schools",ADAMS;MRUG,JOURNAL OF SCHOOL VIOLENCE,NA,2019,10.1080/15388220.2018.1528551,12
SchoolSocialBonds,"The Role of Siblings in Adolescent Delinquency Next to Parents, School, and Peers: Do Gender and Age Matter?",BRANJE;EICHELSHEIM;HUIJSMANS;MEEUS;WEERMAN,JOURNAL OF DEVELOPMENTAL AND LIFE-COURSE CRIMINOLOGY,NA,2019,10.1007/s40865-018-0094-9,6
SchoolSocialBonds,Understanding Gang Joining from a Cross Classified Multi-Level Perspective,KATZ;NU;O,DEVIANT BEHAVIOR,NA,2019,10.1080/01639625.2017.1421706,14
SchoolSocialBonds,"Socioeconomic status, economic deprivation, and school misconduct: an inquiry into the role of academic self-efficacy in four European cities",DEMANET;HOUTTE;VAN,SOCIAL PSYCHOLOGY OF EDUCATION,NA,2019,10.1007/s11218-018-9470-x,12
SchoolSocialBonds,Promoting a Culture of Bullying: Understanding the Role of School Climate and School Sector,FARINA,JOURNAL OF SCHOOL CHOICE,NA,2019,10.1080/15582159.2018.1526615,25
SchoolSocialBonds,The prediction of subjective well being in school in terms of school climate and self-efficacy; Okulda Öznel İyi oluşun okul İklimi ve Öz-yeterlik açısından yordanması,ASICI;EBRU;IKIZ,HACETTEPE EGITIM DERGISI,NA,2019,10.16986/HUJE.2018038523,7
SchoolSocialBonds,Adult and student interactions in nonclassroom settings,BRADSHAW;CASH;DEBNAM;WAASDORP;WAHL,JOURNAL OF EDUCATIONAL PSYCHOLOGY,NA,2019,10.1037/edu0000275,5
SchoolSocialBonds,The relationship of school climate with out-of-school suspensions,CORNELL;HUANG,CHILDREN AND YOUTH SERVICES REVIEW,NA,2018,10.1016/j.childyouth.2018.08.013,44
SchoolSocialBonds,Reducing bullying in schools by focusing on school climate and school socio-economic status,ARENDS;BEKU;WINNAAR,SOUTH AFRICAN JOURNAL OF EDUCATION,NA,2018,10.15700/saje.v38ns1a1596,20
SchoolSocialBonds,Why Don’t More Black Americans Offend? Testing a Theory of African American Offending’s Ethnic-Racial Socialization Hypothesis,DOHERTY;GASTON,RACE AND JUSTICE,NA,2018,10.1177/2153368716688740,22
SchoolSocialBonds,Effects of a violence prevention intervention in schools and surrounding communities: Secondary analysis of a cluster randomised-controlled trial in Uganda,ALLEN;DEVRIES;KNIGHT;MERRILL;NAKER;NAMY,CHILD ABUSE AND NEGLECT,NA,2018,10.1016/j.chiabu.2018.06.007,16
SchoolSocialBonds,Development and validation of an instrument to assess primary school students’ perceptions of the learning environment,ALDRIDGE;GALOS,LEARNING ENVIRONMENTS RESEARCH,NA,2018,10.1007/s10984-017-9248-7,6
SchoolSocialBonds,Rural-to-Urban Migration and Juvenile Delinquency in Urban China: a Social Control Perspective,SHEN;ZHONG,ASIAN JOURNAL OF CRIMINOLOGY,NA,2018,10.1007/s11417-018-9267-z,24
SchoolSocialBonds,Too Strict or Too Lenient?: Examining The Role of School Strictness With Educational and Juvenile Justice Outcomes,BLAKE;EASON;MARCHBANKS;PEGUERO;VARELA,SOCIOLOGICAL SPECTRUM,NA,2018,10.1080/02732173.2018.1478350,5
SchoolSocialBonds,"School-Based Activities, Misbehavior, Discipline, and Racial and Ethnic Disparities",KOO;LATIMORE;PEGUERO;POPP;SHEKARKHAR,EDUCATION AND URBAN SOCIETY,NA,2018,10.1177/0013124517713603,7
SchoolSocialBonds,"Violence in Schools: Repeat Victimization, Low Self-Control, and the Mitigating Influence of School Efficacy",FISSEL;TILLYER;WILCOX,JOURNAL OF QUANTITATIVE CRIMINOLOGY,NA,2018,10.1007/s10940-017-9347-8,24
SchoolSocialBonds,"MARKETIZED MENTALITY, COMPETITIVE/EGOISTIC SCHOOL CULTURE, AND DELINQUENT ATTITUDES AND BEHAVIOR: AN APPLICATION OF INSTITUTIONAL ANOMIE THEORY*",GRO;H;MESSNER;VERMANN,CRIMINOLOGY,NA,2018,10.1111/1745-9125.12173,30
SchoolSocialBonds,Positive Behavioral Interventions and Supports in High Schools: A Case Study From New Hampshire,BOHANON;FRANCOEUR;MALLOY,JOURNAL OF EDUCATIONAL AND PSYCHOLOGICAL CONSULTATION,NA,2018,10.1080/10474412.2017.1385398,9
SchoolSocialBonds,Investigating the Association Between Home-School Dissonance and Disruptive Classroom Behaviors for Urban Middle School Students,BURRIS;COLEMAN;TYLER,JOURNAL OF EARLY ADOLESCENCE,NA,2018,10.1177/0272431616678987,7
SchoolSocialBonds,"Deterring Teen Bullying: Assessing the Impact of Perceived Punishment From Police, Schools, and Parents",HINDUJA;PATCHIN,YOUTH VIOLENCE AND JUVENILE JUSTICE,NA,2018,10.1177/1541204016681057,51
SchoolSocialBonds,School Climate and College Attendance for Black Adolescents: Moving Beyond College-Going Culture,BENNER;MINOR,JOURNAL OF RESEARCH ON ADOLESCENCE,NA,2018,10.1111/jora.12361,13
SchoolSocialBonds,"The Longitudinal Impact of Distal, Non-Familial Relationships on Parental Monitoring: Implications for Delinquent Behavior",BOLLAND;BOLLAND;BOLLAND;CHURCH;HOOPER;JAGGERS;TOMEK,YOUTH AND SOCIETY,NA,2018,10.1177/0044118X15602415,2
SchoolSocialBonds,School climate,KOTH,NA,NA,2018,10.1007/978-3-319-33228-4_223,0
SchoolSocialBonds,"Vulnerability, context, and fear of victimization: Exploring race and ethnicity",MITCHELL;RANDA,JOURNAL OF ETHNICITY IN CRIMINAL JUSTICE,NA,2018,10.1080/15377938.2017.1416718,9
SchoolSocialBonds,Violence against LGBTQ Students: Punishing and Marginalizing Difference,PAYNE;SMITH,NA,NA,2018,10.1002/9781118966709.ch19,14
SchoolSocialBonds,School Violence,GOTTFREDSON;GOTTFREDSON,NA,NA,2018,10.1017/9781316847992.031,4
SchoolSocialBonds,Young pandas cheat and smoke: A social control theory explanation of Chinese University students' exam cheating and smoking,CRETACCI;GAO;ZHENG,INTERNATIONAL JOURNAL OF CRIMINAL JUSTICE SCIENCES,NA,2018,10.5281/zenodo.2654315,0
SchoolSocialBonds,Direct and indirect influences of school system on youth delinquent offending among migrant and native-born students in eight countries,DER;GAAG;STEKETEE;VAN,NA,NA,2018,10.1007/978-3-319-89462-1_6,0
SchoolSocialBonds,Examining the psychometric properties of the turkish version of the parent school climate survey and measuring of parents’ perceptions of school climate by gender; Ebeveyn okul iklimi ölçeği türkçe formu’nun psikometrik özelliklerinin incelenmesi ve ebeveyn okul iklimi algısının cinsiyete göre belirlenmesi,AVCI;BUGAY;ZDEMIR,ELEMENTARY EDUCATION ONLINE,NA,2018,10.17051/ilkonline.2018.413743,0
SchoolSocialBonds,Social inequality in attitudes and behavior: The implications of the flemish tracking system for equity,BROECK;DEMANET;DEN;HOUTTE;VAN;VAN,NA,NA,2018,10.4324/9781351128421,5
SchoolSocialBonds,Multilevel analysis of the risk factors in high-risk health behavior among Korean adolescents,KIM,OSONG PUBLIC HEALTH AND RESEARCH PERSPECTIVES,NA,2018,10.24171/J.PHRP.2018.9.1.02,4
SchoolSocialBonds,Culture as Values or Culture in Action? Street Codes and Student Violent Offending,OUSEY;SWARTZ;WILCOX,VICTIMS AND OFFENDERS,NA,2017,10.1080/15564886.2017.1307294,13
SchoolSocialBonds,"Indigenous children’s affective engagement with school: The influence of socio-structural, subjective and relational factors",DUNSTAN;HEWITT;TOMASZEWSKI,AUSTRALIAN JOURNAL OF EDUCATION,NA,2017,10.1177/0004944117732637,11
SchoolSocialBonds,Gender Differences in Context: The Impact of Track Position on Study Involvement in Flemish Secondary Education,HOUTTE;VAN,SOCIOLOGY OF EDUCATION,NA,2017,10.1177/0038040717731604,18
SchoolSocialBonds,School Security and Student Misbehavior: A Multi-Level Examination,SERVOSS,YOUTH AND SOCIETY,NA,2017,10.1177/0044118X14561007,29
SchoolSocialBonds,"Examining School Attachment, Social Support, and Trauma Symptomatology Among Court-Involved, Female Students",BARONI;CROSBY;DAY;SHIER;SOMERS;ZAMMIT,JOURNAL OF CHILD AND FAMILY STUDIES,NA,2017,10.1007/s10826-017-0766-9,19
SchoolSocialBonds,Does breaking gender stereotypes contribute to victimization at school?,AGNICH;FOROUGHI;KAHLE;MURPHY;NESTER;PEGUERO,CRIMINAL JUSTICE STUDIES,NA,2017,10.1080/1478601X.2017.1315335,1
SchoolSocialBonds,"Community Disadvantage, Prosocial Bonds, and Juvenile Reoffending: A Multilevel Mediation Analysis",BAGLIVIO;INTRAVIA;PELLETIER;WOLFF,YOUTH VIOLENCE AND JUVENILE JUSTICE,NA,2017,10.1177/1541204016639350,18
SchoolSocialBonds,"Immigrant Generations and Delinquency: Assessing the Relative Effects of Family, School, and Delinquent Friends",JIANG;PEGUERO,RACE AND JUSTICE,NA,2017,10.1177/2153368716640324,25
SchoolSocialBonds,The impact of extracurricular activities participation on youth delinquent behaviors: An instrumental variables approach,HAN;LEE;PARK,JOURNAL OF ADOLESCENCE,NA,2017,10.1016/j.adolescence.2017.05.006,16
SchoolSocialBonds,Risk factors in the development of behaviour difficulties among students with special educational needs and disabilities: A multilevel analysis,HEBRON;HUMPHREY;OLDFIELD,BRITISH JOURNAL OF EDUCATIONAL PSYCHOLOGY,NA,2017,10.1111/bjep.12141,15
SchoolSocialBonds,The Effect of Attachment and Self-Control on Status Offending among Puerto Rican High School Students,ALVAREZ;PRICE;RIVERA;TICKNOR,AMERICAN JOURNAL OF CRIMINAL JUSTICE,NA,2017,10.1007/s12103-016-9359-1,4
SchoolSocialBonds,"The Relationships of Teacher Ethnic Discrimination, Ethnic Identification, and Host National Identification to School Misconduct of Turkish and Moroccan Immigrant Adolescents in Belgium",D;ECCLES;HONDT;HOUTTE;STEVENS;VAN,DEVIANT BEHAVIOR,NA,2017,10.1080/01639625.2016.1197004,14
SchoolSocialBonds,Engaged learning: Impact of PBL and PjBL with elementary and middle grade students,BLOOM;DOLE;DOSS,INTERDISCIPLINARY JOURNAL OF PROBLEM-BASED LEARNING,NA,2017,10.7771/1541-5015.1685,32
SchoolSocialBonds,"Serious physical violence among Arab-Palestinian adolescents: The role of exposure to neighborhood violence, perceived ethnic discrimination, normative beliefs, and, parental communication",KASSABRI;KHOURY;MASSARWI,CHILD ABUSE AND NEGLECT,NA,2017,10.1016/j.chiabu.2016.11.002,42
SchoolSocialBonds,"Routes and Reasons Out, Paths Back: The Influence of Push and Pull Reasons for Leaving School on Students’ School Reengagement",BOYLAN;RENZULLI,YOUTH AND SOCIETY,NA,2017,10.1177/0044118X14522078,40
SchoolSocialBonds,Examination of the Relative Effects of Neighborhoods and Schools on Juvenile Delinquency: A Multilevel Cross-Classified Model Approach,KIM,DEVIANT BEHAVIOR,NA,2016,10.1080/01639625.2016.1170537,13
SchoolSocialBonds,The development of self-control from kindergarten to fifth grade: the effects of neuropsychological functioning and adversity,BEAVER;GAJOS,EARLY CHILD DEVELOPMENT AND CARE,NA,2016,10.1080/03004430.2015.1111881,3
SchoolSocialBonds,School Climate and Academic Achievement in Suburban Schools,SULAK,EDUCATION AND URBAN SOCIETY,NA,2016,10.1177/0013124514541465,11
SchoolSocialBonds,THE ROLE OF SCHOOL LEVEL PROTECTIVE FACTORS IN OVERCOMING CUMULATIVE RISK FOR BEHAVIOR DIFFICULTIES IN CHILDREN WITH SPECIAL EDUCATIONAL NEEDS AND DISABILITIES,HEBRON;HUMPHREY;OLDFIELD,PSYCHOLOGY IN THE SCHOOLS,NA,2016,10.1002/pits.21950,5
SchoolSocialBonds,The Geography of Normative Climates: An Application to Adolescent Substance Use,THRASH;WARNER,JOURNAL OF YOUTH AND ADOLESCENCE,NA,2016,10.1007/s10964-016-0444-z,13
SchoolSocialBonds,The Centrality of Schools in the Lifecourse: The Case for Focusing on School-Related Influences in Developmental Theory and Research,PAYNE;WELCH,DEVIANT BEHAVIOR,NA,2016,10.1080/01639625.2015.1071134,12
SchoolSocialBonds,Social Bonding to School and Educational Inequality,LI;OVINK;PEGUERO,SOCIOLOGICAL PERSPECTIVES,NA,2016,10.1177/0731121415586479,32
SchoolSocialBonds,Social bonds and police misconduct: An examination of social control theory and its relationship to workplace deviance among police supervisors,DONNER;FRIDELL;MASKALY,POLICING,NA,2016,10.1108/PIJPSM-10-2015-0109,16
SchoolSocialBonds,Educator evaluations of school climate for LGBTQ Students: A reiteration of the bullying discourse,PAYNE;SMITH,NA,NA,2016,10.4324/9781315643403,4
SchoolSocialBonds,Green Criminology and the Reconceptualization of School Violence: Comparing Green School Violence and Traditional Forms of School Violence for School Children,BARRETT;LYNCH;STRETESKY,CRITICAL CRIMINOLOGY,NA,2016,10.1007/s10612-015-9280-9,8
SchoolSocialBonds,Backlash for Breaking Racial and Ethnic Breaking Stereotypes: Adolescent School Victimization Across Contexts,JIANG;PEGUERO,JOURNAL OF INTERPERSONAL VIOLENCE,NA,2016,10.1177/0886260514564063,10
SchoolSocialBonds,"Cyber deviance among adolescents and the role of family, school, and neighborhood: A cross-national study",UDRIS,INTERNATIONAL JOURNAL OF CYBER CRIMINOLOGY,NA,2016,10.5281/zenodo.163393,45
SchoolSocialBonds,Physical and nonphysical bullying victimization of academically oriented students: The role of gender and school type,LEHMAN,AMERICAN JOURNAL OF EDUCATION,NA,2015,10.1086/683294,5
SchoolSocialBonds,School Climate and Violence: Does Immigrant Status Matter?,DIPIETRO;ESBENSEN;SLOCUM,YOUTH VIOLENCE AND JUVENILE JUSTICE,NA,2015,10.1177/1541204014547589,21
SchoolSocialBonds,Correlates of science achievement in Singapore: A multilevel exploration,AREEPATTAMANNIL;CHIAM;HONG;LEE,NA,NA,2015,10.1007/978-3-319-16390-1_25,2
SchoolSocialBonds,Testing the Influence of Community Characteristics on School Misconduct,ARMSTRONG;ARMSTRONG;KATZ,JUSTICE QUARTERLY,NA,2015,10.1080/07418825.2013.807349,6
SchoolSocialBonds,Preliminary development of a revised version of the school climate measure,COLLINS;GHANI;HUEBNER;HUNTER;PATTON;ZHANG;ZULLIG,PSYCHOLOGICAL ASSESSMENT,NA,2015,10.1037/pas0000070,44
SchoolSocialBonds,The development of an instrument to measure school readiness for a prevention program,DYMNICKI;HENRY;MYFORD,LEARNING ENVIRONMENTS RESEARCH,NA,2015,10.1007/s10984-015-9183-4,2
SchoolSocialBonds,Perceived Injustice and School Violence: An Application of General Strain Theory,BUNCH;CLAY;JAMES;WARNER,YOUTH VIOLENCE AND JUVENILE JUSTICE,NA,2015,10.1177/1541204014521251,51
SchoolSocialBonds,School bonds and the onset of substance use among Korean youth: An examination of social control theory,HAN;KIM;MA,INTERNATIONAL JOURNAL OF ENVIRONMENTAL RESEARCH AND PUBLIC HEALTH,NA,2015,10.3390/ijerph120302923,19
SchoolSocialBonds,"Social Control and Intersectionality: A Multilevel Analysis of School Misconduct, Location, Race, Ethnicity, and Sex",BYRD;KAHLE;PEGUERO;POPP,SOCIOLOGICAL SPECTRUM,NA,2015,10.1080/02732173.2014.1000552,13
SchoolSocialBonds,"Family, School, Peers, and Recidivism Among South Korean Juvenile Offenders: an Event History Analysis",JO;JOO,ASIAN JOURNAL OF CRIMINOLOGY,NA,2015,10.1007/s11417-015-9205-2,8
SchoolSocialBonds,Homophily in Adolescence: Is Similarity in Status Characteristics Associated with Similarity in Anti-school Behaviour?,BERTEN;ROSSEM;VAN,YOUNG,NA,2015,10.1177/1103308814557400,2
SchoolSocialBonds,Juvenile delinquency: An integrated approach,BARTUSCH;BURFEIND,NA,NA,2015,10.4324/9781315731094,9
SchoolSocialBonds,School securitization and Latina/o educational progress,GONZ;LEZ;PEGUERO;PORTILLOS,URBAN EDUCATION,NA,2015,10.1177/0042085914534860,17
SchoolSocialBonds,Turkish adaptation of the connected classroom climate inventory (CCCI); Sınıf iklimi envanteri’nin (SİE) Türkçe’ye uyarlanması,KABASAKAL;KAL;KL;RN;SA;T,ELEMENTARY EDUCATION ONLINE,NA,2015,10.17051/io.2015.30422,6
SchoolSocialBonds,How school and education impact the development of criminal and antisocial behavior,PAYNE;WELCH,NA,NA,2015,10.1007/978-3-319-08720-7_15,13
SchoolSocialBonds,"Breaking Stereotypes and School Punishment: Family Socioeconomic Status, Test Scores, Academic and Sport Activities, Backlash, and Racial and Ethnic Discipline Disparities",PEGUERO;POPP;SHEKARKHAR,JOURNAL OF ETHNICITY IN CRIMINAL JUSTICE,NA,2015,10.1080/15377938.2014.893219,8
SchoolSocialBonds,Social-ethnic school composition and disengagement: An inquiry into the perceived control explanation,DEMANET;HOUTTE;VAN,SOCIAL SCIENCE JOURNAL,NA,2014,10.1016/j.soscij.2014.09.001,30
SchoolSocialBonds,Gender Differences in Bullying Victimization: The Role of Academics and School Context,LEHMAN,SOCIOLOGICAL SPECTRUM,NA,2014,10.1080/02732173.2014.947454,8
SchoolSocialBonds,Social bonding and crime,SCHROEDER,NA,NA,2014,10.4135/9781483349114.n13,3
SchoolSocialBonds,"Equity, connection, and engagement in the school context to promote positive youth development",BRADSHAW;DEBNAM;JOHNSON;LINDSTROM;WAASDORP,JOURNAL OF RESEARCH ON ADOLESCENCE,NA,2014,10.1111/jora.12083,63
SchoolSocialBonds,Moderating effects of school climate on outcomes for the multisite violence prevention project universal program,DYMNICKI,JOURNAL OF RESEARCH ON ADOLESCENCE,NA,2014,10.1111/jora.12073,13
SchoolSocialBonds,Moral Orientation and Relationships in School and Adolescent Pro- and Antisocial Behaviors: A Multilevel Study,ASSCHER;DEKOVI;RUTTEN;STAMS;WISSINK;ZIJLSTRA,JOURNAL OF SCHOOL NURSING,NA,2014,10.1177/1059840513497402,21
SchoolSocialBonds,Social Control Across Immigrant Generations: Adolescent Violence at School and Examining the Immigrant Paradox,JIANG;PEGUERO,JOURNAL OF CRIMINAL JUSTICE,NA,2014,10.1016/j.jcrimjus.2014.01.003,42
SchoolSocialBonds,School Security: For Whom and With What Results?,FINN;SERVOSS,LEADERSHIP AND POLICY IN SCHOOLS,NA,2014,10.1080/15700763.2014.890734,20
SchoolSocialBonds,The importance of rule fairness: The influence of school bonds on at-risk students in an alternative school,FREE,EDUCATIONAL STUDIES,NA,2014,10.1080/03055698.2013.858614,13
SchoolSocialBonds,Exploring Resiliency Within Schools: An Investigation of the Effects of Protective Factors,HOLT;PHILLIPS;TURNER,YOUTH AND SOCIETY,NA,2014,10.1177/0044118X11425644,6
SchoolSocialBonds,Do school disciplinary policies have positive social impacts? Examining the attenuating effects of school policies on the relationship between personal and peer delinquency,REES;ZIMMERMAN,JOURNAL OF CRIMINAL JUSTICE,NA,2014,10.1016/j.jcrimjus.2013.12.003,21
SchoolSocialBonds,School Structural Characteristics and Crime,COOK;GOTTFREDSON;NA,NA,NA,2014,10.1007/978-1-4614-5690-2_136,0
SchoolSocialBonds,"Impulsivity, School Context, and School Misconduct",BARTON;VOGEL,YOUTH AND SOCIETY,NA,2013,10.1177/0044118X11421941,24
SchoolSocialBonds,Grade retention and its association with school misconduct in adolescence: A multilevel approach,DEMANET;HOUTTE;VAN,SCHOOL EFFECTIVENESS AND SCHOOL IMPROVEMENT,NA,2013,10.1080/09243453.2012.727834,32
SchoolSocialBonds,"An Adolescent Victimization Immigrant Paradox? School-Based Routines, Lifestyles, and Victimization Across Immigration Generations",PEGUERO,JOURNAL OF YOUTH AND ADOLESCENCE,NA,2013,10.1007/s10964-012-9904-2,51
SchoolSocialBonds,A Longitudinal Analysis of the Relationship Between School Victimization and Student Mobility,CARSON;ESBENSEN;TAYLOR,YOUTH VIOLENCE AND JUVENILE JUSTICE,NA,2013,10.1177/1541204013477118,16
SchoolSocialBonds,Health Behaviors and Standardized Test Scores: The Impact of School Health Climate on Performance,DALY;DECAMP,INTERNATIONAL JOURNAL OF SCHOOL AND EDUCATIONAL PSYCHOLOGY,NA,2013,10.1080/21683603.2013.805173,2
SchoolSocialBonds,"Curriculum tracking and teacher evaluations of individual students: Selection, adjustment or labeling?",DEMANET;HOUTTE;STEVENS;VAN,SOCIAL PSYCHOLOGY OF EDUCATION,NA,2013,10.1007/s11218-013-9216-8,32
SchoolSocialBonds,How Do Varying Types of Youth Civic Engagement Relate to Perceptions of School Climate?,GELLER;NATION;VOIGHT;WEGMAN,APPLIED DEVELOPMENTAL SCIENCE,NA,2013,10.1080/10888691.2013.804377,19
SchoolSocialBonds,Quality of Afterschool Activities and Relative Change in Adolescent Functioning Over Two Years,KATAOKA;VANDELL,APPLIED DEVELOPMENTAL SCIENCE,NA,2013,10.1080/10888691.2013.804375,41
SchoolSocialBonds,Linking students to appropriate interventions: A typology for social workers based on general strain theory,BOWEN;BOWEN;WELLER,JOURNAL OF SOCIAL WORK,NA,2013,10.1177/1468017311435446,7
SchoolSocialBonds,Unravelling gender composition effects on rule-breaking at school: a focus on study attitudes,DEMANET;HOUTTE;VAN;VANDERWEGEN;VERMEERSCH,GENDER AND EDUCATION,NA,2013,10.1080/09540253.2013.772567,28
SchoolSocialBonds,Assessing students' views of school climate: Developing and validating the What's Happening In This School? (WHITS) questionnaire,ALA;ALDRIDGE;I,IMPROVING SCHOOLS,NA,2013,10.1177/1365480212473680,48
SchoolSocialBonds,Social Science Theories on Adolescent Risk-Taking: The Relevance of Behavioral Inhibition and Activation,HOUTTE;KAUFMAN;SJOEN;T;VAN;VERMEERSCH,YOUTH AND SOCIETY,NA,2013,10.1177/0044118X11409014,4
SchoolSocialBonds,Student misbehaviour in secondary education: Greek teachers' views and attitudes,KOUTROUBA,EDUCATIONAL REVIEW,NA,2013,10.1080/00131911.2011.628122,10
SchoolSocialBonds,The impact of schools and education on antisocial behavior over the lifecourse,PAYNE;WELCH,NA,NA,2013,10.1007/978-1-4614-5113-6_6,10
SchoolSocialBonds,Youth and school violence: An epidemiological criminology perspective,CROSBY;HALL;PARKS,NA,NA,2013,10.4324/9780203083420,0
SchoolSocialBonds,Social Bonds and the Role of School-Based Victimization,PEGUERO;POPP,JOURNAL OF INTERPERSONAL VIOLENCE,NA,2012,10.1177/0886260512445386,58
SchoolSocialBonds,"The Effects of Exposure, Proximity, and Capable Guardians on the Risk of Bullying Victimization",POPP,YOUTH VIOLENCE AND JUVENILE JUSTICE,NA,2012,10.1177/1541204011434833,46
SchoolSocialBonds,"School climate, satisfaction with live, and school victimization. An analysis of the moderating effect of gender; Clima escolar, satisfacción con la vida y victimización en la escuela. un análisis del efecto moderador del género",AMADOR;DIAZ;FERRER;MARTINEZ;MORENO;MU;OZ;POVEDANO;RUIZ,ANALES DE PSICOLOGIA,NA,2012,10.6018/analesps.28.3.156121,22
SchoolSocialBonds,Perpetration of Aggressive Behaviors Against Peers and Teachers as Predicted by Student and Contextual Factors,KASSABRI;KHOURY,AGGRESSIVE BEHAVIOR,NA,2012,10.1002/ab.21424,23
SchoolSocialBonds,Misbehaviour in Jordanian secondary schools,ABDULLAH;AROFF;ASIRI;MAHASNEH;MAHASNEH;NOR;SAMAH,ASIAN SOCIAL SCIENCE,NA,2012,10.5539/ass.v8n6p121,1
SchoolSocialBonds,Is Educational Achievement a Turning Point for Incarcerated Delinquents Across Race and Sex?,BALES;BLOMBERG;PIQUERO,JOURNAL OF YOUTH AND ADOLESCENCE,NA,2012,10.1007/s10964-011-9680-4,50
SchoolSocialBonds,Communal school organization effects on school disorder: Interactions with school structure,PAYNE,DEVIANT BEHAVIOR,NA,2012,10.1080/01639625.2011.636686,13
SchoolSocialBonds,Youth Victimization: School Climate or Deviant Lifestyles?,DECAMP;ZAYKOWSKI,JOURNAL OF INTERPERSONAL VIOLENCE,NA,2012,10.1177/0886260511421678,44
SchoolSocialBonds,"Youth violence at school and the intersection of gender, race, and ethnicity",PEGUERO;POPP,JOURNAL OF CRIMINAL JUSTICE,NA,2012,10.1016/j.jcrimjus.2011.11.005,44
SchoolSocialBonds,Fighting hunger the rights way: Using videogames and children's human rights education as a means of promoting global citizenship,COVELL;MACLEAN,NA,NA,2011,10.4018/978-1-61350-332-4.ch010,1
SchoolSocialBonds,Characterizing misbehaviour among jordanian high school students,ABDULLAH;AROFF;MAHASNEH;MAHASNEH;NOR;SAMAH,ASIAN SOCIAL SCIENCE,NA,2011,10.5539/ass.v7n12p3,0
SchoolSocialBonds,"Immigration, schools, and violence: Assimilation and student misbehavior",PEGUERO,SOCIOLOGICAL SPECTRUM,NA,2011,10.1080/02732173.2011.606726,35
SchoolSocialBonds,Perceptions of the school social context across the transition to middle school: Heightened sensitivity among latino students?,ESPINOZA;JUVONEN,JOURNAL OF EDUCATIONAL PSYCHOLOGY,NA,2011,10.1037/a0023811,38
SchoolSocialBonds,Social control theory and school misbehavior: Examining the role of race and ethnicity,KOO;LATIMORE;PEGUERO;POPP;SHEKARKHAR,YOUTH VIOLENCE AND JUVENILE JUSTICE,NA,2011,10.1177/1541204010389197,54
SchoolSocialBonds,Violent behavior and unfairness in school: Multilevel analysis of Italian schools,GINI;LENZI;NATION;SANTINELLO;VIENO,JOURNAL OF COMMUNITY PSYCHOLOGY,NA,2011,10.1002/jcop.20450,15
SchoolSocialBonds,Mechanisms of peer influence among adolescents: Cohesion versus structural equiva lence,BERTEN;ROSSEM;VAN,SOCIOLOGICAL PERSPECTIVES,NA,2011,10.1525/sop.2011.54.2.183,24
SchoolSocialBonds,"Predictors of school victimization: Individual, familial, and school factors",JOO;WYNNE,CRIME AND DELINQUENCY,NA,2011,10.1177/0011128710389586,52
SchoolSocialBonds,"Student victimization by peers in elementary schools: Individual, teacher-class, and school-level predictors",KASSABRI;KHOURY,CHILD ABUSE AND NEGLECT,NA,2011,10.1016/j.chiabu.2011.01.004,35
SchoolSocialBonds,School Climate Factors Contributing to Student and Faculty Perceptions of Safety in Select Arizona Schools,BOSWORTH;FORD;HERNANDEZ,JOURNAL OF SCHOOL HEALTH,NA,2011,10.1111/j.1746-1561.2010.00579.x,68
SchoolSocialBonds,School Resource Officers in Middle Grades School Communities,ANFARA;THERIOT,MIDDLE SCHOOL JOURNAL,NA,2011,10.1080/00940771.2011.11461775,4
SchoolSocialBonds,Social-ethnic school composition and school misconduct: Does sense of futility clarify the picture?,DEMANET;HOUTTE;VAN,SOCIOLOGICAL SPECTRUM,NA,2011,10.1080/02732173.2011.541343,47
SchoolSocialBonds,Testing for Measurement Invariance of Attachment Across Chinese and American Adolescent Samples,HE;JIN;MARSHALL;REN;ZHANG;ZHAO;ZHAO,INTERNATIONAL JOURNAL OF OFFENDER THERAPY AND COMPARATIVE CRIMINOLOGY,NA,2011,10.1177/0306624X14566602,7
SchoolSocialBonds,A leadership opportunity for school social workers: Bridging the gaps in school reentry for juvenile justice system youths,GOLDKIND,CHILDREN AND SCHOOLS,NA,2011,10.1093/cs/33.4.229,16
SchoolSocialBonds,High suspension schools and dropout rates for black and white students,CORNELL;FAN;GREGORY;LEE,EDUCATION AND TREATMENT OF CHILDREN,NA,2011,10.1353/etc.2011.0014,111
SchoolSocialBonds,Children's human rights education as a counter to social disadvantage: A case study from England,COVELL;HOWE;POLEGATO,EDUCATIONAL RESEARCH,NA,2011,10.1080/00131881.2011.572367,25
SchoolSocialBonds,Assessing school and student predictors of weapons reporting,BRANK;BROWN;FONDACARO;GIBSON;MILLER;SMITH;WYLIE,YOUTH VIOLENCE AND JUVENILE JUSTICE,NA,2010,10.1177/1541204010368641,13
SchoolSocialBonds,Instittutional attachments and self-control: Understanding deviance among Hispanic adolescents,ALVAREZ;FOX;RIVERA,JOURNAL OF CRIMINAL JUSTICE,NA,2010,10.1016/j.jcrimjus.2010.04.040,25
SchoolSocialBonds,A New Model of School Discipline: Engaging Students and Preventing Behavior Problems,DUPPER,NA,NA,2010,10.1093/acprof:oso/9780195378078.001.0001,18
SchoolSocialBonds,School engagement and rights-respecting schools,COVELL,CAMBRIDGE JOURNAL OF EDUCATION,NA,2010,10.1080/03057640903567021,51
SchoolSocialBonds,"Unfair, unsafe, and unwelcome: Do high school students' perceptions of unfairness, hostility, and victimization in school predict engagement and achievement?",GREGORY;RIPSKI,JOURNAL OF SCHOOL VIOLENCE,NA,2009,10.1080/15388220903132755,93
SchoolSocialBonds,Organizational ethics and teachers' intent to leave: An integrative approach,LISHCHINSKY;ROSENBLATT;SHAPIRA,EDUCATIONAL ADMINISTRATION QUARTERLY,NA,2009,10.1177/0013161X09347340,36
SchoolSocialBonds,"Girls, boys, and schools: Gender differences in the relationships between school-related factors and student deviance",PAYNE,CRIMINOLOGY,NA,2009,10.1111/j.1745-9125.2009.00172.x,33
SchoolSocialBonds,"Immigrants, assimilation, and perceived school disorder: An examination of the ""other"" ethnicities",MELDE;WATKINS,JOURNAL OF CRIMINAL JUSTICE,NA,2009,10.1016/j.jcrimjus.2009.09.011,16
SchoolSocialBonds,"Opportunity, involvement, and student exposure to school violence",PEGUERO,YOUTH VIOLENCE AND JUVENILE JUSTICE,NA,2009,10.1177/1541204008330634,50
SchoolSocialBonds,Doing worse but knowing better: An exploration of the relationship between HIV/AIDS knowledge and sexual behavior among adolescents in Flemish secondary schools,BERTEN;ROSSEM;VAN,JOURNAL OF ADOLESCENCE,NA,2009,10.1016/j.adolescence.2008.12.004,26
SchoolSocialBonds,Reducing teacher burnout by increasing student engagement: A children's rights approach,COVELL;HOWE;MCNEIL,SCHOOL PSYCHOLOGY INTERNATIONAL,NA,2009,10.1177/0143034309106496,54
SchoolSocialBonds,Apology and remorse in the last statements of death row prisoners,EATON;THEUER,JUSTICE QUARTERLY,NA,2009,10.1080/07418820802245078,23
SchoolSocialBonds,The Development of Persistent Criminality,SAVAGE,NA,NA,2009,10.1093/acprof:oso/9780195310313.001.0001,15
SchoolSocialBonds,"Effects of community, school, and student factors on school-based weapon carrying",WATKINS,YOUTH VIOLENCE AND JUVENILE JUSTICE,NA,2008,10.1177/1541204008320258,15
SchoolSocialBonds,"Frustrated, resigned, outspoken: Students' engagement with school rules and some implications for participatory citizenship",RABY,INTERNATIONAL JOURNAL OF CHILDREN'S RIGHTS,NA,2008,10.1163/092755608X267148,30
SchoolSocialBonds,My school or our school? The effects of individual versus shared school experiences on teacher perceptions of safety,CLAYTON;MAY;ROBERTS;WILCOX,JOURNAL OF SCHOOL VIOLENCE,NA,2007,10.1300/J202v06n04_03,16
SchoolSocialBonds,School social climate and teachers' perceptions of classroom behavior problems: A 10 year longitudinal and multilevel study,LEBLANC;SWISHER;TREMBLAY;VITARO,SOCIAL PSYCHOLOGY OF EDUCATION,NA,2007,10.1007/s11218-007-9027-x,24
SchoolSocialBonds,Promoting positive youth development in schools,ANG;GOMEZ,THEORY INTO PRACTICE,NA,2007,10.1080/00405840701232752,30
SchoolSocialBonds,Slippery as fish... But already caught? Secondary students' engagement with school rules,DOMITREK;RABY,CANADIAN JOURNAL OF EDUCATION,NA,2007,10.2307/20466669,17
SchoolSocialBonds,"Baby boomer drug users: Career phases, social control, and social learning theory",BOERI;ELIFSON;STERK,SOCIOLOGICAL INQUIRY,NA,2006,10.1111/j.1475-682X.2006.00154.x,33
SchoolSocialBonds,The “reality” of middle-school crime objective vs. Subjective experiences among a sample of Kentucky youth,AUGUSTINE;ROBERTS;WILCOX,JOURNAL OF SCHOOL VIOLENCE,NA,2005,10.1300/J202v04n02_02,43
SuicideNatDisasters,Natural disasters and SARS-CoV-2: potential risk factors for exacerbating mental health conditions among veterans,ARPITHA;BOLORIN;COLLAZO;GARCIA;GONZALEZ;JOVET;MOLINA;RABANILLO;REYES;RODRIGUEZ;RODRIGUEZ;TOLEDO;VARGAS;VICENTY;VIERA,DISCOVER MENTAL HEALTH,NA,2025,10.1007/s44192-025-00147-z,0
SuicideNatDisasters,How Does Climate Risk Affect Corporate Investment Efficiency? Evidence From China,LI;LIANG;LIU;YAO,WORLD ECONOMY,NA,2025,10.1111/twec.13728,1
SuicideNatDisasters,Short-Term Preliminary Evaluation of Suicide Following the 2024 Noto Peninsula Earthquake in Japan Using Time Series Analysis,ARAI,CRISIS,NA,2025,10.1027/0227-5910/a001003,0
SuicideNatDisasters,"The impact of Kahramanmaraş (2023) earthquake on adolescents: Exploring psychological impact, suicide possibility and future expectations",ALKASABY;D;KAPLAN;KAYA;KEN,CAMBRIDGE PRISMS: GLOBAL MENTAL HEALTH,NA,2024,10.1017/gmh.2024.90,4
SuicideNatDisasters,How does climate risk affect corporate innovation? Evidence from China,HAN;LI;USMAN;YAO,ACCOUNTING AND FINANCE,NA,2024,10.1111/acfi.13215,15
SuicideNatDisasters,Suicide mortality and its behavioral characteristics in the city of Lima during the years 2017-2022; Mortalidad por suicidio y sus características de comportamiento en la ciudad de Lima durante los años 2017-2022,A;ALFARO;FAJARDO;MENDOZA;SALDA,REVISTA DE NEURO-PSIQUIATRIA,NA,2024,10.20453/rnp.v87i1.4950,0
SuicideNatDisasters,Changes in Suicide Rate Following Major Disasters in India,BENEGAL;CHRISTY;DINAKARAN;GOYAL;MANI;MANIKAPPA;PURI,INDIAN JOURNAL OF PSYCHOLOGICAL MEDICINE,NA,2024,10.1177/02537176231198096,1
SuicideNatDisasters,Youth Suicidality in the Context of Disasters,PUMARIEGA;RAHMANI;SILVERMAN;THOMPSON,CURRENT PSYCHIATRY REPORTS,NA,2023,10.1007/s11920-023-01454-4,8
SuicideNatDisasters,Posttraumatic stress disorder symptoms and suicidal ideation/behavior: The moderating effects of positive mental health and social support among Iranian and German students,ASGARI;BRAILOVSKAIA;GRUNDEI;NAGHAVI;TEISMANN,CURRENT PSYCHOLOGY,NA,2023,10.1007/s12144-022-03187-8,6
SuicideNatDisasters,Using iterative random forest to find geospatial environmental and Sociodemographic predictors of suicide attempts,BECKHAM;CLIFF;GARVIN;JACOBSON;KIMBREL;LAGERGREN;MCMAHON;OSLIN;PAVICIC;PESTIAN;ROMERO;STREICH;SULLIVAN;WALKER,FRONTIERS IN PSYCHIATRY,NA,2023,10.3389/fpsyt.2023.1178633,4
SuicideNatDisasters,The Suicidal Ideation of Disaster Victims: A Nationwide Cross-Sectional Study,KIM;LEE,PSYCHOLOGY RESEARCH AND BEHAVIOR MANAGEMENT,NA,2023,10.2147/PRBM.S405667,0
SuicideNatDisasters,A Systematic Literature Review of the Impact of Climate Change on the Global Demand for Psychiatric Services,CORVETTO;DAMBACH;HELOU;LLER;M;SAUERBORN,INTERNATIONAL JOURNAL OF ENVIRONMENTAL RESEARCH AND PUBLIC HEALTH,NA,2023,10.3390/ijerph20021190,13
SuicideNatDisasters,The effects of drought on stock prices: An industry-specific perspective,CHENG;WANG;WU,FRONTIERS IN ENVIRONMENTAL SCIENCE,NA,2022,10.3389/fenvs.2022.978404,6
SuicideNatDisasters,Impact of Natural Disasters on Mental Health: A Cross-Sectional Study Based on the 2014 China Family Panel Survey,DAI;ZHANG;ZHANG,INTERNATIONAL JOURNAL OF ENVIRONMENTAL RESEARCH AND PUBLIC HEALTH,NA,2022,10.3390/ijerph19052511,28
SuicideNatDisasters,"Psychological Assessment and Testing: A Clinician’s Guide, Second Edition",SPORES,NA,NA,2022,10.4324/9780429326820,1
SuicideNatDisasters,Beyond A to E: addressing the unfamiliar issues arising in the acute and immediate phase post-catastrophe,KINGSLEY;LILLINGTON;MCPHAIL;RECKLESS;SMITH,BMJ MILITARY HEALTH,NA,2022,10.1136/bmjmilitary-2021-002050,0
SuicideNatDisasters,CORONAVIRUS (COVID-19) AND SUICIDE IN BANGALADESH: SOME EXPLANATION THROUGH DURKHEIM'S SOCIOLOGY OF SUICIDE,BILLAH;KHAN;SHIMUL;UDDIN,JOURNAL OF COMMUNITY POSITIVE PRACTICES,NA,2022,10.35782/JCPP.2022.3.01,0
SuicideNatDisasters,‘She’ll be right’: the place of gendered emotions in disasters,ANDERSON;KENNEY;PHIBBS;RUSHTON,"GENDER, PLACE AND CULTURE",NA,2022,10.1080/0966369X.2021.1892595,20
SuicideNatDisasters,"Survivor guilt: Theoretical, empirical, and clinical features",BUSH;DAZZI;FIMIANI;GAZZILLO,INTERNATIONAL FORUM OF PSYCHOANALYSIS,NA,2022,10.1080/0803706X.2021.1941246,21
SuicideNatDisasters,The Role of Spiritual Fortitude in Meaning and Mental Health Symptoms Following a Natural Disaster,ATEN;DAVIS;DAVIS;HELTZEL;HOOK;MCELROY;TONGEREN;VAN;ZHANG,PSYCHOLOGY OF RELIGION AND SPIRITUALITY,NA,2022,10.1037/rel0000420,12
SuicideNatDisasters,Suicidal behaviour and the coronavirus (COVID-19) pandemic: Insights from Durkheim's sociology of suicide,ARENDSE;KHAN;SHIMUL,INTERNATIONAL SOCIAL SCIENCE JOURNAL,NA,2021,10.1111/issj.12269,14
SuicideNatDisasters,Perceived and actual risks of drought: household and expert views from the lower Teesta River Basin of northern Bangladesh,AHMED;ALAM;GHOSE;ISLAM;ISLAM;SALAM;SATTAR;SHILL,NATURAL HAZARDS,NA,2021,10.1007/s11069-021-04789-4,14
SuicideNatDisasters,"The Impact of Natural Disasters on Suicide in the United States, 2003-2015",ABUABARA;GEARHART;GRABICH;HORNEY;KARAYE;PATRON;PEREZ,CRISIS,NA,2021,10.1027/0227-5910/a000723,28
SuicideNatDisasters,Comparison of Psychological Distress and Demand Induced by COVID-19 during the Lockdown Period in Patients Undergoing Peritoneal Dialysis and Hemodialysis: A Cross-Section Study in a Tertiary Hospital,LI;PU;WU;XIA;ZANG;ZHOU,BLOOD PURIFICATION,NA,2021,10.1159/000510553,18
SuicideNatDisasters,Paradoxes of suicide and psychological crisis-An Uttarakhand phenomenon during COVID-19 lockdown,BHAISORA;DEVASSY;HATWAL;JOHNSON,JOURNAL OF INDIAN ACADEMY OF FORENSIC MEDICINE,NA,2021,10.5958/0974-0848.2021.00016.6,2
SuicideNatDisasters,Individual response and recovery: A learning experience from Hurricane María,AZ;CABRERA;D;GONZ;ISAZA;LEZ;N;OS;PACHECO;R;RICHARDSON;ROM;WHALIN,JOURNAL OF EMERGENCY MANAGEMENT,NA,2021,10.5055/jem.0548,1
SuicideNatDisasters,"Learned Helplessness, Psychological Wellbeing, and Proenvironment Care Behavior among Victims of Frequent Floods in Kerala",GEORGE;JOY;RAMACHANDRAN,JOURNAL OF NEUROSCIENCES IN RURAL PRACTICE,NA,2021,10.1055/s-0040-1721566,10
SuicideNatDisasters,"Quasi-experimental evaluation of text-based crisis patterns in youth following Hurricane Florence in the Carolinas, 2018",MICHAEL;RUNKLE;STEVENS;SUGG,SCIENCE OF THE TOTAL ENVIRONMENT,NA,2021,10.1016/j.scitotenv.2020.141702,21
SuicideNatDisasters,The ontological praxis between disaster studies and demography-extension of the scope,CSONYI;KAR;TAYLOR,NA,NA,2020,10.1007/978-3-030-49920-4_13,0
SuicideNatDisasters,Climate Change and Risk of Completed Suicide,COVERDALE;DOLBER;DUMONT;HAASE;LEWIS,JOURNAL OF NERVOUS AND MENTAL DISEASE,NA,2020,10.1097/NMD.0000000000001162,40
SuicideNatDisasters,Traumatic Brain Injury and Suicidal Behavior: A Review,BENROS;DAGDAG;LOWRY;OKUSAGA;POSTOLACHE;POTOCKI;STILLER;WADHAWAN,ADVANCES IN ALZHEIMER'S DISEASE,NA,2020,10.3233/AIAD200020,0
SuicideNatDisasters,Long-Term Health Consequences among Wenchuan Earthquake Adult Survivors: Implications of a Framework for Postearthquake Reconstruction,FU;GUO;HAN;HE;QU;WANG,JOURNAL OF NERVOUS AND MENTAL DISEASE,NA,2019,10.1097/NMD.0000000000001045,5
SuicideNatDisasters,"Psychiatric morbidity in December 2015 flood-affected population in Tamil Nadu, India",BANDLA;GOPALASAMY;NAPPINNAI,INTERNATIONAL JOURNAL OF SOCIAL PSYCHIATRY,NA,2019,10.1177/0020764019846166,20
SuicideNatDisasters,Urbanism of Emergency: Use and Adaptation of Public Open Spaces in Disaster-Induced Resettlement Sites,BRIEN;CARRASCO;O,SUSTAINABLE DEVELOPMENT GOALS SERIES,NA,2019,10.1007/978-3-319-92498-4_12,5
SuicideNatDisasters,Traumatic brain injury and suicidal behavior: A review,BENROS;DAGDAG;LOWRY;OKUSAGA;POSTOLACHE;POTOCKI;STILLER;WADHAWAN,JOURNAL OF ALZHEIMER'S DISEASE,NA,2019,10.3233/JAD-181055,21
SuicideNatDisasters,Priority practices for addressing non-economic loss and damages caused by cyclones in Bangladesh: Case study of Koyra,AKBER;ALI;ATIKUL;CHIBA;ISLAM;PRABHAKAR,INTERNATIONAL JOURNAL OF DISASTER RESILIENCE IN THE BUILT ENVIRONMENT,NA,2018,10.1108/IJDRBE-11-2017-0061,5
SuicideNatDisasters,Market moods: an investor sentiment event study,FRENCH,FORESIGHT,NA,2018,10.1108/FS-02-2018-0018,4
SuicideNatDisasters,Medical and psychosocial needs of the Puerto Rican people after Hurricane Maria,RAMPHAL,BAYLOR UNIVERSITY MEDICAL CENTER PROCEEDINGS,NA,2018,10.1080/08998280.2018.1459399,25
SuicideNatDisasters,Geospatial Applications for Climate Adaptation Planning,ESNARD;MITSOVA,NA,NA,2018,10.4324/9781351113953,1
SuicideNatDisasters,Superstorm Sandy and the academic achievement of university students,COMISKEY;DOYLE;LOCKWOOD,DISASTERS,NA,2017,10.1111/disa.12224,10
SuicideNatDisasters,"The effectiveness of sabr (patience) and salat (prayer) in reducing psychopathological symptoms after the 2010 Merapi eruption in the region of Yogyakarta, Indonesia",UYUN;WITRUK,NA,NA,2017,10.1201/9781315269184-28,12
SuicideNatDisasters,"Risk inequality and welfare states: Social policy preferences, development, and dynamics",REHM,NA,NA,2016,10.1017/CBO9781316257777,165
SuicideNatDisasters,Impact of Mood Spectrum Spirituality and Mysticism Symptoms on Suicidality in Earthquake Survivors with PTSD,BERTELLONI;CALDERANI;CARMASSI;DELL;MASSIMETTI;MENICHINI;OSSO;ROSSI;STRATTA,JOURNAL OF RELIGION AND HEALTH,NA,2016,10.1007/s10943-015-0072-z,11
SuicideNatDisasters,Risk Strategies: Dialling Up Optimum Firm Risk,COLEMAN,NA,NA,2016,10.4324/9781315606538,1
SuicideNatDisasters,Indigenous masculinities in a changing climate: Vulnerability and resilience in the United States,LYNN;VINYETA;WHYTE,NA,NA,2016,10.4324/9781315678122-15,13
SuicideNatDisasters,Effects on health of the l'Aquila (Central Italy) 2009 earthquake; Gli effetti sulla salute del sisma dell'Aquila del 2009,MICHELE;ROSSETTI;ROSSI;STRATTA,EPIDEMIOLOGIA E PREVENZIONE,NA,2016,10.19191/EP16.2S1.P022.044,15
SuicideNatDisasters,Post-Traumatic Stress Disorder in Adolescents After a Natural Disaster,HSU;YEN,NA,NA,2016,10.1007/978-3-319-08359-9_33,5
SuicideNatDisasters,Psychiatric admissions fall following the Christchurch earthquakes: An audit of inpatient data,BEAGLEHOLE;BELL;BEVERIDGE;FRAMPTON,AUSTRALIAN AND NEW ZEALAND JOURNAL OF PSYCHIATRY,NA,2015,10.1177/0004867414560651,17
SuicideNatDisasters,"Risk of social isolation among Great East Japan earthquake survivors living in tsunami-affected Ishinomaki, Japan",INOUE;MATSUMOTO;MUTO;YAMAOKA,DISASTER MEDICINE AND PUBLIC HEALTH PREPAREDNESS,NA,2014,10.1017/dmp.2014.59,15
SuicideNatDisasters,Changes in the Frequency and Clinical Features of Suicide Attempts in the Midwestern Area of Kanagawa after the Great East Japan Earthquake,KATO;KIMOTO;KIMOTO;MATSUMOTO;MIKAMI;SATO;TAKAHASHI,JOURNAL OF FORENSIC SCIENCES,NA,2014,10.1111/1556-4029.12317,6
SuicideNatDisasters,Factors associated with self-concept in adolescent survivors of an 8.0-magnitude earthquake in China,DUAN;HO;JIANG;WU;ZHANG,NURSING RESEARCH,NA,2014,10.1097/NNR.0000000000000045,6
SuicideNatDisasters,The adolescent emotional coping after an earthquake: A risk factor for suicidal ideation,CAPANNA;CARMASSI;COLLAZZONI;DELL;DI;EMIDIO;OSSO;PATRIARCA;RICCARDI;ROSSI;STRATTA,JOURNAL OF ADOLESCENCE,NA,2014,10.1016/j.adolescence.2014.03.015,39
SuicideNatDisasters,Understanding the Potential Long-term Physical and Mental Health Consequences of Early Experiences of Victimization,BOUFFARD;KOEPPEL,JUSTICE QUARTERLY,NA,2014,10.1080/07418825.2012.734843,50
SuicideNatDisasters,The effect of hurricane katrina on adolescent feelings of social isolation,GREY;SLOBODA;STEPHENS;STEPHENS;TEASDALE,SOCIAL SCIENCE QUARTERLY,NA,2013,10.1111/ssqu.12004,6
SuicideNatDisasters,Violence,JENKINS;PHILLIPS,NA,NA,2013,10.1201/b14854,3
SuicideNatDisasters,Casualties following natural hazards,WATT;WEINSTEIN,ENCYCLOPEDIA OF EARTH SCIENCES SERIES,NA,2013,10.1007/978-1-4020-4399-4_58,0
SuicideNatDisasters,Prevention of depressive symptoms among adolescent girls,LINDBERG;TREUTIGER,NA,NA,2013,10.1007/978-1-4614-4130-4_4,11
SuicideNatDisasters,Flood hazards and health: Responding to present and future risks,FEW;MATTHIES,NA,NA,2013,10.4324/9781849771351,6
SuicideNatDisasters,"Environmental Hazards and Disasters: Contexts, Perspectives and Management",PAUL,NA,NA,2011,10.1002/9781119979616,4
SuicideNatDisasters,"Environmental Hazards and Disasters: Contexts, Perspectives and Management",PAUL,NA,NA,2011,10.1002/9781119979616,92
SuicideNatDisasters,Adolescent depression as a contributing factor to the development of substance use disorders,TAYLOR,JOURNAL OF HUMAN BEHAVIOR IN THE SOCIAL ENVIRONMENT,NA,2011,10.1080/10911359.2011.583519,25
SuicideNatDisasters,Adaptation measures to reduce climate change-induced health risks in Austria: Focus on extreme weather events; Anpassungsmaßnahmen zur Reduktion von klimawandelinduzierten Gesundheitsrisiken in Österreich: Schwerpunkt Extremwetterereignisse,HAAS;HUTTER;KUNDI;MOSHAMMER;NIEDERKROTENTHALER;WALLNER;WEISZ,PRAVENTION UND GESUNDHEITSFORDERUNG,NA,2011,10.1007/s11553-010-0292-8,3
SuicideNatDisasters,Spatial and socio-economic determinants of suicide in Brazil: A regional approach; Determinantes espaciais e socioeconômicos do suicídio no brasil: Uma abordagem regional,ALVES;ALVES;DE;GON;GON;OLIVEIRA,NOVA ECONOMIA,NA,2011,10.1590/S0103-63512011000200005,23
SuicideNatDisasters,Commentary: When the cameras disappear: Acute stress and suicide,KHAN,INTERNATIONAL JOURNAL OF EPIDEMIOLOGY,NA,2010,10.1093/ije/dyq242,1
SuicideNatDisasters,Tracers and traceability: Implementing the cirrus parameterisation from LACM in the TOMCAT/SLIMCAT chemistry transport model as an example of the application of quality assurance to legacy models,CHIPPERFIELD;HORSEMAN;MACKENZIE,GEOSCIENTIFIC MODEL DEVELOPMENT,NA,2010,10.5194/gmd-3-189-2010,0
SuicideNatDisasters,"Weighing the costs of disaster: Consequences, risks, and resilience in individuals, families, and communities",BONANNO;BREWIN;GRECA;KANIASTY;LA,PSYCHOLOGICAL SCIENCE IN THE PUBLIC INTEREST,NA,2010,10.1177/1529100610387086,1047
SuicideNatDisasters,Global Climate Change and Human Health,MCMICHAEL;RANMUTHUGALA,GLOBALIZATION AND HEALTH,NA,2009,10.1093/acprof:oso/9780195172997.003.0005,0
SuicideNatDisasters,Effect of the 2004 tsunami on suicide rates in Sri Lanka,MCQJILLIN;PIMM;RODRIGO,PSYCHIATRIC BULLETIN,NA,2009,10.1192/pb.bp.108.020743,16
SuicideNatDisasters,Postdisaster Supervisor Strategies for Promoting Supervisee Self-Care: Lessons Learned From Hurricane Katrina,ATEN;CHAMBERLAIN;MADSON;RICE,TRAINING AND EDUCATION IN PROFESSIONAL PSYCHOLOGY,NA,2008,10.1037/1931-3918.2.2.75,10
SuicideNatDisasters,Home at the mouth of the Mississippi,HOWARD,SOUTHERN CULTURES,NA,2008,10.1353/scu.0.0003,0
SuicideNatDisasters,The suicide mortality rates between 1997-1998 and 2000-2001 in Nantou County of Taiwan following the earthquake of September 21 in 1999,CHANG;HUANG;LEE;LIAW;WANG,JOURNAL OF FORENSIC SCIENCES,NA,2008,10.1111/j.1556-4029.2008.00592.x,17
SuicideNatDisasters,On the need for quantifying corporate crises and other man-made disasters,COLEMAN;HELSLOOT,JOURNAL OF CONTINGENCIES AND CRISIS MANAGEMENT,NA,2007,10.1111/j.1468-5973.2007.00520.x,4
SuicideNatDisasters,"Cyclones, tsunamis, and human health: The key role of preparedness",KEIM,OCEANOGRAPHY,NA,2006,10.5670/oceanog.2006.62,27
SuicideNatDisasters,Cognitive behavioral therapy for adolescent depression: Implications for Asian immigrants in the United States of America,SANDIL,JOURNAL OF CHILD AND ADOLESCENT MENTAL HEALTH,NA,2006,10.2989/17280580609486615,5
SuicideNatDisasters,Changes in mental disorder distribution among suicide attempters in mid-west area of Kanagawa,HOSAKA;ICHIMURA;INOKUCHI;KIMURA;MATSUMOTO;NAKAGAWA;OKUYAMA;WATANABE;YAMAMOTO,PSYCHIATRY AND CLINICAL NEUROSCIENCES,NA,2005,10.1111/j.1440-1819.2005.01344.x,7
SuicideNatDisasters,Extreme weather and climate events implications for public health,JONES;MAAROUF;OTAZO;STREET,NA,NA,2005,10.1201/b17008-10,5
SuicideNatDisasters,Economic slump and suicide method: Preliminary study in Kobe,ABE;AKAZAWA;KITAMURA;KOJIMA;NISHIMURA;NUSHIDA;SHIOIRI;SOMEYA;UENO,PSYCHIATRY AND CLINICAL NEUROSCIENCES,NA,2004,10.1111/j.1440-1819.2003.01219.x,27
SuicideNatDisasters,The frequency and cost of corporate crises,COLEMAN,JOURNAL OF CONTINGENCIES AND CRISIS MANAGEMENT,NA,2004,10.1111/j.0966-0879.2004.01201002.x,25
SuicideNatDisasters,The earthquake of January 2001: Strengths and weaknesses in the social response,COLBEAU;JUSTIN;MAURIOL,SPECIAL PAPER OF THE GEOLOGICAL SOCIETY OF AMERICA,NA,2004,10.1130/0-8137-2375-2.445,2
SuicideNatDisasters,The effect of earthquakes on the risk of suicide,AKBIYIK;CO;CU;KUN;LO;LU;MB;S;SAYIL;TU,INTERNATIONAL JOURNAL OF MENTAL HEALTH,NA,2004,10.1080/00207411.2004.11043364,4
SuicideNatDisasters,Suicides in Los Angeles County in relation to the Northridge earthquake,BOURQUE;GIANGRECO;SAUTER;SHOAF;WEISS,PREHOSPITAL AND DISASTER MEDICINE,NA,2004,10.1017/S1049023X0000193X,34
SuicideNatDisasters,Operation safe haven: The needs of nurses caring for refugees,EAGAR;EMRYS;GRIFFITHS;LAMB;SMITH,INTERNATIONAL JOURNAL OF NURSING PRACTICE,NA,2003,10.1046/j.1440-172X.2003.00422.x,14
SuicideNatDisasters,Suicide after natural disasters and statistical disasters: A comment,SONNECK;VORACEK,ARCHIVES OF SUICIDE RESEARCH,NA,2002,10.1080/13811110214529,2
SuicideNatDisasters,Epidemiological study of suicide in the Republic of Croatia - Comparison of war and post-war periods and areas directly and indirectly affected by war,GRUBI;GRUBI;I;I;I;I;ILI;KOVA;KOVA;KOZARI,EUROPEAN PSYCHIATRY,NA,2002,10.1016/s0924-9338(02)00679-x,27
SuicideNatDisasters,Psychological distress following urban Earthquakes in California,BOURQUE;SHOAF;SIEGEL,PREHOSPITAL AND DISASTER MEDICINE,NA,2002,10.1017/S1049023X00000224,35
SuicideNatDisasters,"Influence of socio-economic crisis on epidemiological characteristic of suicide in the region of Nis (southeastern part of Serbia, Yugoslavia)",BLAGOJEVICH;CVETKOVICH;KOCICH;PETROVICH;TIODOROVICH,EUROPEAN JOURNAL OF EPIDEMIOLOGY,NA,2001,10.1023/A:1017909904769,18
SuicideNatDisasters,Medical aspects of global warming,ROM;YOGANATHAN,AMERICAN JOURNAL OF INDUSTRIAL MEDICINE,NA,2001,10.1002/ajim.1088,35
SuicideNatDisasters,"The closing and evacuation of Flagler County, Florida: Rapid emergency medical services system response to a unique problem",GOLDFEDER;LAYON;ROLFE,PREHOSPITAL EMERGENCY CARE,NA,2001,10.1080/10903120190940335,2
SuicideNatDisasters,Hospital responses to acute-onset disasters: A review,MILSTEN,PREHOSPITAL AND DISASTER MEDICINE,NA,2000,10.1017/S1049023X00024900,25
SuicideNatDisasters,"The American Red Cross Disaster Mental Health Services: Development of a cooperative, multidisciplinary service model",DINGMAN;HONG;MORGAN;NORTH;WEAVER,JOURNAL OF BEHAVIORAL HEALTH SERVICES AND RESEARCH,NA,2000,10.1007/bf02291742,24
SuicideNatDisasters,Completed suicide: An update for the general psychiatrist,FALVEY;O;SHEA;STOKES,IRISH JOURNAL OF PSYCHOLOGICAL MEDICINE,NA,2000,10.1017/S0790966700005875,1
SuicideNatDisasters,Uncovering the: Hidden costs of coastal hazards,BAISH;DAVID;MORROW,ENVIRONMENT,NA,1999,10.1080/00139159909604784,9
SuicideNatDisasters,Australian disaster triage: A colour maze in the Tower of Babel,GARNER;NOCERA,AUSTRALIAN AND NEW ZEALAND JOURNAL OF SURGERY,NA,1999,10.1046/j.1440-1622.1999.01643.x,27
SuicideNatDisasters,Interventions for acute trauma response,SOLOMON,CURRENT OPINION IN PSYCHIATRY,NA,1999,10.1097/00001504-199903000-00006,12
SuicideNatDisasters,On abandoning life when it is least difficult,GRANBERG;WESTERBERG,SOCIAL BIOLOGY,NA,1999,10.1080/19485565.1999.9988993,14
SuicideNatDisasters,Suicides after natural disasters,SHOAF,NEW ENGLAND JOURNAL OF MEDICINE,NA,1998,10.1056/NEJM199806183382516,3
SuicideNatDisasters,"Epidemiology, risk factors, intervention, and prevention of adolescent suicide",BURR;ROSEWATER,CURRENT OPINION IN PEDIATRICS,NA,1998,10.1097/00008480-199808000-00002,13
TurningIn,How Do Immigrant-Origin and Native Voters Consume Political News Media During a National Election Campaign?; Wie konsumieren Wähler mit und ohne familiärer Migrationsgeschichte politische Nachrichtenmedien während eines nationalen Wahlkampfes?,ELIS,POLITISCHE VIERTELJAHRESSCHRIFT,NA,2025,10.1007/s11615-025-00618-6,0
TurningIn,The consumer citizen,PORTER,NA,NA,2020,10.1093/oso/9780197526781.001.0001,9
WorldsApart,Discursively negotiating AI: A social representation theory approach to LLM-based chatbots,MANGI;PEDELIENTO;WASSLER;WILLIAMS,TECHNOLOGICAL FORECASTING AND SOCIAL CHANGE,NA,2025,10.1016/j.techfore.2025.124352,0
WorldsApart,"Human dimensions influencing karst landscapes at a World Heritage Site, China",CHEN;CHENG;HE;XU;YU,ECOLOGICAL FRONTIERS,NA,2025,10.1016/j.ecofro.2025.07.010,0
WorldsApart,"Moral Opposition to Genetically Engineered Food in the United States, France, and Germany",INBAR;ROZIN;SCOTT,ANNALS OF THE NEW YORK ACADEMY OF SCIENCES,NA,2025,10.1111/nyas.70079,0
WorldsApart,The Influence of Partisanship on Assessments of Promise Fulfillment and Accountability,BONILLA,AMERICAN POLITICAL SCIENCE REVIEW,NA,2025,10.1017/S0003055424000807,3
WorldsApart,Consumer Preferences for Gene-Edited Foods: A Review of the Literature and Discussion of Industry and Policy Implications,ASIOLI;CAPUTO;HAN;ZANELLO,JOURNAL OF AGRICULTURAL ECONOMICS,NA,2025,10.1111/1477-9552.70008,0
WorldsApart,Ethical and Societal Issues Occasioned by Xenotransplantation,ROLLIN,NA,NA,2025,10.1201/9781003652311-8,0
WorldsApart,Cultivating trust: public perception of RNAi technologies in agriculture,AMICO;CALIFANO;CARACCIOLO;D;DI;PAPPALARDO;RAIMONDO;SPINA;VITA,INTERNATIONAL JOURNAL OF FOOD SCIENCE AND TECHNOLOGY,NA,2025,10.1093/ijfood/vvaf066,6
WorldsApart,Assessing public opinion about controversial risks: the effects of allowing an escape hatch on internal consistency and validity,LUSK;MAY;MCFADDEN;SCHLICHTIG,JOURNAL OF RISK RESEARCH,NA,2025,10.1080/13669877.2025.2485049,0
WorldsApart,Understanding Thai Consumers’ Intentions to Purchase Genetically Modified Foods,PHUNTHASAEN;PINPAK;RUNGRUENGARPORN;ZHU,RESEARCH ON WORLD AGRICULTURAL ECONOMY,NA,2024,10.36956/rwae.v5i4.1298,1
WorldsApart,Our morality tells us what to eat – A systematic review on attitudes towards genetically modified foods,KOPP;WALDHOF,OUTLOOK ON AGRICULTURE,NA,2024,10.1177/00307270241295398,3
WorldsApart,Nanotechnology: An emerging trend in the dairy industry – Applications and future challenges,BUMBADIYA;GANDHI;RAMANI;SAJI;SETH;TAHERABBAS,FOOD AND HUMANITY,NA,2024,10.1016/j.foohum.2024.100409,1
WorldsApart,"Biotechnology: Recent developments, emerging trends, and implications for business",MA,NA,NA,2024,10.4018/979-8-3693-3026-5.ch016,2
WorldsApart,Nanotechnology in sustainable food packaging,CHAUHAN;GEHLOT;KUMAR;KUMAR;SINGH;VATS,NA,NA,2024,10.1016/B978-0-443-21428-8.00013-8,1
WorldsApart,Introduction to genomics-based industrial applications,BOUDELLIOUA,NA,NA,2024,10.1016/B978-0-443-18866-4.00014-6,0
WorldsApart,Genetically modified food: Potentiality for food and nutritional security in Saudi Arabia,ABDELKADER;AL;AL;ALMAGTHALI;ALNABBAT;KHAYRI;MSSALLEM;SATTAR,NA,NA,2024,10.1007/978-3-031-46704-2_16,1
WorldsApart,Saved by the news? COVID-19 in German news and its relationship with regional mobility behaviour,BROEKEL;ZGUN,REGIONAL STUDIES,NA,2024,10.1080/00343404.2022.2145012,6
WorldsApart,"Venture Capital Exits and Investments: The Influences of Market Run-up, Market Timing, and Media Attention",CHUNG;LIU;SMITH,QUARTERLY JOURNAL OF FINANCE,NA,2023,10.1142/S201013922350012X,1
WorldsApart,Is Chinese consumers' attitude toward genetically modified foods bouncing back?,QIAO;WU,BRITISH FOOD JOURNAL,NA,2023,10.1108/BFJ-01-2023-0042,3
WorldsApart,Effect of cognitive bias on the consumption of broiler products in China; the role of information acquisition channels,AZIZ;HE;LI;LIN;XU,BRITISH FOOD JOURNAL,NA,2023,10.1108/BFJ-10-2022-0917,1
WorldsApart,Breeding by intervening: Exploring the role of associations and deliberation in consumer acceptance of different breeding techniques,FISCHER;NALES,PUBLIC UNDERSTANDING OF SCIENCE,NA,2023,10.1177/09636625231168087,5
WorldsApart,Does Preferred Information Format Affect Consumers’ Willingness to Pay: A Case Study of Orange Juice Produced by Biotechnology,GAO;HOUSE;HU,FOODS,NA,2023,10.3390/foods12112130,1
WorldsApart,Examining the key determinants of the jordanian customer's adoption of genetically modified food,ABDALLAH;ABU;AL;ALALWAN;ALBANNA;DWIVEDI;ROMMAN;WESHAH,HELIYON,NA,2023,10.1016/j.heliyon.2023.e16920,4
WorldsApart,Factors Influencing Public Risk Perception of Emerging Technologies: A Meta-Analysis,LI;LI,SUSTAINABILITY (SWITZERLAND),NA,2023,10.3390/su15053939,32
WorldsApart,Genetically Modified Crops and Crop Species Adapted to Global Warming in Dry Regions,DAS;MAHANTA;PRAMANIK;PURKAYASTHA,NA,NA,2023,10.1007/978-981-19-9159-2_19,7
WorldsApart,Mitigating Consequence Insensitivity for Genetically Engineered Crops,INBAR;WALDHOF,JOURNAL OF EXPERIMENTAL PSYCHOLOGY: APPLIED,NA,2023,10.1037/xap0000451,4
WorldsApart,"Trust in Government, Perceived Integrity and Food Safety Protective Behavior: The Mediating Role of Risk Perception",HAN;LIU;LIU;WILLIAM,INTERNATIONAL JOURNAL OF PUBLIC HEALTH,NA,2023,10.3389/ijph.2023.1605432,11
WorldsApart,The implicit and explicit attitudes of Chinese university students towards genetic modification,YUE;ZHANG;ZOU,FRONTIERS IN PSYCHOLOGY,NA,2022,10.3389/fpsyg.2022.1014395,0
WorldsApart,"Nanominerals in nutrition: Recent developments, present burning issues and future perspectives",BHAGAT;SINGH,FOOD RESEARCH INTERNATIONAL,NA,2022,10.1016/j.foodres.2022.111703,20
WorldsApart,Does education affect consumers' attitudes toward genetically modified foods? Evidence from China's two rounds of education reforms,CHEN;CUI;WANG;ZHOU,CHINA AGRICULTURAL ECONOMIC REVIEW,NA,2022,10.1108/CAER-01-2021-0024,5
WorldsApart,U.S. Consumer Attitudes toward Antibiotic Use in Livestock Production,ALI;BROOKS;GULAB;GUSTAFSON;MEERZA;YIANNAKA,SUSTAINABILITY (SWITZERLAND),NA,2022,10.3390/su14127035,6
WorldsApart,Scaling up interactive argumentation by providing counterarguments with a chatbot,ALLARD;ALTAY;BLANCKE;HACQUIN;MERCIER;SCHWARTZ,NATURE HUMAN BEHAVIOUR,NA,2022,10.1038/s41562-021-01271-w,29
WorldsApart,Citizen views on genome editing: effects of species and purpose,BUSCH;KEYSERLINGK;RYAN;VON;WEARY,AGRICULTURE AND HUMAN VALUES,NA,2022,10.1007/s10460-021-10235-9,46
WorldsApart,Scientific information and cognitive bias in the case of New Breeding Techniques: exploring Millennials behaviour in Italy,DEMARIA;ZEZZA,ITALIAN REVIEW OF AGRICULTURAL ECONOMICS,NA,2022,10.36253/rea-13676,5
WorldsApart,Complementarity or substitution? The interaction effects between knowledge and trust on public attitudes toward genetic modification,GAO;HE;ZHU,INTERNATIONAL JOURNAL OF PUBLIC OPINION RESEARCH,NA,2022,10.1093/ijpor/edac027,3
WorldsApart,Genetically modified foods: bibliometric analysis on consumer perception and preference,MACKOLIL;NYIKA;PRASHAT;RAGUPATHY;RAMA;RAMASUNDARAM;SENDHIL;WORKIE;YADAV,GM CROPS AND FOOD,NA,2022,10.1080/21645698.2022.2038525,56
WorldsApart,Identifying Motivations for Acceptance of Cisgenic Food: Results from a Randomized Controlled Choice Experiment,BANTERLE;CAVALIERE;DE;MARCHI,JOURNAL OF AGRICULTURAL AND RESOURCE ECONOMICS,NA,2022,10.22004/ag.econ.309882,9
WorldsApart,"Early adopters of new transportation technologies: Attitudes of Russia's population towards car sharing, the electric car and autonomous driving",FURSOV;NEFEDOVA;THURNER,TRANSPORTATION RESEARCH PART A: POLICY AND PRACTICE,NA,2022,10.1016/j.tra.2021.11.006,31
WorldsApart,Here’s Hoping It’s not Just Text Structure: The Role of Emotions in Knowledge Revision and the Backfire Effect,JACOBSON;SINATRA;THACKER,DISCOURSE PROCESSES,NA,2022,10.1080/0163853X.2021.1925059,18
WorldsApart,Consumer acceptance of genetic-based personalized nutrition in Hungary,CS;KISS;KOV;LY;LY;NAGY;PET;POPOVICS;SZAK;SZAK,GENES AND NUTRITION,NA,2021,10.1186/s12263-021-00683-7,14
WorldsApart,National weather service data needs for short-term forecasts and the role of unmanned aircraft in filling the gap: Results from a nationwide survey,HOUSTON;PYTLIKZILLIG;WALTHER,BULLETIN OF THE AMERICAN METEOROLOGICAL SOCIETY,NA,2021,10.1175/BAMS-D-20-0183.1,9
WorldsApart,Explore consumers’ willingness to purchase biotechnology produced fruit: An international study,HENG;HOUSE;YOON,SUSTAINABILITY (SWITZERLAND),NA,2021,10.3390/su132212882,4
WorldsApart,Farmers' attitudes towards GM crops and their predictors,AMIN;ARHAM;BATCHA;HUSSAIN;MAHADI;MUSTAPA;OMAR;YAACOB;YUSOFF,JOURNAL OF THE SCIENCE OF FOOD AND AGRICULTURE,NA,2021,10.1002/jsfa.11194,14
WorldsApart,Screening of anti-idiotypic domain antibody from phage library for development of Bt Cry1A simulants,DENG;DONG;FENG;GUAN;HE;YANG;YUAN,INTERNATIONAL JOURNAL OF BIOLOGICAL MACROMOLECULES,NA,2021,10.1016/j.ijbiomac.2021.05.093,8
WorldsApart,The more you know: The equivocal effects of prior knowledge on preferences for hunted vs. farmed wild boar meat,DEMARTINI;GAVIGLIO;GIACOMELLI;GIBBERT;MARESCOTTI;VECCHIATO;VIGAN,INTERNATIONAL JOURNAL OF GASTRONOMY AND FOOD SCIENCE,NA,2021,10.1016/j.ijgfs.2021.100325,18
WorldsApart,Comparing the views of the Italian general public and scientists on GMOs,AMICO;D;LUSK;PAPPALARDO,INTERNATIONAL JOURNAL OF FOOD SCIENCE AND TECHNOLOGY,NA,2021,10.1111/ijfs.14993,14
WorldsApart,Examining the relationship between knowledge and attitude extremity on genetic engineering technology: A conceptual replication study from China,CHU;MIN;SHEN,JOURNAL OF ENVIRONMENTAL PSYCHOLOGY,NA,2021,10.1016/j.jenvp.2021.101585,5
WorldsApart,The geography of innovation and technology news - An empirical study of the German news media,BROEKEL;ZGUN,TECHNOLOGICAL FORECASTING AND SOCIAL CHANGE,NA,2021,10.1016/j.techfore.2021.120692,24
WorldsApart,The Influence of Choice Context on Consumers’ Preference for GM Orange Juice,GAO;HOUSE;HU;MCFADDEN,JOURNAL OF AGRICULTURAL ECONOMICS,NA,2021,10.1111/1477-9552.12416,10
WorldsApart,"Evaluating the Effects of News-following, Volume and Content of News Coverage on Americans’ Risk Perceptions during the 2014-2016 Ebola Outbreak",JOHNSON;MAYORGA;WIRZ,JOURNAL OF HEALTH COMMUNICATION,NA,2021,10.1080/10810730.2021.1927257,5
WorldsApart,Gene editing isn’t just about food: comments from U.S. focus groups,FOLTA;MCFADDEN;POLLACK;RUMBLE;STOFER;TURNER,GM CROPS AND FOOD,NA,2021,10.1080/21645698.2021.1919485,10
WorldsApart,Who eats “frankenfoods” in Egypt? A structural equation analysis,MOSTAFA,JOURNAL OF INTERNATIONAL FOOD AND AGRIBUSINESS MARKETING,NA,2021,10.1080/08974438.2020.1797607,2
WorldsApart,Effects of public trust on behavioural intentions in the pharmaceutical sector: data from six European countries,BALOG;BOUDER;EVENSEN;FSTEDT;L;WAY,JOURNAL OF RISK RESEARCH,NA,2021,10.1080/13669877.2019.1694962,11
WorldsApart,Future proofing the principle of no significant harm,GUPTA;SCHMEIER,"INTERNATIONAL ENVIRONMENTAL AGREEMENTS: POLITICS, LAW AND ECONOMICS",NA,2020,10.1007/s10784-020-09515-2,35
WorldsApart,Does providing scientific information affect climate change and GMO policy preferences of the mass public? Insights from survey experiments in Germany and the United States,BERNAUER;DIAMOND;MAYER,ENVIRONMENTAL POLITICS,NA,2020,10.1080/09644016.2020.1740547,41
WorldsApart,"Strategic approach, advances, and challenges in the development and application of the SIT for area-wide control of aedes albopictus mosquitoes in Reunion island",BOYER;BRENGUES;DAMIENS;DEHECQ;FONTENILLE;GOFF;GOUAGNA;LE;OLIVA;RAUDE;SIMARD,INSECTS,NA,2020,10.3390/insects11110770,30
WorldsApart,Recency negativity: Newer food crops are evaluated less favorably,INBAR;PHELPS;ROZIN,APPETITE,NA,2020,10.1016/j.appet.2020.104754,14
WorldsApart,"Of Society, Nature, and Health: How Perceptions of Specific Risks and Benefits of Genetically Engineered Foods Shape Public Rejection",BROSSARD;ROSE;SCHEUFELE,ENVIRONMENTAL COMMUNICATION,NA,2020,10.1080/17524032.2019.1710227,42
WorldsApart,Consumers prefer “natural” more for preventatives than for curatives,ROZIN;SCOTT;SMALL,JOURNAL OF CONSUMER RESEARCH,NA,2020,10.1093/jcr/ucaa034,70
WorldsApart,"How would you define healthy food? Social representations of Brazilian, French and Spanish dietitians and young laywomen",GASPAR;LARREA;MU;OZ,APPETITE,NA,2020,10.1016/j.appet.2020.104728,40
WorldsApart,Public participation and information disclosure for environmental sustainability of 2022 winter Olympics,BANINLA;HE;YEERKENBIEKE,SUSTAINABILITY (SWITZERLAND),NA,2020,10.3390/su12187712,9
WorldsApart,Ethical and societal issues occasioned by xenotransplantation,ROLLIN,ANIMALS,NA,2020,10.3390/ani10091695,30
WorldsApart,Viral misinformation and echo chambers: the diffusion of rumors about genetically modified organisms on social media,SONG;WANG,INTERNET RESEARCH,NA,2020,10.1108/INTR-11-2019-0491,80
WorldsApart,Exploring factors affecting the acceptance of genetically edited food among youth in Japan,ARATO;CAO;FARID;KODAMA;LIM,INTERNATIONAL JOURNAL OF ENVIRONMENTAL RESEARCH AND PUBLIC HEALTH,NA,2020,10.3390/ijerph17082935,40
WorldsApart,Science or prejudice: The effects of subjective and objective perceptions on Chinese consumers’ preferences for foods from a novel biotechnology,LV;MA;XU;ZHAN;ZHANG,CHINA AGRICULTURAL ECONOMIC REVIEW,NA,2020,10.1108/CAER-12-2018-0241,6
WorldsApart,Research Report on the Chinese Public’s Knowledge of and Attitudes towards Genetic Modification,HE;LIAO;SHI;ZHANG;ZHAO,CHINESE RESEARCH PERSPECTIVES,NA,2020,10.1163/9789004418622_013,0
WorldsApart,The effect of information quality evaluation on selective exposure in informational cognitive dissonance: The role of information novelty,BARDIN;DUMAS;FACCA;PERRISSOL;VIDAL,INTERNATIONAL REVIEW OF SOCIAL PSYCHOLOGY,NA,2020,10.5334/IRSP.173,13
WorldsApart,"Attitude gaps with respect to gm non-food crops and gm food crops and confidence in the government’s management of biotechnology: Evidence from beijing consumers, chinese farmers, journalists, and government officials",DENG;HU;YU,SUSTAINABILITY (SWITZERLAND),NA,2020,10.3390/su12010324,7
WorldsApart,Food packaging and nanotechnology: safeguarding consumer health and safety,ADEYEYE,NUTRITION AND FOOD SCIENCE,NA,2019,10.1108/NFS-01-2019-0020,64
WorldsApart,"Examining personal and media factors associated with attitude towards genetically modified foods among university students in Kunming, China",BAUTISTA;LI,INTERNATIONAL JOURNAL OF ENVIRONMENTAL RESEARCH AND PUBLIC HEALTH,NA,2019,10.3390/ijerph16234613,4
WorldsApart,Cell-cultured meat: Lessons from GMO adoption and resistance,ICH;MOHOR;REESE,APPETITE,NA,2019,10.1016/j.appet.2019.104408,83
WorldsApart,The Economics of the Naturalist Food Paradigm,RAUSSER;SEXTON;ZILBERMAN,ANNUAL REVIEW OF RESOURCE ECONOMICS,NA,2019,10.1146/annurev-resource-100516-053623,12
WorldsApart,The psychological perspective on the adoption of approved genetically modified crops in the presence of acceptability constraint: the contingent role of passion,ALI;GHUFRAN;HUSSAIN;NAWAZ,GM CROPS AND FOOD,NA,2019,10.1080/21645698.2019.1680241,12
WorldsApart,"Synthetic biology applied in the agrifood sector: Public perceptions, attitudes and implications for future studies",CLARK;FREWER;JIN;KUZNESOF;LIN,TRENDS IN FOOD SCIENCE AND TECHNOLOGY,NA,2019,10.1016/j.tifs.2019.07.025,24
WorldsApart,"Dissuasive effect, information provision, and consumer reactions to the term ‘Biotechnology’: The case of reproductive interventions in farmed fish",DE;KONING;KULESZ;LAGERKVIST;LUNDH,PLOS ONE,NA,2019,10.1371/journal.pone.0222494,9
WorldsApart,"Understanding Agriculture within the Frameworks of Cumulative Cultural Evolution, Gene-Culture Co-Evolution, and Cultural Niche Construction",ALTMAN;MESOUDI,HUMAN ECOLOGY,NA,2019,10.1007/s10745-019-00090-y,46
WorldsApart,College students’ experience of a food safety class and their responses to the MSG issue,HAN;JIN,INTERNATIONAL JOURNAL OF ENVIRONMENTAL RESEARCH AND PUBLIC HEALTH,NA,2019,10.3390/ijerph16162977,2
WorldsApart,Knowledge and attitude toward genetic diseases and genetic tests among pre-marriage individuals: A cross-sectional study in northern Iran,ATAEI;GHASEMI;HASHEMI;NEJAD;SEMESKANDEH;SIAMY;SOTEH;TAFAZOLI,INTERNATIONAL JOURNAL OF REPRODUCTIVE BIOMEDICINE,NA,2019,10.18502/ijrm.v17i8.4819,14
WorldsApart,Shaping food safety perceptions: The influence of informational nudges,BRITWUM;YIANNAKA,JOURNAL OF BEHAVIORAL AND EXPERIMENTAL ECONOMICS,NA,2019,10.1016/j.socec.2019.06.007,7
WorldsApart,The modelling of preference switch from conventional food to genetically modified food: Evidence from Malaysia,ABDULLAH;HENG;TENG,INTERNATIONAL JOURNAL OF RECENT TECHNOLOGY AND ENGINEERING,NA,2019,10.35940/ijrte.b1713.078219,0
WorldsApart,The Fukushima Accident and Public Perceptions About Nuclear Power Around the Globe–A Challenge & Response Model,BAUER;GYLSTORFF;MADSEN;MEJLGAARD,ENVIRONMENTAL COMMUNICATION,NA,2019,10.1080/17524032.2018.1462225,16
WorldsApart,Distinguishing scientific knowledge: The impact of different measures of knowledge on genetically modified food attitudes,BROSSARD;HOWELL;ROSE;SCHEUFELE;SU;XENOS,PUBLIC UNDERSTANDING OF SCIENCE,NA,2019,10.1177/0963662518824837,45
WorldsApart,Rumormongering of genetically modified (GM) food on Chinese social network,CHAO;FEATHERSTONE;JI,TELEMATICS AND INFORMATICS,NA,2019,10.1016/j.tele.2019.01.005,24
WorldsApart,Development of an immunochromatographic assay for the specific detection of Bacillus thuringiensis (Bt) Cry1Ab toxin,DONG;LIU;LIU;XU;ZHANG;ZHANG,ANALYTICAL BIOCHEMISTRY,NA,2019,10.1016/j.ab.2018.08.014,17
WorldsApart,Association of attitudes towards genetically modified food among young adults and their referent persons,BAVOROV;BROSIG,PLOS ONE,NA,2019,10.1371/journal.pone.0211879,13
WorldsApart,Are attitudes toward labeling nano products linked to attitudes toward GMO? Exploring a potential ‘spillover’ effect for attitudes toward controversial technologies,AKIN;BROSSARD;CORLEY;SCHEUFELE;WIRZ;XENOS;YEO,JOURNAL OF RESPONSIBLE INNOVATION,NA,2019,10.1080/23299460.2018.1495026,41
WorldsApart,Power and Risk in Policymaking: Understanding Public Health Debates,ADEKOLA,NA,NA,2019,10.1007/978-3-030-19314-0,6
WorldsApart,Environmental degradation-an undesirable output of the food system,AIKING,NA,NA,2019,10.1016/B978-0-12-811660-9.00007-2,4
WorldsApart,Farmers' attitude towards the use of genetically modified crop technology in Southern Ghana: The mediating role of risk perception,CHU;KWADE;LUGU;LUKMAN;QUIST,AIMS AGRICULTURE AND FOOD,NA,2019,10.3934/agrfood.2019.4.833,10
WorldsApart,Evidence-based policy or risk minimisation? The regulation of e-cigarettes in Australia,NEWMAN,EVIDENCE AND POLICY,NA,2019,10.1332/174426417X15003701847639,0
WorldsApart,Retraction:Nanotechnology and food processing: between innovations and consumer safety,ADEYEYE;FAYEMI,JOURNAL OF CULINARY SCIENCE AND TECHNOLOGY,NA,2019,10.1080/15428052.2018.1476276,17
WorldsApart,Social representations of genetically modified foods and public willingness to consume such foods in Taiwan,CHEN,JOURNAL OF THE SCIENCE OF FOOD AND AGRICULTURE,NA,2018,10.1002/jsfa.9086,19
WorldsApart,What drives public acceptance of chemical industrial park policy and project in China?,BOAS;HE;LU;MOL,"RESOURCES, CONSERVATION AND RECYCLING",NA,2018,10.1016/j.resconrec.2018.06.023,51
WorldsApart,Regulatory uncertainty around new breeding techniques,HESSELN;LASSOUED;PHILLIPS;SMYTH,FRONTIERS IN PLANT SCIENCE,NA,2018,10.3389/fpls.2018.01291,51
WorldsApart,Product quality and reputation in food and agriculture,DELMOND;MCCLUSKEY;WINFREE,NA,NA,2018,10.4324/9781315623351-7,0
WorldsApart,Moral (dis)engagement with anthropogenic climate change in online comments on newspaper articles,COEN;FERN;NDEZ;WOODS,JOURNAL OF COMMUNITY AND APPLIED SOCIAL PSYCHOLOGY,NA,2018,10.1002/casp.2355,14
WorldsApart,Do consumers care how a genetically engineered food was created or who created it?,LUSK;MCFADDEN;WILSON,FOOD POLICY,NA,2018,10.1016/j.foodpol.2018.02.007,90
WorldsApart,Factors influencing residents’ acceptance (support) of remediation technologies,PRIOR,SCIENCE OF THE TOTAL ENVIRONMENT,NA,2018,10.1016/j.scitotenv.2017.12.133,15
WorldsApart,Application of an integrated framework to examine Chinese consumers’ purchase intention toward genetically modified food,BAI;FENG;JING;SHAO;YIN;ZHANG;ZHANG,FOOD QUALITY AND PREFERENCE,NA,2018,10.1016/j.foodqual.2017.11.001,91
WorldsApart,Are Science Festivals a Good Place to Discuss Heated Topics?,ALTAY;LAKHLIFI,JOURNAL OF SCIENCE COMMUNICATION,NA,2018,10.22323/2.19010207,8
WorldsApart,"A drone by any other name: Purposes, end-user trustworthiness, and framing, but not terminology, affect public support for drones",DETWEILER;DUNCAN;ELBAUM;PYTLIKZILLIG,IEEE TECHNOLOGY AND SOCIETY MAGAZINE,NA,2018,10.1109/MTS.2018.2795121,31
WorldsApart,"Support for research in climate change and nuclear energy, but less so for fracking: Born-free South Africans’ attitudes towards scientific controversies",GUENTHER;JOUBERT,"AFRICAN JOURNAL OF SCIENCE, TECHNOLOGY, INNOVATION AND DEVELOPMENT",NA,2018,10.1080/20421338.2017.1399535,4
WorldsApart,"Environment, media and communication",HANSEN,NA,NA,2018,10.4324/9781315625317,44
WorldsApart,"Motivated responses to political communications: Framing, party cues, and science information",DRUCKMAN;LEEPER;SLOTHUUS,NA,NA,2018,10.4324/9781351215947,14
WorldsApart,Public perceptions of biotechnology in South Africa,GASTROW;ISMAIL;REDDY;ROBERTS,SOUTH AFRICAN JOURNAL OF SCIENCE,NA,2018,10.17159/sajs.2018/20170276,15
WorldsApart,Technical Controversies over Public Policy: From Fluoridation to Fracking and Climate Change,MAZUR,NA,NA,2017,10.4324/9781315102757,4
WorldsApart,Basic-education mexican teachers' knowledge of biotechnology and attitudes about the consumption of genetically modified foods*,CAMPOS;ENZ;ESCAMILLA;G;GONZ;JIM;L;LEZ;M;MART;NDEZ;NEZ;NEZ;NGORA;PEZ;RAM;REZ;S;SALAS;TIJERINA,BIOCHEMISTRY AND MOLECULAR BIOLOGY EDUCATION,NA,2017,10.1002/bmb.21058,8
WorldsApart,"Modifying Knowledge, Emotions, and Attitudes Regarding Genetically Modified Foods",DANIELSON;GRAHAM;HEDDY;SINATRA,JOURNAL OF EXPERIMENTAL EDUCATION,NA,2017,10.1080/00220973.2016.1260523,79
WorldsApart,How scary! An analysis of visual communication concerning genetically modified organisms in Italy,FERRAZZI;FRISIO;SILETTI;VENTURA,PUBLIC UNDERSTANDING OF SCIENCE,NA,2017,10.1177/0963662516638634,15
WorldsApart,From risk perception to information selection… And not the other way round: Selective exposure mechanisms in the field of genetically modified organisms,BARDIN;FACCA;PERRISSOL;SMEDING,FOOD QUALITY AND PREFERENCE,NA,2017,10.1016/j.foodqual.2016.12.015,26
WorldsApart,Establishment of a sandwich enzyme-linked immunosorbent assay for specific detection of Bacillus thuringiensis (Bt) Cry1Ab toxin utilizing a monoclonal antibody produced with a novel hapten designed with molecular model,DONG;LIU;LIU;XIE;XU;ZHANG;ZHANG;ZHONG,ANALYTICAL AND BIOANALYTICAL CHEMISTRY,NA,2017,10.1007/s00216-016-0146-0,18
WorldsApart,“Environmental/ethics” and “Science/religion”: Converging streams in Barbour’s work,SOUTHGATE,THEOLOGY AND SCIENCE,NA,2017,10.1080/14746700.2016.1265226,0
WorldsApart,Culturally antagonistic memes and the Zika virus: an experimental test,JAMIESON;KAHAN;LANDRUM;WINNEG,JOURNAL OF RISK RESEARCH,NA,2017,10.1080/13669877.2016.1260631,55
WorldsApart,Splicing life?: The new genetics and society,GLASNER;ROTHMAN,NA,NA,2017,10.4324/9781315242583,0
WorldsApart,Food Security and the Sustainability of GMOs in the United States and the European Union,BREEMAN;GIEST;RIMKUTE,ADVANCES IN FOOD SECURITY AND SUSTAINABILITY,NA,2017,10.1016/bs.af2s.2017.09.005,4
WorldsApart,The role of mass media and lobbies in the formulation of GMO regulations,VIGANI,NA,NA,2017,10.1017/9781316585269.018,6
WorldsApart,Scientists' attitudes toward agricultural GM technology development and GM food in China,HUANG;PENG;WANG,CHINA AGRICULTURAL ECONOMIC REVIEW,NA,2017,10.1108/CAER-05-2017-0101,16
WorldsApart,Can product-information disclosure increase Chinese consumer's willingness to pay for GM foods? the case of Fad-3 GM lamb,CHEN;LIU;LIU,CHINA AGRICULTURAL ECONOMIC REVIEW,NA,2017,10.1108/CAER-01-2017-0006,19
WorldsApart,"Acceptance of Agri-Food Nanotechnology: Insights from the Evolution of Food Technology, Novel Foods and the Psychology of Novel Food Acceptance and Evidence from Present Research",FISCHER;FREWER;GUPTA,RSC NANOSCIENCE AND NANOTECHNOLOGY,NA,2017,10.1039/9781782626879-00039,3
WorldsApart,Understanding public perceptions of biotechnology through the “Integrative Worldview Framework”,DE;OSSEWEIJER;PIERCE;WITT,PUBLIC UNDERSTANDING OF SCIENCE,NA,2017,10.1177/0963662515592364,38
WorldsApart,Is stakeholder orientation relevant for European firms?,FERRELL;HAIR;MANLEY;PATEL;PIEPER,EUROPEAN MANAGEMENT JOURNAL,NA,2016,10.1016/j.emj.2016.07.001,31
WorldsApart,"Surviving in the dispute: A bibliometric analysis of global GMF-related research, 1995–2014",MAO;MING;SHI;XIANG;XU;ZHANG,SCIENTOMETRICS,NA,2016,10.1007/s11192-016-1995-1,6
WorldsApart,"What consumers don't know about genetically modified food, and how that affects beliefs",LUSK;MCFADDEN,FASEB JOURNAL,NA,2016,10.1096/fj.201600598,86
WorldsApart,Production and Characterization of Monoclonal Antibody Broadly Recognizing Cry1 Toxins by Use of Designed Polypeptide as Hapten,DING;DONG;LIU;LIU;XIE;XU;ZHANG;ZHANG;ZHANG;ZHONG,ANALYTICAL CHEMISTRY,NA,2016,10.1021/acs.analchem.6b00429,39
WorldsApart,What Can Be Gleaned From News Coverage to Improve Science Reporting and Enhance Public Literacy About Agricultural Biotechnology in Ghana?,LEE;RODRIGUEZ,JOURNAL OF AGRICULTURAL AND FOOD INFORMATION,NA,2016,10.1080/10496505.2015.1133309,7
WorldsApart,Deliberative Discussion Focus Groups,ANDERSON;BOTKIN;ROTHWELL,QUALITATIVE HEALTH RESEARCH,NA,2016,10.1177/1049732315591150,74
WorldsApart,Detection of bar transgenic sugarcane with a rapid and visual loop-mediated isothermal amplification assay,CHEN;GAO;GUO;LI;LU;QUE;SU;WANG;XU;ZHOU,FRONTIERS IN PLANT SCIENCE,NA,2016,10.3389/fpls.2016.00279,21
WorldsApart,Communicating about ocean health: Theoretical and practical considerations,BYRNE;MCCOMAS;SCHULDT,PHILOSOPHICAL TRANSACTIONS OF THE ROYAL SOCIETY B: BIOLOGICAL SCIENCES,NA,2016,10.1098/rstb.2015.0214,54
WorldsApart,"Knowledge, Attitudes Toward, and Acceptability of Genetic Modification among Western Balkan University Students of Life Sciences (AGREE Study)",AGRI;IRI;JOVIC;KOVI;NALI;RADULOVI;VELI;VISNJI,JOURNAL OF THE AMERICAN COLLEGE OF NUTRITION,NA,2016,10.1080/07315724.2014.1003115,6
WorldsApart,Nanotechnology in healthier meat processing,KHAN;RAHMAN;SAHAR;UBAID;UR,NA,NA,2016,10.1016/B978-0-12-804308-0.00010-8,6
WorldsApart,Genetically modified crops 2.0: The decline of media controversy in digital journalism,PIC,METODE,NA,2016,10.7203/metode.6.3899,0
WorldsApart,"Knowledge, trust, risk perception and acceptance: A sociological analysis on public acceptance of GM crops in China",HE;XUE;ZHANG;ZHAO,NA,NA,2016,10.4324/9781315680859,0
WorldsApart,Neural Activations Associated with Decision-time and Choice in a Milk Labeling Experiment,BRUCE;CHERRY;CRESPI;LUSK;MARTIN;MCFADDEN,AMERICAN JOURNAL OF AGRICULTURAL ECONOMICS,NA,2016,10.1093/ajae/aav049,10
WorldsApart,Assessment of Bt cotton genotypes for the Cry1Ac transgene and its expression,ASLAM;CHEEMA;KHAN;KHAN;KHAN;RANA,JOURNAL OF AGRICULTURAL SCIENCE,NA,2016,10.1017/S0021859615000325,21
WorldsApart,Consumers' perceptions on GM food safety in urban China,HUANG;PENG,JOURNAL OF INTEGRATIVE AGRICULTURE,NA,2015,10.1016/S2095-3119(15)61125-X,48
WorldsApart,The Role of Public (Mis)perceptions in the Acceptance of New Food Technologies: Implications for Food Nanotechnology Applications,HALLMAN;NUCCI,NA,NA,2015,10.1002/9781118886373.ch3,10
WorldsApart,Consumer Acceptance and Willingness-to-pay for Genetically Modified Foods with Enhanced Vitamin Levels,BLANCQUAERT;BUYSSE;DE;DER;FENG;GELLYNCK;LAMBERT;STEUR;STOVE;STRAETEN;STROBBE;VAN,NA,NA,2015,10.1016/b978-0-12-802259-7.00018-x,2
WorldsApart,Genetically Modified Organisms and European Journalism,HOWARTH,NA,NA,2015,10.1016/b978-0-12-802259-7.00022-1,1
WorldsApart,Attitudes to genetically modified food over time: How trust in organizations and the media cycle predict support,CRITCHLEY;MARQUES;WALSHE,PUBLIC UNDERSTANDING OF SCIENCE,NA,2015,10.1177/0963662514542372,101
WorldsApart,Evaluative Conditioning of Food Technologies,GRUNERT;LOEBNITZ,PSYCHOLOGY AND MARKETING,NA,2015,10.1002/mar.20813,8
WorldsApart,Town mouse or country mouse: Identifying a town dislocation effect in Chinese urbanization,BAI;LI;LI;LIU;LIU;RAO;REN;WANG;WU;ZHENG,PLOS ONE,NA,2015,10.1371/journal.pone.0125821,4
WorldsApart,The Potential Market for GM Rice with Health Benefits in a Chinese High-Risk Region,DE;DER;GELLYNCK;LAMBERT;LIQUN;STEUR;STRAETEN;VAN,JOURNAL OF FOOD PRODUCTS MARKETING,NA,2015,10.1080/10454446.2013.855993,14
WorldsApart,The effects of consumer's subjective and objective knowledge on perceptions and attitude towards genetically modified foods: Objective knowledge as a determinant,LIU;ZHANG,INTERNATIONAL JOURNAL OF FOOD SCIENCE AND TECHNOLOGY,NA,2015,10.1111/ijfs.12753,53
WorldsApart,Genetics: Legal Aspects,HARMON,NA,NA,2015,10.1016/B978-0-08-097086-8.82045-0,0
WorldsApart,Science and the public: The public understanding of science and its measurements,ENTRADAS,PORTUGUESE JOURNAL OF SOCIAL SCIENCE,NA,2015,10.1386/pjss.14.1.71_1,4
WorldsApart,Nucleic acid from beans extracted by ethanediamine magnetic particles,HOU;LUO;QIE;SUN;TAN;ZHANG,JOURNAL OF FOOD SCIENCE AND TECHNOLOGY,NA,2015,10.1007/s13197-013-1168-7,2
WorldsApart,An fMRI investigation of consumer choice regarding controversial food technologies,BRUCE;CHERRY;CRESPI;LUSK;MARTIN;MCFADDEN,FOOD QUALITY AND PREFERENCE,NA,2015,10.1016/j.foodqual.2014.10.005,34
WorldsApart,Economic crisis and public attitudes toward science: A study of regional differences in Spain,MENENDEZ;RYZIN;SANZ;VAN,PUBLIC UNDERSTANDING OF SCIENCE,NA,2015,10.1177/0963662513489790,13
WorldsApart,Nanotechnology in meat processing and packaging: Potential applications - A review,CHIN;HAN;RAMACHANDRAIAH,ASIAN-AUSTRALASIAN JOURNAL OF ANIMAL SCIENCES,NA,2015,10.5713/ajas.14.0607,126
WorldsApart,"FRAMING, THE MEDIA, AND ENVIRONMENTAL COMMUNICATION",NEWMAN;NISBET,NA,NA,2015,10.4324/9781315887586-24,62
WorldsApart,Cognitive biases in the assimilation of scientific information on global warming and genetically modified food,LUSK;MCFADDEN,FOOD POLICY,NA,2015,10.1016/j.foodpol.2015.04.010,86
WorldsApart,Social Disputes over GMOs: An Overview,MOTTA,SOCIOLOGY COMPASS,NA,2014,10.1111/soc4.12229,19
WorldsApart,Citizens' support for government spending on science and technology,DEL;MENENDEZ;PINO;RYZIN;SANZ;VAN,SCIENCE AND PUBLIC POLICY,NA,2014,10.1093/scipol/sct091,18
WorldsApart,"Awareness, use, and perceptions of biodiesel by Belgian and American college students",EDGAR;JOHNSON,JOURNAL OF INTERNATIONAL AGRICULTURAL AND EXTENSION EDUCATION,NA,2014,10.5191/jiaee.2014.20104,0
WorldsApart,Coexistence,BECKMANN;SOREGAROLI;WESSELER,NA,NA,2014,10.4337/9780857938350.00031,11
WorldsApart,Lessons from the California GM labeling proposition on the state of crop biotechnology,KAPLAN;KIM;WATERFIELD;ZILBERMAN,NA,NA,2014,10.4337/9780857938350.00040,8
WorldsApart,Disentangling the influence of value predispositions and risk/benefit perceptions on support for nanotechnology among the American Public,BROSSARD;KIM;SCHEUFELE;XENOS;YEO,RISK ANALYSIS,NA,2014,10.1111/risa.12141,43
WorldsApart,Evaluative conditioning of food technologies in China: Moderating effect of social trust,GRUNERT;LOEBNITZ,FOOD QUALITY AND PREFERENCE,NA,2014,10.1016/j.foodqual.2014.04.016,5
WorldsApart,Role of information on consumers' willingness-to-pay for genetically-modified rice with health benefits: An application to China,BUYSSE;DE;FENG;GELLYNCK;STEUR,ASIAN ECONOMIC JOURNAL,NA,2013,10.1111/asej.12020,38
WorldsApart,Attitudes and attitudinal ambivalence change towards nanotechnology applied to food production,DE;DIJK;FISCHER;FREWER;JONGE;ROWE;VAN,PUBLIC UNDERSTANDING OF SCIENCE,NA,2013,10.1177/0963662512440220,43
WorldsApart,Consumer welfare and GM food labeling: A simulation using an adjusted Kumaraswamy distribution,AHLSTROM;GU;YUE;ZHAO,FOOD POLICY,NA,2013,10.1016/j.foodpol.2013.06.006,24
WorldsApart,The Social Value of Being Ambivalent: Self-Presentational Concerns in the Expression of Attitudinal Ambivalence,BUTERA;CAVAZZA;PILLAUD,PERSONALITY AND SOCIAL PSYCHOLOGY BULLETIN,NA,2013,10.1177/0146167213490806,41
WorldsApart,Expert views on societal responses to different applications of nanotechnology: A comparative analysis of experts in countries with different economic and regulatory environments,FISCHER;FREWER;GEORGE;GUPTA,JOURNAL OF NANOPARTICLE RESEARCH,NA,2013,10.1007/s11051-013-1838-4,30
WorldsApart,Law and economics of the SPS Agreement: A critical perspective,ARCURI,NA,NA,2013,10.4337/9781781006146.00012,3
WorldsApart,Consumer trust in information sources: Testing an interdisciplinary model,LOVE;MACKERT;SILK,SAGE OPEN,NA,2013,10.1177/2158244013492782,15
WorldsApart,Preaching to the converted? An analysis of the UK public for space exploration,ENTRADAS;MILLER;PETERS,PUBLIC UNDERSTANDING OF SCIENCE,NA,2013,10.1177/0963662511411255,12
WorldsApart,The feeling of risk: New perspectives on risk perception,SLOVIC,NA,NA,2013,10.4324/9781849776677,27
WorldsApart,Role of genetically engineered animals in future food production,CLARKE;DORAN;MCCOLL,AUSTRALIAN VETERINARY JOURNAL,NA,2013,10.1111/avj.12024,14
WorldsApart,Sorting biotechnology applications: Results of multidimensional scaling (MDS) and cluster analysis,CONNOR;SIEGRIST,PUBLIC UNDERSTANDING OF SCIENCE,NA,2013,10.1177/0963662510394251,10
WorldsApart,Getting to maybe: Assessments of benefits and risks in Canadian public opinion on biotechnological innovation,LAYCOCK;N;SSER;WELDON;WHELAN,NA,NA,2013,10.4324/9780203123324-25,0
WorldsApart,Valuing Information on GM Foods in the presence of Country-of-Origin Labels,HOUSE;KIM;XIE,INTERNATIONAL JOURNAL ON FOOD SYSTEM DYNAMICS,NA,2013,10.18461/ijfsd.v4i3.432,7
WorldsApart,"Organisational culture: Concept, context, and measurement (In two volumes)",KIRBY;KUMMEROW,NA,NA,2013,10.1142/9789812837837,7
WorldsApart,Insights from societal psychology: The contextual politics of change,CAMPBELL;CORNISH;FRANKS;GARCIA;GILLESPIE;GLEIBS;GONCALVES;HOWARTH;JOVCHELOVITCH;LAHLOU;LORENZO;MANNELL;PORTELINHA;READER;TENNANT,JOURNAL OF SOCIAL AND POLITICAL PSYCHOLOGY,NA,2013,10.5964/jspp.v1i1.64,42
WorldsApart,The impact and acceptability of Canadian-style cigarette warning labels among US smokers and nonsmokers,CARPENTER;JAMIESON;MERTZ;PETERS;ROMER;SLOVIC;WHARFIELD,NA,NA,2013,10.4324/9781849776677,1
WorldsApart,Getting to maybe: Assessments of benefits and risks in Canadian public opinion on biotechnological innovation,LAYCOCK;STEVEN,NA,NA,2013,10.4324/9780203123324,0
WorldsApart,Energy and electricity in industrial nations: The sociology and technology of energy,MAZUR,NA,NA,2013,10.4324/9780203094488,19
WorldsApart,What do small farmers in Argentina think about genetically modified crops?,CORTASSA;FAZIO;MASSARANI;POLINO;VARA,AMBIENTE E SOCIEDADE,NA,2013,10.1590/S1414-753X2013000300002,6
WorldsApart,Of gods and men: Selected print media coverage of natural disasters and industrial failures in three Westminster countries,QUIGLEY;QUIGLEY,JOURNAL OF HOMELAND SECURITY AND EMERGENCY MANAGEMENT,NA,2013,10.1515/jhsem-2012-0054,5
WorldsApart,Influence of scientific-technical literacy on consumers' behavioural intentions regarding new food,ENTRENA;EZ;GUEZ;ORD;RODR;SALAZAR,APPETITE,NA,2013,10.1016/j.appet.2012.09.028,73
WorldsApart,Visual Representations of Genetic Engineering and Genetically Modified Organisms in the Online Media,ASORO;RODRIGUEZ,VISUAL COMMUNICATION QUARTERLY,NA,2012,10.1080/15551393.2012.735585,10
WorldsApart,Meta-attitudes and the local formation of consumer judgments towards genetically modified food,COSTA;FONT;GIL,BRITISH FOOD JOURNAL,NA,2012,10.1108/00070701211263028,22
WorldsApart,Science and Public Reason,JASANOFF,NA,NA,2012,10.4324/9780203113820,283
WorldsApart,Integrating stakeholder perspectives into the translation of cell-free fetal DNA testing for aneuploidy,ALLYSE;CHO;SAYRES,GENOME MEDICINE,NA,2012,10.1186/gm348,17
WorldsApart,Explaining attitudes toward genetically modified foods in the European Union,CECCOLI;HIXON,INTERNATIONAL POLITICAL SCIENCE REVIEW,NA,2012,10.1177/0192512111418788,40
WorldsApart,"Assumptions of the deficit model type of thinking: Ignorance, attitudes, and science communication in the debate on genetic engineering in agriculture",AHTEENSUU,JOURNAL OF AGRICULTURAL AND ENVIRONMENTAL ETHICS,NA,2012,10.1007/s10806-011-9311-9,67
WorldsApart,Extracting genomic DNA of foodstuff by polyamidoamine (PAMAM)-magnetite nanoparticles,HOU;LUO;QIE;SUN;TAN;ZHANG,TALANTA,NA,2012,10.1016/j.talanta.2012.02.007,18
WorldsApart,Factors influencing societal response of nanotechnology: An expert stakeholder analysis,DER;FISCHER;FREWER;GUPTA;LANS;VAN,JOURNAL OF NANOPARTICLE RESEARCH,NA,2012,10.1007/s11051-012-0857-x,59
WorldsApart,Public attitudes toward biofuels,BINDER;CACCIATORE;SCHEUFELE;SHAW,POLITICS AND THE LIFE SCIENCES,NA,2012,10.2990/31_1-2_36,75
WorldsApart,Consumers' trust in government and their attitudes towards genetically modified food: empirical evidence from China,HUANG;PRAY;QIU;ROZELLE,JOURNAL OF CHINESE ECONOMIC AND BUSINESS STUDIES,NA,2012,10.1080/14765284.2012.638471,20
WorldsApart,Ethical issues in performance-enhancing technologies: From bench to headline,DUROUSSEAU;ILLES;RACINE,NA,NA,2012,10.1201/b11861,1
WorldsApart,Predicting the future: Review of public-perception studies of nanotechnology,SIEGRIST,NA,NA,2012,10.1201/b12005,1
WorldsApart,Assessment of preservice teachers' knowledge and attitudes regarding biotechnology: Across-cultural comparison,AN;BOUJAOUDE;ERDO;LAMANAUSKAS;PROKOP;SAK;U;ZEL,JOURNAL OF BALTIC SCIENCE EDUCATION,NA,2012,10.33225/jbse/12.11.78,7
WorldsApart,Attitudes of European farmers towards GM crop adoption,AREAL;CEREZO;GUEZ;RIESGO;RODR,PLANT BIOTECHNOLOGY JOURNAL,NA,2011,10.1111/j.1467-7652.2011.00651.x,46
WorldsApart,Science Instructors' Perceptions of the Risks of Biotechnology: Implications for Science Education,GARDNER;JONES,RESEARCH IN SCIENCE EDUCATION,NA,2011,10.1007/s11165-010-9187-0,19
WorldsApart,"Nanotechnology in the public eye: The case of Iran, as a developing country",FARSHCHI;GHAVAMABADI;MAHMOUDI;NEJAD;SADRNEZHAAD,JOURNAL OF NANOPARTICLE RESEARCH,NA,2011,10.1007/s11051-011-0274-6,22
WorldsApart,Knowledge about and acceptance of genetically modified organisms among pre-service teachers: A comparative study of Turkey and Slovenia,AMBRO;DOLIN;EK;I;ORGO;SAK;U;ZEL,ELECTRONIC JOURNAL OF BIOTECHNOLOGY,NA,2011,10.2225/vol14-issue4-fulltext-5,12
WorldsApart,Factors affecting the perceptions of iranian agricultural researchers towards nanotechnology,HOSSEINI;REZAEI,PUBLIC UNDERSTANDING OF SCIENCE,NA,2011,10.1177/0963662509348455,6
WorldsApart,The gender gap in food choice motives as determinants of consumers' attitudes toward GM foods in Taiwan,CHEN,BRITISH FOOD JOURNAL,NA,2011,10.1108/00070701111140052,34
WorldsApart,Technology assessment in Australia: The case for a formal agency to improve advice to policy makers,ASLIN;RUSSELL;SALISBURY;VANCLAY,POLICY SCIENCES,NA,2011,10.1007/s11077-010-9120-4,11
WorldsApart,From enabling technology to applications: The evolution of risk perceptions about nanotechnology,CACCIATORE;CORLEY;SCHEUFELE,PUBLIC UNDERSTANDING OF SCIENCE,NA,2011,10.1177/0963662509347815,104
WorldsApart,Creating informed public opinion: Citizen deliberation about nanotechnologies for human enhancements,COBB,JOURNAL OF NANOPARTICLE RESEARCH,NA,2011,10.1007/s11051-011-0227-0,41
WorldsApart,"The public understanding of nanotechnology in the food domain: The hidden role of views on science, technology, and nature",BIEBERSTEIN;BLANCHEMANCHE;MARETTE;ROOSEN;VANDERMOERE,PUBLIC UNDERSTANDING OF SCIENCE,NA,2011,10.1177/0963662509350139,89
WorldsApart,How scientific evidence links attitudes to behaviors,DRUCKMAN,NA,NA,2011,10.1017/CBO9780511988554.006,3
WorldsApart,The effect of GM labeling regime on market outcomes,GOLAN;KUCHLER,FRONTIERS OF ECONOMICS AND GLOBALIZATION,NA,2011,10.1108/S1574-8715(2011)0000010016,1
WorldsApart,Consumer preferences for genetically modified food,LUSK,FRONTIERS OF ECONOMICS AND GLOBALIZATION,NA,2011,10.1108/S1574-8715(2011)0000010015,21
WorldsApart,A cross-sectional study of biotechnology awareness and teaching in European high schools,A;AR;FASO;HEINZMANN;HOERZER;IMKOV;LAIZET;LEDUCHOWSKA;SILVA;STUPAK;VANDERSCHUREN,NEW BIOTECHNOLOGY,NA,2010,10.1016/j.nbt.2010.01.338,7
WorldsApart,Regulation under Economic Globalization,URPELAINEN,INTERNATIONAL STUDIES QUARTERLY,NA,2010,10.1111/j.1468-2478.2010.00628.x,34
WorldsApart,The anthropology of genetically modified crops,STONE,ANNUAL REVIEW OF ANTHROPOLOGY,NA,2010,10.1146/annurev.anthro.012809.105058,73
WorldsApart,Eco crime and genetically modified food,WALTERS,NA,NA,2010,10.4324/9780203844151,36
WorldsApart,Findings from a community education needs assessment to facilitate the integration of genomic medicine into primary care,BARTZ;BLANTON;CHRISTIANSON;HAHN;HENRICH;KUNKLE;POWELL;ROXBURY;TELFAIR;VANCE,GENETICS IN MEDICINE,NA,2010,10.1097/GIM.0b013e3181ed3f97,18
WorldsApart,Regional differences in awareness and attitudes regarding genetic testing for disease risk and ancestry,FASAYE;FOSTER;GLOVER;HERNANDEZ;HOOKER;JONASSAINT;KITTLES;NJIDEKA;OJI;PAYNE;ROYAL;SANTOS,HUMAN GENETICS,NA,2010,10.1007/s00439-010-0845-0,34
WorldsApart,Students' risk perceptions of nanotechnology applications: Implications for science education,FORRESTER;GARDNER;JONES;ROBERTSON;TAYLOR,INTERNATIONAL JOURNAL OF SCIENCE EDUCATION,NA,2010,10.1080/09500690903331035,40
WorldsApart,Predicting the future: Review of public perception studies of nanotechnology,SIEGRIST,HUMAN AND ECOLOGICAL RISK ASSESSMENT,NA,2010,10.1080/10807039.2010.501255,52
WorldsApart,Analysis of genetically modified food using high-performance separation methods,LATOSZEK;POBO;TROJANOWICZ;Y,ANALYTICAL LETTERS,NA,2010,10.1080/00032711003653841,6
WorldsApart,Innovation and Liability in Biotechnology: Transnational and Comparative Perspectives,ENDRES;KERSHEN;REDICK;SMYTH,NA,NA,2010,10.4337/9781781000687,0
WorldsApart,"Environment, media and communication",HANSEN,NA,NA,2010,10.4324/9780203860014,237
WorldsApart,"Willingness-to-accept and purchase genetically modified rice with high folate content in Shanxi Province, China",DE;DER;GELLYNCK;LAMBERT;LIQUN;STEUR;STOROZHENKO;STRAETEN;VAN;VIAENE,APPETITE,NA,2010,10.1016/j.appet.2009.09.017,112
WorldsApart,Applying safety science to genetically modified agriculture,BOURRIER,NA,NA,2010,10.1017/CBO9780511976582.010,0
WorldsApart,A Collaborative Platform for Experiments in Ethics and Technology,DANIELSON,PHILOSOPHY OF ENGINEERING AND TECHNOLOGY,NA,2010,10.1007/978-90-481-2804-4_20,6
WorldsApart,The emergence of social science research on nanotechnology,PORTER;SHAPIRA;YOUTIE,SCIENTOMETRICS,NA,2010,10.1007/s11192-010-0204-x,40
WorldsApart,Centralization versus decentralization as a risk-return trade-off,ARCURI;DARI;MATTIACCI,JOURNAL OF LAW AND ECONOMICS,NA,2010,10.1086/599623,22
WorldsApart,Framing of science issues in opinion-leading news: International comparison of biotechnology issue coverage,LISTERMAN,PUBLIC UNDERSTANDING OF SCIENCE,NA,2010,10.1177/0963662505089539,47
WorldsApart,Determining the factors affecting the consumers' willingness to pay higher prices for genetically unmodified products: Tomato case study in Turkey,ESENG;GOKALP;GOKTOLGA;N,BRITISH FOOD JOURNAL,NA,2009,10.1108/00070700911001022,5
WorldsApart,Understanding public response to technology advocacy campaigns: A persuasion knowledge approach,MILLER;SINCLAIR,NA,NA,2009,10.4324/9780203867631,2
WorldsApart,Do they always say no? German consumers and second-generation GM foods,HARTL;HERRMANN,AGRICULTURAL ECONOMICS (UNITED KINGDOM),NA,2009,10.1111/j.1574-0862.2009.00397.x,16
WorldsApart,Issues and Methodology for Development of Transgenic Fish for Aquaculture with a Focus on Growth Enhancement,DEVLIN;M;RAVEN;SUNDSTR;UH,NA,NA,2009,10.1002/9780813807379.ch9,10
WorldsApart,Do physicians' beliefs about genetic engineering influence their likelihood of prescribing a biopharmaceutical? An empirical investigation,HUDSON;NONIS,HEALTH MARKETING QUARTERLY,NA,2009,10.1080/07359680903263623,0
WorldsApart,"Learning science in informal environments: People, places, and pursuits",BELL;FEDER;LEWENSTEIN;SHOUSE,NA,NA,2009,10.17226/12190,1610
WorldsApart,The dilemma of decontamination: A Gramscian analysis of the Mexican transgenic maize dispute,MERCER;WAINWRIGHT,GEOFORUM,NA,2009,10.1016/j.geoforum.2008.09.013,31
WorldsApart,On consumers' willingness to purchase nutritionally enhanced genetically modified food,CANAVARI;NAYGA,APPLIED ECONOMICS,NA,2009,10.1080/00036840701367564,45
WorldsApart,Understanding Public Response to Technology Advocacy Campaigns: A Persuasion Knowledge Approach,MILLER;SINCLAIR,NA,NA,2009,10.4324/9780203867631-12,0
WorldsApart,Identification of Genetically Modified Organisms,AHMED,NA,NA,2009,10.1016/B978-0-12-374537-8.00029-8,0
WorldsApart,Responding to Crises in the Modern Infrastructure: Policy Lessons from Y2K,QUIGLEY,NA,NA,2008,10.1057/9780230241640,5
WorldsApart,Press media reporting effects on risk perceptions and attitudes towards genetically modified (GM) food,COSTA;FONT;VILA;VILELLA,JOURNAL OF SOCIO-ECONOMICS,NA,2008,10.1016/j.socec.2008.04.006,84
WorldsApart,"Ethics, evolution and culture",DANIELSON;MESOUDI,THEORY IN BIOSCIENCES,NA,2008,10.1007/s12064-008-0027-y,11
WorldsApart,An integrated research framework to understand consumer attitudes and purchase intentions toward genetically modified foods,CHEN,BRITISH FOOD JOURNAL,NA,2008,10.1108/00070700810877889,68
WorldsApart,Qualitative system analysis as a means for sustainable governance of emerging technologies: the case of nanotechnology,LANG;SIEGRIST;WIEK,JOURNAL OF CLEANER PRODUCTION,NA,2008,10.1016/j.jclepro.2007.04.009,36
WorldsApart,The missing link: On strengthening the relationship between values and attitudes,DE;DREEZENS;KOK;LT;MARTIJN;TENB;VRIES,BASIC AND APPLIED SOCIAL PSYCHOLOGY,NA,2008,10.1080/01973530802209186,6
WorldsApart,The introduction of genetically modified food in the United States and the United Kingdom: A news analysis,BOTELHO;KURTZ,SOCIAL SCIENCE JOURNAL,NA,2008,10.1016/j.soscij.2007.11.001,15
WorldsApart,"Integrative analysis of the relationship between three assessment aspects of biotechnological applications: Perceived Benefit, perceived risk and the general support of a technology based on six German EurobarometerStudies (1991-2005); Die Beziehungsstruktur zwischen der Nutzen- und der Risikobewertung sowie der Unterstützung von Techniken im Bereich Biotechnologie: Integrative Untersuchung der Eurobarometer-Studien 1991-2005",GOLDSCHMIDT;SCHULZ,SOZIALER FORTSCHRITT,NA,2008,10.3790/sfo.57.10-11.264,0
WorldsApart,What Can Nanotechnology Learn From Biotechnology?,DAVID;THOMPSON,NA,NA,2008,10.1016/B978-0-12-373990-2.X0001-5,20
WorldsApart,Consumer Response to Mandated Labeling of Genetically Modified Foods,KALAITZANDONAKES;MARKS;VICKNER,NA,NA,2008,10.1093/acprof:oso/9780195326864.003.0007,0
WorldsApart,Socio-technical innovation for sustainable food chains: roles for social science,LEE;LOWE;PHILLIPSON,TRENDS IN FOOD SCIENCE AND TECHNOLOGY,NA,2008,10.1016/j.tifs.2007.11.005,84
WorldsApart,"Consumers' images regarding genomics as a tomato breeding technology: ""Maybe it can provide a more tasty tomato""",DEN;GREMMEN;HEUVEL;RENES;TRIJP;VAN;VAN;WOERKUM,EUPHYTICA,NA,2008,10.1007/s10681-007-9474-7,11
WorldsApart,Functional analysis of transgenic rice plants expressing a novel mutated ALS gene of rice,FUKUDA;IZAWA;KAKU;KAWAI;SHIMIZU;TANAKA,JOURNAL OF PESTICIDE SCIENCE,NA,2007,10.1584/jpestics.G07-08,13
WorldsApart,"""we begin tonight with fruits and vegetables"": Genetically modified food on the evening news 1980-2003",KUBEY;NUCCI,SCIENCE COMMUNICATION,NA,2007,10.1177/1075547007308173,24
WorldsApart,Culture and technological innovation: Impact of institutional trust and appreciation of nature on attitudes towards food biotechnology in the USA and Germany,HALLMAN;LANG;PETERS;SAWICKA,INTERNATIONAL JOURNAL OF PUBLIC OPINION RESEARCH,NA,2007,10.1093/ijpor/edm004,67
WorldsApart,Sustainable governance of emerging technologies-Critical constellations in the agent network of nanotechnology,SIEGRIST;WALTER;WIEK;ZEMP,TECHNOLOGY IN SOCIETY,NA,2007,10.1016/j.techsoc.2007.08.010,34
WorldsApart,Transparent communication strategy on GMOs: Will it change public opinion?,EGELHOFER;SINEMUS,BIOTECHNOLOGY JOURNAL,NA,2007,10.1002/biot.200700133,14
WorldsApart,"Attitudes, values, and socio-demographic characteristics that predict acceptance of genetic engineering and applications of new technology in Australia",BAGHURST;HARRISON;MOHR;SYRETTE;WILSON,BIOTECHNOLOGY JOURNAL,NA,2007,10.1002/biot.200700105,29
WorldsApart,An empirical test of competing theories of hazard-related trust: The case of GM food,ALLUM,RISK ANALYSIS,NA,2007,10.1111/j.1539-6924.2007.00933.x,62
WorldsApart,"Who reaps the benefits, who bears the risks? Comparative optimism, comparative utility, and regulatory preferences for mobile phone technology",EISER;HARRIS;PAHL;WHITE,RISK ANALYSIS,NA,2007,10.1111/j.1539-6924.2007.00881.x,36
WorldsApart,Determinants of children's participation in California's Medicaid and SCHIP programs,BROWN;FRATES;KINCHELOE,HEALTH SERVICES RESEARCH,NA,2007,10.1111/j.1475-6773.2006.00624.x,28
WorldsApart,Localized debates of agricultural biotechnology in community newspapers: A quantitative content analysis of media frames and sources,CRAWLEY,SCIENCE COMMUNICATION,NA,2007,10.1177/1075547006298253,68
WorldsApart,To buy or not to buy: Impact of labeling on purchasing intentions of genetically modified foods,FALLON;GURSOY;O;SWANGER,INTERNATIONAL JOURNAL OF HOSPITALITY MANAGEMENT,NA,2007,10.1016/j.ijhm.2005.10.003,54
WorldsApart,Future perspectives on the economic development of asia,DOWLING,NA,NA,2007,10.1142/6417,6
WorldsApart,Potential market segments for genetically modified food: Results from cluster analysis,BLAKE;CONNELL;KAYE;LAMB;O,AGRIBUSINESS,NA,2007,10.1002/agr.20134,9
WorldsApart,Biotechnology policy across national boundaries: The science-industrial complex,WEST,NA,NA,2007,10.1057/9780230605688,18
WorldsApart,Experimental auctions: Methods and applications in economic and marketing research,LUSK;SHOGREN,NA,NA,2007,10.1017/CBO9780511611261,473
WorldsApart,Consumer attitudes to food innovation and technology,SIEGRIST,NA,NA,2007,10.1533/9781845692506.2.236,18
WorldsApart,How does culture affect choice of foods?,ROZIN,NA,NA,2007,10.1533/9781845693381.1.66,18
WorldsApart,Attitudes and intentions to support biopharming,COOK;FAIRWEATHER,INTERNATIONAL JOURNAL OF BIOTECHNOLOGY,NA,2007,10.1504/IJBT.2007.015807,2
WorldsApart,Consumer attitudes to food innovation and technology,SIEGRIST,NA,NA,2007,10.1533/9781845693381.1.122,9
WorldsApart,"The reporting of the risks from genetically modified organisms in the mass media, 2002-2004",LEWISON,SCIENTOMETRICS,NA,2007,10.1007/s11192-007-1769-2,20
WorldsApart,Consumer acceptance of ingenic foods,LUSK;ROZAN,BIOTECHNOLOGY JOURNAL,NA,2006,10.1002/biot.200600187,56
WorldsApart,Potential solutions to public deliberation problems: Structured deliberations and polarization cascades,COBB;HAMLETT,POLICY STUDIES JOURNAL,NA,2006,10.1111/j.1541-0072.2006.00195.x,52
WorldsApart,The public as a limit to technology transfer: The influence of knowledge and beliefs in attitudes towards biotechnology in the UK,COSTA;FONT;MOSSIALOS,JOURNAL OF TECHNOLOGY TRANSFER,NA,2006,10.1007/s10961-006-0019-3,23
WorldsApart,"Risk, trust, and consumer acceptance of plant biotechnology: Implications for genetically modified ornamental plants",HALL;KLINGEMAN,JOURNAL OF CROP IMPROVEMENT,NA,2006,10.1300/J411v18n01_08,12
WorldsApart,Intellectual Property and Biotechnology,BUBELA;DURELL,NA,NA,2006,10.1002/9780470117118.ch12b,0
WorldsApart,Internalizing the societal costs of agricultural production,BUTTEL,JOURNAL FUR VERBRAUCHERSCHUTZ UND LEBENSMITTELSICHERHEIT,NA,2006,10.1007/s00003-006-0039-9,1
WorldsApart,Public attitudes toward genetic testing: Perceived benefits and objections,DER;HENNEMAN;TIMMERMANS;VAN;WAL,GENETIC TESTING,NA,2006,10.1089/gte.2006.10.139,68
WorldsApart,Examining consumer behavior toward genetically modified (GM) food in Britain,SPENCE;TOWNSEND,RISK ANALYSIS,NA,2006,10.1111/j.1539-6924.2006.00777.x,95
WorldsApart,Consumer perceptions of the effectiveness of food risk management practices: A cross-cultural study,FREWER;HOUGHTON;KLEEF;ROWE;VAN,"HEALTH, RISK AND SOCIETY",NA,2006,10.1080/13698570600677373,52
WorldsApart,Comparative advantage in demand: Experimental evidence of preferences for genetically modified food in the United States and European Union,HOUSE;JAEGER;LUSK;MOORE;MORROW;TRAILL;VALLI,JOURNAL OF AGRICULTURAL ECONOMICS,NA,2006,10.1111/j.1477-9552.2006.00029.x,53
WorldsApart,Development and validation of a sensitive and fast chemiluminescent enzyme immunoassay for the detection of genetically modified maize,GUARDIGLI;MAGLIULO;MICHELINI;MIRASOLI;RODA;SIMONI,ANALYTICAL AND BIOANALYTICAL CHEMISTRY,NA,2006,10.1007/s00216-006-0308-6,49
WorldsApart,Hyped biomedical science or uncritical reporting? Press coverage of genomics (1992-2001) in Québec,DESMOND;DOUCET;GAREAU;JOBIN;LAUDY;RACINE;SCHRAEDLEY,SOCIAL SCIENCE AND MEDICINE,NA,2006,10.1016/j.socscimed.2005.07.024,36
WorldsApart,Challenged Earth: An overview of humanity’s stewardship of Earth,LINCOLN,NA,NA,2006,10.1142/P377,10
WorldsApart,Scientific cultures of non-knowledge in the controversy over genetically modified organisms (GMO): The cases of molecular biology and ecology,B;KASTENHOFER;MARSCHALL;RUST;SCHEN;SOENTGEN;WEHLING,GAIA - ECOLOGICAL PERSPECTIVES FOR SCIENCE AND SOCIETY,NA,2006,10.14512/gaia.15.4.12,45
WorldsApart,Master gardener perception of genetically modified ornamental plants provides strategies for promoting research products through outreach and marketing,BABBIT;HALL;KLINGEMAN,HORTSCIENCE,NA,2006,10.21273/hortsci.41.5.1263,9
WorldsApart,Transformation of Acinetobacter sp. BD413 with DNA from commercially available genetically modified potato and papaya,ARAKAWA;IWAKI,LETTERS IN APPLIED MICROBIOLOGY,NA,2006,10.1111/j.1472-765X.2006.01924.x,8
WorldsApart,An analysis of Bt corn's benefits and risks for national and regional policymakers considering Bt corn adoption,WU,INTERNATIONAL JOURNAL OF TECHNOLOGY AND GLOBALISATION,NA,2006,10.1504/ijtg.2006.009130,9
WorldsApart,Images of cloning and stem cell research in editorial cartoons in the United States,GIARELLI,QUALITATIVE HEALTH RESEARCH,NA,2006,10.1177/1049732305284019,16
WorldsApart,Biotechnologies and their potential impact on animal breeding and production: A review,RAADSMA;TAMMEN,AUSTRALIAN JOURNAL OF EXPERIMENTAL AGRICULTURE,NA,2005,10.1071/EA05073,8
WorldsApart,Qualitative and quantitative PCR methods for event-specific detection of genetically modified cotton Mon1445 and Mon531,CHEN;HUANG;PAN;QIAN;YANG;YIN;ZHANG;ZHANG,TRANSGENIC RESEARCH,NA,2005,10.1007/s11248-005-0010-z,85
WorldsApart,Unpacking atitudes towards genetically modified food,DE;DER;LIVER;PLIGT;VAN;WIGBOLDUS,APPETITE,NA,2005,10.1016/j.appet.2005.07.004,14
WorldsApart,"At last, another record corn crop",GOOD;TROYER,JOURNAL OF CROP IMPROVEMENT,NA,2005,10.1300/J411v14n01_08,3
WorldsApart,"Perceived safety of donor blood and blood substitutes for transfusion: The role of informational frame, patient groups and stress appraisals",FERGUSON;FLEMING;LEAVISS;LOWE;TOWNSEND,TRANSFUSION MEDICINE,NA,2005,10.1111/j.1365-3148.2005.00612.x,13
WorldsApart,Identification and quantification of three genetically modified insect resistant cotton lines using conventional and TaqMan real-time polymerase chain reaction methods,CHEN;GUO;HUANG;PAN;YANG;YIN;ZHANG;ZHANG,JOURNAL OF AGRICULTURAL AND FOOD CHEMISTRY,NA,2005,10.1021/jf050095u,48
WorldsApart,"Intentions to use hormonal male contraception: The role of message framing, attitudes and stress appraisals",CONNOR;CONNOR;FERGUSON;O;O,BRITISH JOURNAL OF PSYCHOLOGY,NA,2005,10.1348/000712605X49114,41
WorldsApart,Agro-biotechnology and organic food purchase in the United Kingdom,BALASUBRAMANIAN;MOON;RIMAL,BRITISH FOOD JOURNAL,NA,2005,10.1108/00070700510579162,86
WorldsApart,'Ambivalent' individual preferences towards biotechnology in the European Union: Products or processes?,COSTA;FONT;MOSSIALOS,JOURNAL OF RISK RESEARCH,NA,2005,10.1080/1366987042000275091,19
WorldsApart,Attitudes towards genetics: A case study among Brazilian high school students,CASTRO;DE;MASSARANI;MOREIRA,PUBLIC UNDERSTANDING OF SCIENCE,NA,2005,10.1177/0963662505050992,42
WorldsApart,The value to consumers of reducing foodborne risks,BUZBY;CRUTCHFIELD;FRENZEN;GOLAN;KUCHLER;RALSTON;ROBERTS,NA,NA,2005,10.4324/9781936331529,6
WorldsApart,Religious values and environmental concern: Harmony and detachment,BIEL;NILSSON,SOCIAL SCIENCE QUARTERLY,NA,2005,10.1111/j.0038-4941.2005.00297.x,94
WorldsApart,Consumer involvement and acceptance of biotechnology in the European Union: A specific focus on Spain and the UK,COSTA;FONT;MOSSIALOS;VILA;VILELLA,INTERNATIONAL JOURNAL OF CONSUMER STUDIES,NA,2005,10.1111/j.1470-6431.2004.00425.x,38
WorldsApart,Transgenic crops and sustainable agriculture in the European context,PONTI,"BULLETIN OF SCIENCE, TECHNOLOGY AND SOCIETY",NA,2005,10.1177/0270467605277292,10
WorldsApart,Advocacy advertising for biotechnology: The effect of public accountability on corporate trust and attitude toward the ad,IRANI;SINCLAIR,JOURNAL OF ADVERTISING,NA,2005,10.1080/00913367.2005.10639203,54
WorldsApart,Consumer acceptance of biotechnology and the role of second generation technologies in the USA and Europe,LUSK;ROZAN,TRENDS IN BIOTECHNOLOGY,NA,2005,10.1016/j.tibtech.2005.05.012,27
WorldsApart,Risk as narrative value: A theoretical framework for facilitating the biotechnology debate,FINUCANE;SATTERFIELD,INTERNATIONAL JOURNAL OF BIOTECHNOLOGY,NA,2005,10.1504/IJBT.2005.006450,21
WorldsApart,An empirical investigation of the role of knowledge in public opinion about GM food,AQUINO;CUITE;HALLMAN,INTERNATIONAL JOURNAL OF BIOTECHNOLOGY,NA,2005,10.1504/IJBT.2005.006453,29
WorldsApart,Sentiments and acts towards genetically modified foods,KALAITZANDONAKES;MARKS;VICKNER,INTERNATIONAL JOURNAL OF BIOTECHNOLOGY,NA,2005,10.1504/IJBT.2005.006452,21
WorldsApart,Media coverage of biotech foods and influence on consumer choice,KALAITZANDONAKES;MARKS;VICKNER,AMERICAN JOURNAL OF AGRICULTURAL ECONOMICS,NA,2004,10.1111/j.0002-9092.2004.00671.x,78
WorldsApart,"Information, consumers, and GMF: A comment",GRAFF;HEIMAN;JIN;ZILBERMAN,AMERICAN JOURNAL OF AGRICULTURAL ECONOMICS,NA,2004,10.1111/j.0002-9092.2004.00672.x,0
WorldsApart,Skepticism about media effects of concerning the environment: Examining Lomborg's hypotheses,BESLEY;SHANAHAN,SOCIETY AND NATURAL RESOURCES,NA,2004,10.1080/08941920490505266,31
WorldsApart,Psychological determinants of willingness to taste and purchase genetically modified food,CAMPBELL;TOWNSEND,RISK ANALYSIS,NA,2004,10.1111/j.0272-4332.2004.00533.x,69
WorldsApart,Effects of context and feelings on perceptions of genetically modified food,CLARKE;TOWNSEND;TRAVIS,RISK ANALYSIS,NA,2004,10.1111/j.0272-4332.2004.00532.x,35
WorldsApart,Genetically modified language: The discourse of arguments for GM crops and food,COOK,NA,NA,2004,10.4324/9780203561232,82
WorldsApart,All-native DNA transformation: A new approach to plant genetic engineering,ROMMENS,TRENDS IN PLANT SCIENCE,NA,2004,10.1016/j.tplants.2004.07.001,97
WorldsApart,Policy reviews and essays: Future forests: Forecasting social and ecological consequences of genetic engineering,BAILEY;DUBOIS;SINCLAIR,SOCIETY AND NATURAL RESOURCES,NA,2004,10.1080/08941920490466639,3
WorldsApart,The cognitive dimension of public perceptions of science: Methodological issues,CALVO;PARDO,PUBLIC UNDERSTANDING OF SCIENCE,NA,2004,10.1177/0963662504045002,65
WorldsApart,Qualitative and quantitative PCR methods for detection of three lines of genetically modified potatoes,JUNG;KIM;KIM;LEE;PARK;RHO,JOURNAL OF AGRICULTURAL AND FOOD CHEMISTRY,NA,2004,10.1021/jf0499020,39
WorldsApart,The precautionary principle and the regulation of U.S. food and drug safety,SOULE,JOURNAL OF MEDICINE AND PHILOSOPHY (UNITED KINGDOM),NA,2004,10.1080/03605310490500536,16
WorldsApart,Shaping science policy in the age of genomics,SHARP;WILSON;YUDELL,NATURE REVIEWS GENETICS,NA,2004,10.1038/nrg1320,18
WorldsApart,Consumer Acceptance of Food Biotechnology: Willingness to Buy Genetically Modified Food Products,ADELAJA;HALLMAN;HOSSAIN;ONYANGO;SCHILLING,JOURNAL OF INTERNATIONAL FOOD AND AGRIBUSINESS MARKETING,NA,2004,10.1300/J047v15n01_04,22
WorldsApart,"Seeds, food and trade wars: Public opinion and policy responses in the USA and Europe",EYCK;GASKELL;JACKSON;TEN,JOURNAL OF COMMERCIAL BIOTECHNOLOGY,NA,2004,10.1057/palgrave.jcb.3040081,9
WorldsApart,A Comparative Study of the Politics of GM Food and Crops,TOKE,POLITICAL STUDIES,NA,2004,10.1111/j.1467-9248.2004.00471.x,7
WorldsApart,Qualitative and quantitative detection of protein and genetic traits in genetically modified food,BETZIOS;DOURTOGLOU;MARKOULATOS;MONCANY;NERANTZIS;PAPATHOMA;SIAFAKAS,FOOD REVIEWS INTERNATIONAL,NA,2004,10.1081/FRI-200029418,8
WorldsApart,A strategy for obtaining social benefits from the gene revolution,BARRETO;CASTRO;DE,BRAZILIAN JOURNAL OF MEDICAL AND BIOLOGICAL RESEARCH,NA,2004,10.1590/s0100-879x2004001000001,4
WorldsApart,Product attributes and consumer acceptance of nutritionally enhanced genetically modified foods,HOSSAIN;ONYANGO,INTERNATIONAL JOURNAL OF CONSUMER STUDIES,NA,2004,10.1111/j.1470-6431.2004.00352.x,118
WorldsApart,"Science, technology, and postmodernism",HEISE,NA,NA,2004,10.1017/CCOL0521640520.008,27
WorldsApart,"""Does Contain"" vs. ""Does Not Contain"": Does it matter which GMO label is used?",CRESPI;MARETTE,EUROPEAN JOURNAL OF LAW AND ECONOMICS,NA,2003,10.1023/A:1025362808108,60
WorldsApart,"Aggregate private R and D investments in agriculture: The role of incentives, public policies, and institutions",ALFRANCA;HUFFMAN,ECONOMIC DEVELOPMENT AND CULTURAL CHANGE,NA,2003,10.1086/380585,22
WorldsApart,Introduction: What are the issues in addressing the allergenic potential of genetically modified foods?,METCALFE,ENVIRONMENTAL HEALTH PERSPECTIVES,NA,2003,10.1289/ehp.5810,36
WorldsApart,Exploring and modelling consumer attitudes towards genetically modified food,VERDURME;VIAENE,QUALITATIVE MARKET RESEARCH,NA,2003,10.1108/13522750310470109,31
WorldsApart,Transgenic organisms - Time for conceptual diversification?,NIELSEN,NATURE BIOTECHNOLOGY,NA,2003,10.1038/nbt0303-227,92
WorldsApart,"Product attributes, consumer benefits and public approval of genetically modified foods",ADELAJA;HALLMAN;HOSSAIN;ONYANGO;SCHILLING,INTERNATIONAL JOURNAL OF CONSUMER STUDIES,NA,2003,10.1046/j.1470-6431.2003.00303.x,96
WorldsApart,Consumer beliefs and attitude towards genetically modified food: Basis for segmentation and implications for communication,VERDURME;VIAENE,AGRIBUSINESS,NA,2003,10.1002/agr.10045,88
WorldsApart,Willingness to Pay for Non-biotech Foods in the U.S. and U.K.,BALASUBRAMANIAN;MOON,JOURNAL OF CONSUMER AFFAIRS,NA,2003,10.1111/j.1745-6606.2003.tb00456.x,75
WorldsApart,Application of Modern Biotechnology to Food and Agriculture: Food Systems Perspective,BENBROOK;G;KNOWLES;MCCULLUM;MEZ;ROBERTS;SCHRYVER,JOURNAL OF NUTRITION EDUCATION AND BEHAVIOR,NA,2003,10.1016/S1499-4046(06)60347-3,23
WorldsApart,Internalizing the Societal Costs of Agricultural Production,BUTTEL,PLANT PHYSIOLOGY,NA,2003,10.1104/pp.103.030312,34
WorldsApart,Genetically modified probiotics in foods,AHMED,TRENDS IN BIOTECHNOLOGY,NA,2003,10.1016/j.tibtech.2003.09.006,89
WorldsApart,New Zealand's Royal Commission on Genetic Modification: A critical review,HOPE,INTERNATIONAL JOURNAL OF SUSTAINABLE DEVELOPMENT,NA,2003,10.1504/IJSD.2003.004212,0
WorldsApart,"Perception of gene technology, and food risks: Results of a survey in Switzerland",SIEGRIST,JOURNAL OF RISK RESEARCH,NA,2003,10.1080/1366987032000047798,71
WorldsApart,The 5-enolpyruvylshikimate-3-phosphate synthase of glyphosate-tolerant soybean expressed in Escherichia coli shows no severe allergenicity,CHANG;HUH;JEONG;KIM;KIM;KIM;KIM;LEE;LIM;NAM;OH;PARK,MOLECULES AND CELLS,NA,2003,10.1016/s1016-8478(23)13702-2,17
WorldsApart,"Between myth and reality: Genetically modified maize, an example of a sizeable scientific controversy",DUMAS;FRANGNE;MASSONNEAU;WISNIEWSKI,BIOCHIMIE,NA,2002,10.1016/S0300-9084(02)00014-7,34
WorldsApart,Genetically engineered crops and foods: Back to the basics of technology diffusion,WAGNER;WALCHLI;WEICK,TECHNOLOGY IN SOCIETY,NA,2002,10.1016/S0160-791X(02)00008-8,11
WorldsApart,Carving up the commons - Emergence of a new international regime for germplasm development and transfer,FALCON;FOWLER,FOOD POLICY,NA,2002,10.1016/S0306-9192(02)00013-1,84
WorldsApart,The precautionary principle: Scientific uncertainty and omitted research in the context of GMO use and release,MYHR;TRAAVIK,JOURNAL OF AGRICULTURAL AND ENVIRONMENTAL ETHICS,NA,2002,10.1023/A:1013814108502,46
WorldsApart,The importance of being accountable,IRANI;MALLEY;O;SINCLAIR,SCIENCE COMMUNICATION,NA,2002,10.1177/107554700202300302,15
WorldsApart,Attitudes toward science among the European public: A methodological analysis,CALVO;PARDO,PUBLIC UNDERSTANDING OF SCIENCE,NA,2002,10.1088/0963-6625/11/2/305,112
WorldsApart,Current status and detection of genetically modified organism,PAN,JOURNAL OF FOOD AND DRUG ANALYSIS,NA,2002,10.38212/2224-6614.2739,14
WorldsApart,Public perceptions of biotechnology,BLAINE;KAMALDEEN;POWELL,JOURNAL OF FOOD SCIENCE,NA,2002,10.1111/j.1365-2621.2002.tb09566.x,34
WorldsApart,Social Genomics: Genomic Inventions in Society the Nature of What's to Come,HOLLANDER,SCIENCE AND ENGINEERING ETHICS,NA,2002,10.1007/s11948-002-0002-9,5
WorldsApart,"New modernities: Reimagining science, technology and development",JASANOFF,ENVIRONMENTAL VALUES,NA,2002,10.3197/096327102129341082,43
WorldsApart,Representations of health risks: What social psychology can offer health promotion,JOFFE,HEALTH EDUCATION JOURNAL,NA,2002,10.1177/001789690206100206,22
WorldsApart,"Genetic, molecular, and genomic approaches to improve the value of plant foods and feeds",GALILI;GALILI;LEWINSOHN;TADMOR,CRITICAL REVIEWS IN PLANT SCIENCES,NA,2002,10.1080/0735-260291044232,113
WorldsApart,Community leader response to educational information about biotechnology,BRUHN;MASON,JOURNAL OF FOOD SCIENCE,NA,2002,10.1111/j.1365-2621.2002.tb11417.x,12
WorldsApart,Why would anyone object? An exploration of social aspects of phytoremediation acceptability,BJORNSTAD;WOLFE,CRITICAL REVIEWS IN PLANT SCIENCES,NA,2002,10.1080/0735-260291044304,30
WorldsApart,Consumer Attitudes Towards GM Food: Literature Review and Recommendations for Effective Communication,VERDURME;VIAENE,JOURNAL OF INTERNATIONAL FOOD AND AGRIBUSINESS MARKETING,NA,2001,10.1300/J047v13n02_05,24
WorldsApart,Competitors co-operating: Establishing a supply chain to manage genetically modified canola,PHILLIPS;SMYTH,INTERNATIONAL FOOD AND AGRIBUSINESS MANAGEMENT REVIEW,NA,2001,10.1016/S1096-7508(01)00070-2,31
WorldsApart,"New genetics, new ethics? Globalisation and its discontents",GLASNER;ROTHMAN,"HEALTH, RISK AND SOCIETY",NA,2001,10.1080/13698570120079868,13
WorldsApart,What is 'public opinion' about genetics?,CONDIT,NATURE REVIEWS GENETICS,NA,2001,10.1038/35093580,82
WorldsApart,South Africa and the global biotechnology battle,DER;VAN;WALT,JOURNAL OF NEW SEEDS,NA,2001,10.1300/J153v03n01_06,0
WorldsApart,The precautionary principle: An ‘unprincipled’ approach to biotechnology regulation,MARCHANT,JOURNAL OF RISK RESEARCH,NA,2001,10.1080/136698701750128088,25
WorldsApart,Economies of Food Labeling,GOLAN;GREENE;JESSUP;KUCHLER;MITCHELL,JOURNAL OF CONSUMER POLICY,NA,2001,10.1023/A:1012272504846,218
WorldsApart,"The effect of religion, education and income on the level of acceptance of biotechnology",HEIMAN;JUST;ZILBERMAN,INTERNATIONAL JOURNAL OF BIOTECHNOLOGY,NA,2001,10.1504/ijbt.2001.000163,3
WorldsApart,Molecular targets for nutrients involved with cancer prevention,ANDERSON;GREENWALD;MCDONALD;MILNER,NUTRITION AND CANCER,NA,2001,10.1207/S15327914NC41-1&2_1,91
WorldsApart,Allergenicity test of genetically modified soybean in sprague dawley rats,BAE;CHANG;CHUNG;JEONG;KIM;KIM;LIM;NAM,ARCHIVES OF PHARMACAL RESEARCH,NA,2001,10.1007/BF02978267,10
WorldsApart,Public perceptions of agricultural biotechnology and pesticides: Recent understandings and implications for risk communication,PETERSON,AMERICAN ENTOMOLOGIST,NA,2000,10.1093/ae/46.1.8,23
WorldsApart,"Consumer concerns about industrialized agriculture and food safety: Importance, origin and possible solutions",BONNY,ANIMAL RESEARCH,NA,2000,10.1051/animres:2000121,3
WorldsApart,Regulation of Genetically Modified Organisms in the European Union,ENDRES;GROSSMAN,AMERICAN BEHAVIORAL SCIENTIST,NA,2000,10.1177/00027640021956260,21
WorldsApart,"Seeds of Discontent: Expert Opinion, Mass Media Messages, and the Public Image of Agricultural Biotechnology",GILLESPIE;PRIEST,SCIENCE AND ENGINEERING ETHICS,NA,2000,10.1007/s11948-000-0012-4,24
WorldsApart,Genetically modified crops and the environment,BARTON;DRACUP,AGRONOMY JOURNAL,NA,2000,10.2134/agronj2000.924797x,35
WorldsApart,Participatory technology assessment and the democratic model of the public understanding of science,DURANT,SCIENCE AND PUBLIC POLICY,NA,1999,10.3152/147154399781782329,151
ECigUse,"In Response to Association Between Youth Smoking, Electronic Cigarette Use, and COVID-19",CAMACHO;MURPHY,JOURNAL OF ADOLESCENT HEALTH,NA,2021,NA,5
HypertensionGuidelines,"Prevalence of Hypertension and Controlled Hypertension - United States, 2007-2010",GILLESPIE;HURVITZ,MMWR-MORBIDITY AND MORTALITY WEEKLY REPORT,NA,2013,NA,222
HypertensionGuidelines,Randomized Trial of Epidural Injections for Spinal Stenosis Published in <i>The</i> <i>New England Journal of Medicine</i>: Further Confusion Without Clarification,BENYAMIN;BOSWELL;CANDIDO;FALCO;GHARIBO;HIRSCH;KAYE;MANCHIKANTI,PAIN PHYSICIAN,NA,2014,NA,41
HypertensionGuidelines,Twirling reinforcing-reducing manipulation - central mechanism underlying antihypertensive effect on spontaneous hypertension in rats,BINBIN;DONGMEI;GUO;LIU;NIE;QINGGUO;QIULEI;SUN,JOURNAL OF TRADITIONAL CHINESE MEDICINE,NA,2018,NA,11
HypertensionGuidelines,"子痫前期预测预防是固步自封,还是探索求进强化预警",,中国实用妇科与产科杂志. Chineses Journal of Practical Gynecology and Obstetrics,NA,2014,NA,5
HypertensionGuidelines,Targeting Blood Pressure Lowering and the Sympathetic Nervous System,HERING;NARKIEWICZ,EARLY VASCULAR AGING (EVA): NEW DIRECTIONS IN CARDIOVASCULAR PROTECTION,NA,2015,NA,2
HypertensionGuidelines,The Knowledge Levels of Hypertension among Faith-Based African American Men,JOHNSON,NA,NA,2019,NA,0
HypertensionGuidelines,"Factors Associated with the Prevalence, Awareness, Treatment, and Control of Hypertension in Young Adults in the U.S.",YOON,NA,NA,2017,NA,0
HypertensionGuidelines,Improving Patient Care Delivery in a Small Alaska Native Health Care Organization,SIEMENS,NA,NA,2016,NA,0
HypertensionGuidelines,Ethical Dilemmas when Diagnosing Hypertension,DIAZ;LOPEZ;MONTERO;SANTANA,FINLAY,NA,2012,NA,0
MarijuanaUse,Measuring Protective Behavioral Strategies for Marijuana Use Among Young Adults,HUMMER;NEIGHBORS;PEDERSEN;RINKER;TRAYLOR,JOURNAL OF STUDIES ON ALCOHOL AND DRUGS,NA,2016,NA,82
MarijuanaUse,Marijuana Use and Potential Implications of Marijuana Legalization,GRIGSBY;HOFFMANN;MOSS,PEDIATRICS IN REVIEW,NA,2020,NA,15
MarijuanaUse,Negative Life Events and Mental Health Problem: The Importance of Coping Strategy,ARSHAT;HASBULLAH;JUHARI;YAACOB;YUIN,PERTANIKA JOURNAL OF SOCIAL SCIENCE AND HUMANITIES,NA,2019,NA,9
SuicideNatDisasters,The association between natural disasters and violence: A systematic review of the literature and a call for more epidemiological studies,REZAEIAN,JOURNAL OF RESEARCH IN MEDICAL SCIENCES,NA,2013,NA,60
SuicideNatDisasters,Traumatic life events and problem solving skills in psychiatric outpatients: Relationships with suicidal behavior,AKOGLU;ESKIN;UYGUR,TURK PSIKIYATRI DERGISI,NA,2006,NA,25
TurningIn,American Mirage,KIM,AMERICAN MIRAGE: How Reality TV upholds the Myth of Meritocracy,NA,2025,NA,0
TurningIn,Pictures in Our Head,KIM,AMERICAN MIRAGE: How Reality TV upholds the Myth of Meritocracy,NA,2025,NA,0
WorldsApart,A meta-analysis of genetically modified food valuation studies,JAMAL;KURLANDER;LUSK;ROUCAN;TAULMAN,JOURNAL OF AGRICULTURAL AND RESOURCE ECONOMICS,NA,2005,NA,263
WorldsApart,European preferences for beef steak attributes,BIERE;FOX;SCHROEDER;TONSOR,JOURNAL OF AGRICULTURAL AND RESOURCE ECONOMICS,NA,2005,NA,94
ECigUse,Combating the menace of indoor air pollution for sustainability,KUMAR;SINGH,NA,NA,2022,NA,0
HypertensionGuidelines,"Could intensive anti-hypertensive therapy produce the ""J-curve effect"" in patients with Coronary Artery Disease and hypertension after revascularization?",LU,European Review for Medical and Pharmacological Sciences,NA,2016,NA,4
HypertensionGuidelines,Systolic pressure in wound scarring,DE;GODOY,Giornale di Chirurgia,NA,2014,NA,0
HypertensionGuidelines,Randomized Trial of Epidural Injections for Spinal Stenosis Published in The New England Journal of Medicine: Further Confusion Without Clarification,BENYAMIN;BOSWELL;CANDIDO;FALCO;GHARIBO;HIRSCH;KAYE;MANCHIKANTI,Pain Physician,NA,2014,NA,42
MarijuanaUse,Family background and socio-demographic correlates of cannabis use: A cross-sectional survey of university students in Botswana,AMONE;OLAK;P;TOTENG,African Journal of Drug and Alcohol Studies,NA,2019,NA,2
MarijuanaUse,Negative life events and mental health problem: The importance of coping strategy,ARSHAT;FAM;HASBULLAH;JUHARI;YAACOB,Pertanika Journal of Social Sciences and Humanities,NA,2019,NA,10
MarijuanaUse,Legalization and the effect on youth: Articulating a clear and effective marijuana policy,MILLER,NA,NA,2016,NA,0
NonmetroRole,"Gender, Work, and Harness Racing: Fast Horses and Strong Women in Southwestern Pennsylvania",LARSEN,NA,NA,2014,NA,0
SchoolSocialBonds,Bullying and LGBTQ+ Students: A Call to Redefine the Problem,PAYNE;SMITH,NA,NA,2025,NA,0
SchoolSocialBonds,PUBLIC AND PRIVATE EDUCATION IN AMERICA: Examining the Facts,COBB;GLASS,NA,NA,2021,NA,0
SchoolSocialBonds,The stewart retractions: A quantitative and qualitative analysis,PICKETT,Econ Journal Watch,NA,2020,NA,12
SchoolSocialBonds,"A multilevel analysis of the relationships among communal school organization, student bonding, and delinquency",PAYNE,NA,NA,2017,NA,0
SchoolSocialBonds,"Compensating, mediating, and moderating effects of school climate on academic achievement gaps in Israel",ARTZI;ASTOR;BEN;BENBENISHTY;BERKOWITZ;GLICKMAN;LIPSHTAT;RAZ,Teachers College Record,NA,2015,NA,39
SchoolSocialBonds,Youth and school violence: An epidemiological criminology perspective,CROSBY;HALL;PARKS,NA,NA,2014,NA,0
SchoolSocialBonds,"Factors associated with Islamic behavior among Thai Muslim youth in the three Southern Border Provinces, Thailand",LAEHEEM,Kasetsart Journal - Social Sciences,NA,2014,NA,12
SchoolSocialBonds,"Misbehavior, suspensions, and security measures in high school: Racial/ethnic and gender differences",FINN;SERVOSS,Journal of Applied Research on Children,NA,2014,NA,60
SchoolSocialBonds,Education in the best interests of the child: A children’s rights perspective on closing the achievement gap,COVELL;HOWE,NA,NA,2013,NA,16
SchoolSocialBonds,"School rules: Obedience, discipline, and elusive democracy",RABY,NA,NA,2012,NA,28
SchoolSocialBonds,"Countering disadvantage, promoting health: The value of children's human rights education",BRIAN;COVELL;HOWE,Journal of Educational Thought,NA,2011,NA,5
SchoolSocialBonds,"The effects of school bonds, discipline techniques in school and victimization on delinquency of high school students",ITO;LU;NAL;RE;UKUR,NA,NA,2011,NA,16
SchoolSocialBonds,Environmental and personal variables predicting school bullying: A study with Mexican adolescents,ARMENTA;AS;FONLLEM;FR;FRAIJO;SING;TAPIA;VERDUGO,NA,NA,2011,NA,0
SchoolSocialBonds,Homeroom security: School discipline in an age of fear,KUPCHIK,NA,NA,2010,NA,379
SuicideNatDisasters,Dimensions of community mental health preparedness of disasters in Iran,EBADI;KHANKEH;RESCHKE;ROUDINI;STUECK;WITRUK,NA,NA,2019,NA,0
SuicideNatDisasters,"Characterization of suicide in adolescents in the Quindio Department, Colombia, 1989-2013; Caracterización del suicidio en adolescentes del Departamento de Quindío. Colombia, 1989-2013",CARDONA;DUQUE;MEDINA;NCHEZ;OSPINA;P;REZ;S,Revista Habanera de Ciencias Medicas,NA,2017,NA,4
SuicideNatDisasters,Community emergency department utilization following a natural disaster (the Goderich Tornado),APPAVOO;APPAVOO;FLYNN;KHEMLIN,Rural and Remote Health,NA,2016,NA,2
SuicideNatDisasters,Suicide and disasters,DEU;EVI;EVSKI;I;I;LE;MILOVAN;PEJOVI;TO,NA,NA,2012,NA,0
SuicideNatDisasters,Mental health in the wake of flooding in Pakistan: An ongoing humanitarian crisis,BAQIR;BEG;BHAM;BHAMANI;FISTEIN;SOBANI,Journal of the College of Physicians and Surgeons Pakistan,NA,2012,NA,8
SuicideNatDisasters,Floods and drowning incidents by floods,TURGUT;TURGUT,World Applied Sciences Journal,NA,2012,NA,8
SuicideNatDisasters,They also serve who only stand and wait: Suicide in wartime civilian populations,BARR,NA,NA,2011,NA,0
SuicideNatDisasters,Major depressive disorder in children and adolescents; Trastorno depresivo mayor en niños y adolescentes,A;A;ACU;GARC;MU;OZ;P;P;REZ;REZ;RIVERA;SOTO;VEGA,Revista Mexicana de Neurociencia,NA,2011,NA,0
SuicideNatDisasters,"Comorbid features of suicidal behavior, depression and alcohol abuse",GANZ;SHER,NA,NA,2010,NA,1
SuicideNatDisasters,Post-traumatic stress disorder among senior victims of tsunami-affected areas in southern Sri Lanka,AMARASINGHE;AOYAGI;HAYAKAWA;HONDA;NOMURA,Acta Medica Nagasakiensia,NA,2010,NA,8
SuicideNatDisasters,Resilience training for functioning adults: Program description and preliminary findings from a pilot investigation,BROWN;JACKSON;JORDAN;SCHIRALDI,International Journal of Emergency Mental Health,NA,2010,NA,15
SuicideNatDisasters,They also serve who only stand and wait: Suicide in wartime civilian populations,BARR,NA,NA,2010,NA,0
SuicideNatDisasters,Category 5: The story of camille lessons unlearned from America's most violent hurricane,HOWARD;ZEBROWSKI,NA,NA,2010,NA,18
SuicideNatDisasters,Introduction,FORDHAM;PHILLIPS,NA,NA,2009,NA,14
SuicideNatDisasters,Suicidal behavior in adolescents with comorbid depression and alcohol abuse,GANZ;SHER,Minerva Pediatrica,NA,2009,NA,33
SuicideNatDisasters,Post traumatic responses in disasters: A community perspective,LAHAD,NA,NA,2008,NA,5
SuicideNatDisasters,Epidemiological approaches to disasters and emergencies within the Middle East region,REZAEIAN,Middle East Journal of Emergency Medicine,NA,2007,NA,2
SuicideNatDisasters,Traumatic life events and problem solving skills in psychiatric outpatients: Their relationships with suicidal behavior,AKO;ESKIN;LU;UYGUR,Turk Psikiyatri Dergisi,NA,2006,NA,19
SuicideNatDisasters,Years of potential life of residents among different flood areas in Hunan province,LI;LI;LIU;SUN;TAN;YANG;ZHOU,Journal of Central South University (Medical Sciences),NA,2005,NA,0
SuicideNatDisasters,Flood risk analysis: Concepts and challenges; Hochwasserrisikoanalyse: Konzepte und herausforderungen,MERZ;THIEKEN,Osterreichische Wasser- und Abfallwirtschaft,NA,2004,NA,64
SuicideNatDisasters,Letter from Croatia [2],GRUBI;GRUBI;I;I;I;I;ILI;KOVA;KOVA;KOZARI,National Medical Journal of India,NA,2002,NA,7
SuicideNatDisasters,Psychological and psychiatric intervention in emergencies. A psychosocial model of management; Intervención psicológica y psiquiátrica en emergencias. Propuesta de un modelo de actuación,A;CASAUS;GARC;MORA;NA;P;PUIGDEVALL;RIBAS;UGAS,Revista de Psiquiatria de la Facultad de Medicina de Barcelona,NA,2002,NA,3
SuicideNatDisasters,Human impacts of earthquakes,SELIGSON;SHOAF,NA,NA,2002,NA,6
SuicideNatDisasters,Posttraumatic stress disorder and suicidality; Posttraumatski stresni poremećaj i suicidalnost,BEGI;I;KOSANOVI;RAJA,Socijalna Psihijatrija,NA,2002,NA,2
SuicideNatDisasters,Effects of earthquakes on health,LIN,Taiwan Journal of Public Health,NA,2001,NA,1
SuicideNatDisasters,Factors associated with depressive symptoms among the elderly living alone in a village of 921 earthquake disaster areas,CHEN;TSAI;TSAI,Tzu Chi Medical Journal,NA,2001,NA,1
SuicideNatDisasters,Effects of weather on incidence of attempted suicide by carbon monoxide poisoning,DUNFORD;GELTZER;GELTZER;HAMPSON,Undersea and Hyperbaric Medicine,NA,2000,NA,7
SuicideNatDisasters,Australian disaster triage: A colour maze in the Tower of Babel,GAMER;NOCERA,Australian Journal of Emergency Management,NA,2000,NA,0
SuicideNatDisasters,"Evaluación de los efectos sanitarios a medio y largo plazo del terremoto de Hanshin Awaji de Kobe, Japón",A;MART;MOLINA;MU;NEZ;OCA;OZ,Medicina Clinica,NA,1999,NA,0
SuicideNatDisasters,Disaster epidemiology,GDALEVICH;MIMOUNI;SHPILBERG,Harefuah,NA,1998,NA,0
SuicideNatDisasters,The tyranny and triumph of distance: Disaster response planning for decentralised mental health services,HODGES,Australian Journal of Emergency Management,NA,1998,NA,0
WorldsApart,U.S. Adult Attitudes about Biotechnology and Risk Aversion to Gene Editing,DYMENT;FOLTA;MCFADDEN;RUMBLE;STOFER,AgBioForum,NA,2023,NA,2
WorldsApart,Societal support for remediation technologies,HOU;PRIOR,NA,NA,2020,NA,0
WorldsApart,Sikap pihak berkepentingan terhadap kecukupan peraturan dalam undang-undang biokeselamatan di Malaysia,AMIN;IBRAHIM;MAHADI;RUSLY;SIDIK;ZAINOL,Malaysian Applied Biology,NA,2019,NA,0
WorldsApart,Breeding and welfare: Genetic manipulation of beef and dairy cattle,BAZER;DAIGLE;HERRING,NA,NA,2018,NA,0
WorldsApart,Economics of agricultural biotechnology,GORDON;SCHMITZ;WESSELER;ZILBERMAN,NA,NA,2018,NA,2
WorldsApart,Consumer perception of health risks associated to genetically modified organisms,BARBU;FLORESCU;ILEANU;MIHALACHE;ORZAN;PRICOP;R,NA,NA,2018,NA,0
WorldsApart,Biotechnology: Commodifying life,WARF,NA,NA,2017,NA,1
WorldsApart,Issues and methods in consumer-led development of foods processed by innovative technologies,CARDELLO;WRIGHT,NA,NA,2016,NA,7
WorldsApart,Moratorium on genetically modified brinjal in India: Is evidence-based policy making an adequate framework?,HARIBABU;KALLE,Asian Biotechnology and Development Review,NA,2016,NA,2
WorldsApart,The Politics of Perfection: Technology and Creation in Literature and Film,HALE,NA,NA,2016,NA,5
WorldsApart,The competing policy paradigms of agricultural biotechnology: Implications and Opportunities for emerging and developing economies,GRAFF;HOCHMAN;SUNTHARALINGAM;ZILBERMAN,AgBioForum,NA,2015,NA,3
WorldsApart,Chinese consumers' choice for genetically modified (GM) food: Implications for food risk policy in China,CHEN;KIM,Actual Problems of Economics,NA,2013,NA,2
WorldsApart,Attitudes towards GM food in Romania. a moral question?; Atitudini faţǎ de alimentele modificate genetic în România. O problemǎ moralǎ?,NISTOR,Revista Romana de Bioetica,NA,2012,NA,5
WorldsApart,The human-animal boundary in Switzerland: A cross-cultural perspective,ROTEN;VON,NA,NA,2012,NA,4
WorldsApart,The social representation of risk: A quali-quantitative analysis of its dimensions and structure; La rappresentazione sociale del rischio: Un'analisi quali-quantitativa delle sue dimensioni e della sua struttura,VECCHIO;VELASCO,Psicologia della Salute,NA,2012,NA,3
WorldsApart,"Climate change, carbon dioxide and global crop production: Food security and uncertainty",ZISKA,NA,NA,2011,NA,13
WorldsApart,News reporting about genetically modified organisms in the context of different journalistic ideologies,ERJAVEC;I;KOVA,Medijska Istrazivanja,NA,2011,NA,2
WorldsApart,The Effects of Framing on Consumers' Choice of GM Foods,HEIMAN;ZILBERMAN,AgBioForum,NA,2011,NA,19
WorldsApart,Explaining the diverging regulatory approaches to risk regulation between Canada and the EU: The case of genetically modified food labeling,BOGNAR,NA,NA,2011,NA,1
WorldsApart,Transnational transgenes: The political ecology of maize in Mexico,MERCER;WAINWRIGHT,NA,NA,2010,NA,12
WorldsApart,Innovation and liability in biotechnology: Transnational and comparative perspectives,ENDRES;KERSHEN;REDICK;SMYTH,NA,NA,2010,NA,12
WorldsApart,Gene transfer: Technical visions and emotional perceptions,MARTINELLI,NA,NA,2010,NA,7
WorldsApart,Policy gridlock or future change? The political economy dynamics of EU biotechnology regulation,SWINNEN;VANDEMOORTELE,AgBioForum,NA,2010,NA,16
WorldsApart,Risk perception about GMOs and food choices among adolescents attending secondary schools: A tuscan case,BASSETTI;BONACCORSI;COMODO;LEVI;LORINI;SABATINI,Italian Journal of Food Science,NA,2010,NA,2
WorldsApart,The political economy of agricultural biotechnology policies,GRAFF;HOCHMAN;ZILBERMAN,AgBioForum,NA,2009,NA,66
WorldsApart,Knowledge and acceptance of genetically modified foods among consumers in the IXth Region of Chile; Conocimiento y aceptación de alimentos genéticamente modificados en consumidores de la IX Región de Chile,BRAVO;FUENTES;LVEDA;RUIZ;SCHNETTLER;SEP,Idesia,NA,2009,NA,3
WorldsApart,American generation of environmental warnings: Avian influenza and global warming,MAZUR,Human Ecology Review,NA,2009,NA,49
WorldsApart,Public policy and endogenous beliefs: The case of genetically modified food,LUSK;ROZAN,Journal of Agricultural and Resource Economics,NA,2008,NA,38
WorldsApart,Differentiated perception of transgenic tomato sauce in the southern Chile; Percepción diferenciada de salsa de tomate transgénica en el sur de Chile,BRAVO;CORIA;DENEGRI;FUENTES;LVEDA;RUIZ;SCHNETTLER;SEP,Archivos Latinoamericanos de Nutricion,NA,2008,NA,4
WorldsApart,The political economy of intellectual property: Re-examining European policy on plant biotechnology,GRAFF;ZILBERMAN,NA,NA,2007,NA,10
WorldsApart,German reactions to genetic engineering in food production,PETERS;SAWICKA,NA,NA,2007,NA,9
WorldsApart,The role of the public academic scientist in the twenty-first century: Who is protecting the public interest?,MCHUGHEN,NA,NA,2007,NA,0
WorldsApart,"Preferences of Turkish people for irradiated, GM or organic foods",DEMIRKOL;LU;MEHMETO,"Journal of Food, Agriculture and Environment",NA,2007,NA,14
WorldsApart,Strategies to assure adequate scientific outputs by developing countries - A scientometric evaluation of Brazilian PADCT as a case study,BARRETO;CASTRO;DE,Cybermetrics,NA,2005,NA,0
WorldsApart,From the perception to the representation of risks: The media-mind link; De la perception à la représentation du risque: Le rôle des médias,JOFFE,HERMES (France),NA,2005,NA,17
WorldsApart,Differential effects of perceived and objective knowledge measures on perceptions of biotechnology,KNIGHT,AgBioForum,NA,2005,NA,18
WorldsApart,A meta-analysis of genetically modified food valuation studies,JAMAL;KANE;KURLANDER;LUSK;ROUCAN;TAULMAN,Journal of Agricultural and Resource Economics,NA,2005,NA,329
WorldsApart,Risk perceptions of urban Italian and United States consumers for genetically modified foods,BOCCALETTI;HARRISON;HOUSE;WES,AgBioForum,NA,2004,NA,40
WorldsApart,Objective and subjective knowledge: Impacts on consumer demand for genetically modified foods in the United States and the European Union,HOUSE;JAEGER;LUSK;MOORE;MORROW;TRAILL;VALLI;YEE,AgBioForum,NA,2004,NA,181
WorldsApart,"Awareness and acceptance of biotechnology issues among youth, undergraduates, and adults",EGGER;FRITZ;HUSMANN;RUTHERFORD;WADHWA;WINGENBACH,AgBioForum,NA,2004,NA,16
WorldsApart,Consumer acceptance of nutritionally enhanced genetically modified food: Relevance of gene transfer technology,NAYGA;ONYANGO,Journal of Agricultural and Resource Economics,NA,2004,NA,48
WorldsApart,"Genetically modified organisms in food - Production, detection and risks; Genetički preinačeni organizmi u hrami - Proizvodnja, detekcija I moguće opasnosti",ELJ;I,Arhiv za Higijenu Rada i Toksikologiju,NA,2004,NA,3
WorldsApart,Agricultural biotechnology training for extension educators,BYRNE;FRITZ;HARMS;NAMUTH;WARD,Journal of Extension,NA,2004,NA,1
WorldsApart,The biotechnological food revolution: Exploring the governance issues,ROBINSON;THORPE,"International Journal of Agricultural Resources, Governance and Ecology",NA,2004,NA,1
WorldsApart,Genetically Modified Foods: Shared Risk and Global Action,BRAY,NA,NA,2003,NA,11
WorldsApart,Assessing public support for biotechnology in South Africa,POURIS,South African Journal of Science,NA,2003,NA,7
WorldsApart,New frontiers for food processing: The impact of changes in agrobiotechnology,QUINTERO,NA,NA,2002,NA,0
WorldsApart,Perceptions of biotechnology risks in the European Union: Trusting ‘the public’ for science policy making,COSTA;MOSSIALOS,Pharmaceuticals Policy and Law,NA,2002,NA,2
WorldsApart,Agricultural Biotechnology and Societal Decision-making: The Role of Risk Analysis,PETERSON;WOLT,AgBioForum,NA,2000,NA,35
WorldsApart,"Consumers, agriculture, food quality and food safety: An analysis of consumer questions and of the answers put forward; Les consommateurs, l'agriculture, la qualité et la sécurité des aliments: Une analyse du questionnement des consommateurs et des réponses apportées",BONNY,Productions Animales,NA,2000,NA,3
WorldsApart,Labeling of rDNA Biotechnology-Derived Foods the Institute of Food,NA,Food Technology,NA,2000,NA,9
WorldsApart,Europe the spoil-sport: On the Europeans' reluctance towards genetically modified food,E;JELS;LASSEN;NIELSEN;RUSANEN;TORGERSEN,Journal of Biolaw and Business,NA,2000,NA,8
